ledger_id,vin,month_date,customer_id,model_id,principal_amount,interest_amount,year_model,collateral
16246,3N1CN8AE4SK603801,2026-02-01,,704,369485.38,1275.41,2025,DEMO 
16247,MDHBD0FA7SG001802,2026-02-01,,677,409081.98,687.87,2025,DEMO 
16248,MDHBD0FA6SG001919,2026-02-01,,677,409081.98,1434.04,2025,DEMO 
16249,5N1DR3MN5RC314054,2026-02-01,,686,1041332.59,4065.88,2024,DEMO 
16250,MNTFP5CP0S6017675,2026-02-01,,672,541168.49,4322.73,2025,NUEVO 
16251,3N8AP6HE1SL418029,2026-02-01,,672,538755.68,3031.40,2025,DEMO 
16252,3N8AP6HE5SL419913,2026-02-01,,672,506464.76,2879.39,2025,DEMO 
16253,JN8CT3MT5SW011008,2026-02-01,,706,847816.33,4770.38,2025,DEMO 
16254,3N1AB8AE1SY349610,2026-02-01,,694,426000.20,1498.10,2025,NUEVO 
16255,MNTFP5CP8S6018234,2026-02-01,,672,561293.32,2357.43,2025,NUEVO 
16256,3N1AB8AE9SY351329,2026-02-01,,694,407219.80,194.49,2025,NUEVO 
16257,MNTFP5CPXS6018090,2026-02-01,,672,541168.48,454.58,2025,NUEVO 
16258,3N1CN8AE1SK619857,2026-02-01,,704,343766.65,2695.13,2025,NUEVO 
16259,3N8AP6HEXSL421804,2026-02-01,,672,538755.69,3092.46,2025,DEMO 
16260,3N8CP5HE1SL490254,2026-02-01,,672,429415.24,2626.83,2025,DEMO 
16261,3N8CP5HE8SL492017,2026-02-01,,672,429415.24,2614.89,2025,DEMO 
16262,JN8AT3MT7TW054953,2026-02-01,,706,706716.89,3772.93,2026,DEMO 
16263,3N8CP5HE8SL488016,2026-02-01,,672,429415.25,294.89,2025,NUEVO 
16264,3N8CP5HE0SL492271,2026-02-01,,672,398683.36,609.65,2025,NUEVO 
16265,3N1CN8AE0SK618358,2026-02-01,,704,343766.65,2389.66,2025,NUEVO 
16266,3N1CN8AE4SK617536,2026-02-01,,704,328550.93,2688.28,2025,NUEVO 
16267,3N8CP5HE5SL492380,2026-02-01,,672,398683.37,3262.12,2025,NUEVO 
16268,JN8AT3MT6TW054961,2026-02-01,,706,706716.89,3144.10,2026,DEMO 
16269,3N1CN8AE6NL856181,2026-02-01,,704,218800.00,183.85,2022,SEMINUEVOS 
16270,3N1CN8AEXSK627553,2026-02-01,,704,343766.64,2941.11,2025,NUEVO 
16271,3N8CP5HE0SL496370,2026-02-01,,672,398683.37,3410.96,2025,NUEVO 
16272,3N6AD33A2SK836822,2026-02-01,,663,659969.56,5400.02,2025,NUEVO 
16273,3N6AD33BXSK841291,2026-02-01,,663,687094.21,5819.69,2025,NUEVO 
16274,3N1CN8AE5PL858619,2026-02-01,,704,218400.00,261.35,2023,SEMINUEVOS 
16275,3N1AB8AE9SY390521,2026-02-01,,694,426000.21,347.94,2025,DEMO 
16276,3N1CK3CE3SL214439,2026-02-01,,678,308832.09,252.24,2025,DEMO 
16277,MDHBD0FA3SG020637,2026-02-01,,677,352728.81,2987.61,2025,NUEVO 
16278,MNTFP5CP1S6019385,2026-02-01,,672,567419.29,463.44,2025,DEMO 
16279,JN1BE6DS4S9121656,2026-02-01,,701,645301.69,585.61,2025,NUEVO 
16280,3N1CN8AE2PL861137,2026-02-01,,704,216900.00,389.70,2023,SEMINUEVOS 
16281,JN1BE6DS4L9036916,2026-02-01,,683,376400.00,1289.80,2020,SEMINUEVOS 
16282,MEX6A2604NT024356,2026-02-01,,687,177700.00,329.83,2022,SEMINUEVOS 
16283,3N6AD33A8SK844018,2026-02-01,,663,662512.60,4558.64,2025,NUEVO 
16284,3N8CP5HE0SL501244,2026-02-01,,672,398683.37,238.55,2025,NUEVO 
16285,3N1CN8AE9SK632369,2026-02-01,,704,361666.61,2522.71,2025,NUEVO 
16286,3N6AD33A6SK843059,2026-02-01,,663,662512.61,2975.79,2025,NUEVO 
16287,3N8CP5HE4SL501201,2026-02-01,,672,398683.37,3342.74,2025,NUEVO 
16288,3N8CP5HE0SL504001,2026-02-01,,672,398683.37,3342.74,2025,NUEVO 
16289,3N6AD33B6SK847167,2026-02-01,,663,689636.88,5514.03,2025,NUEVO 
16290,MDHBD0FA1SG020717,2026-02-01,,677,392658.33,308.88,2025,NUEVO 
16291,JN8CT3MT6TW011522,2026-02-01,,706,852216.03,6813.94,2026,NUEVO 
16292,3N1AB8AE9SY417846,2026-02-01,,694,375550.64,1767.93,2025,NUEVO 
16293,3N1CK3CE0SL220652,2026-02-01,,678,285561.33,387.09,2025,NUEVO 
16294,JN1BE6DS3S9122216,2026-02-01,,701,652953.04,4288.45,2025,NUEVO 
16295,JN1BE6DSXL9036130,2026-02-01,,683,374300.00,1844.62,2020,SEMINUEVOS 
16296,3N6AD33A7PK817447,2026-02-01,,663,489900.00,2414.32,2023,SEMINUEVOS 
16297,3N1CN8AE4SK635034,2026-02-01,,704,329447.60,351.04,2025,FLOTILLA 
16298,3N1CN8AE1SK633712,2026-02-01,,704,329447.60,263.28,2025,FLOTILLA 
16299,3N1AB8AE6SY417979,2026-02-01,,694,394413.40,1802.03,2025,NUEVO 
16300,3N1CK3CE1SL219770,2026-02-01,,678,285561.32,387.09,2025,NUEVO 
16301,3N1CK3CE2SL220281,2026-02-01,,678,285561.32,2090.31,2025,NUEVO 
16302,3N1CK3CE4SL221223,2026-02-01,,678,285561.33,380.35,2025,NUEVO 
16303,3N1CK3CE2SL220247,2026-02-01,,678,285561.33,380.35,2025,NUEVO 
16304,3N1CK3CE0SL221753,2026-02-01,,678,285561.33,304.28,2025,NUEVO 
16305,3N1CN8AE1SK637369,2026-02-01,,704,346452.05,2584.15,2025,NUEVO 
16306,MDHBD0FA8SG029091,2026-02-01,,677,352728.81,2677.60,2025,NUEVO 
16307,9BHCP4AC5PP430534,2026-02-01,,665,225400.00,180.13,2023,SEMINUEVOS 
16308,3N1CN8AE2SK632925,2026-02-01,,704,343766.65,2380.97,2025,FLOTILLA 
16309,3N1AB8AE3SY349124,2026-02-01,,694,426000.21,2837.04,2025,NUEVO 
16310,3N1CN8AE7SK635531,2026-02-01,,704,346452.05,2307.27,2025,NUEVO 
16311,MNTFP5CP1S6019287,2026-02-01,,672,536794.12,3669.88,2025,FLOTILLA 
16312,JN8CT3MT9TW011062,2026-02-01,,706,771255.10,4707.87,2026,FLOTILLA 
16313,3N6AD33A8SK847503,2026-02-01,,663,439774.05,2684.45,2025,FLOTILLA 
16314,3N6AD33A6SK847600,2026-02-01,,663,439774.04,3006.59,2025,NUEVO 
16315,3N1AB8AE9SY425350,2026-02-01,,694,409779.93,1506.90,2025,NUEVO 
16316,3N1CK3CE6SL220106,2026-02-01,,678,285561.32,285.53,2025,NUEVO 
16317,3N1CN8AE6SL892514,2026-02-01,,704,346452.04,2584.15,2025,NUEVO 
16318,3N8CP5HE3SL501724,2026-02-01,,672,398683.37,349.69,2025,NUEVO 
16319,JN1BE6DS3S9122961,2026-02-01,,701,696393.89,2732.83,2025,NUEVO 
16320,3N8AP6HE4TL325958,2026-02-01,,672,482601.24,3588.98,2026,NUEVO 
16321,JN8CT3MT2RW002521,2026-02-01,,706,560200.00,2975.01,2024,SEMINUEVOS 
16322,MEX5A2600MT150112,2026-02-01,,703,152000.00,222.68,2021,SEMINUEVOS 
16323,3N1AB8AE4SY419083,2026-02-01,,694,409779.92,336.20,2025,NUEVO 
16324,3N1CN7AE5SK416173,2026-02-01,,702,275746.56,15.24,2025,NUEVO 
16325,3N1CN8AE9SL891907,2026-02-01,,704,346452.04,2283.99,2025,NUEVO 
16326,3N6AD33A3TK805953,2026-02-01,,663,662512.60,4529.38,2026,NUEVO 
16327,3N6AD33A5TK805419,2026-02-01,,663,582836.84,1423.09,2026,NUEVO 
16328,3N8AP6HE7TL344049,2026-02-01,,672,506464.76,539.67,2026,NUEVO 
16329,3N8AP6HE9TL342450,2026-02-01,,672,506464.76,3777.66,2026,NUEVO 
16330,3N8AP6HEXTL328637,2026-02-01,,672,482601.24,3299.38,2026,NUEVO 
16331,3N8AP6HE8TL341869,2026-02-01,,672,482601.24,2945.88,2026,NUEVO 
16332,1N4AL4AP9PN393904,2026-02-01,,650,403000.00,2041.78,2023,SEMINUEVOS 
16333,MNTFP5CP2T6019915,2026-02-01,,672,575294.52,3933.10,2026,NUEVO 
16334,MNTFP5CP0T6020108,2026-02-01,,672,554293.88,3789.52,2026,NUEVO 
16335,MNTFP5CP7T6019697,2026-02-01,,672,575294.52,3933.10,2026,NUEVO 
16336,MNTFP5CP4T6020435,2026-02-01,,672,554293.88,3789.52,2026,NUEVO 
16337,3N1CK3CE2SL222337,2026-02-01,,678,285561.33,348.62,2025,NUEVO 
16338,3N1CK3CE5SL222218,2026-02-01,,678,285561.33,348.62,2025,NUEVO 
16339,3N6AD33AXTK805948,2026-02-01,,663,662512.60,4529.38,2026,NUEVO 
16340,3N6AD33B0TK803120,2026-02-01,,663,689636.88,4041.27,2026,NUEVO 
16341,3N6AD33B9TK805853,2026-02-01,,663,689636.89,4714.82,2026,NUEVO 
16342,3N6AD31A9TK806141,2026-02-01,,682,439774.05,3006.59,2026,NUEVO 
16343,JN8CT3MT0TW011841,2026-02-01,,706,852216.04,752.90,2026,NUEVO 
16344,3N8AP6HE6TL344351,2026-02-01,,672,506464.77,3462.53,2026,NUEVO 
16345,3N8AP6HE7TL345976,2026-02-01,,672,506464.77,3462.53,2026,NUEVO 
16346,3N8AP6HE7TL341961,2026-02-01,,672,482601.25,3299.38,2026,NUEVO 
16347,3N8AP6HE9TL345932,2026-02-01,,672,538755.69,1374.40,2026,NUEVO 
16348,MDHBD0FA5SG009266,2026-02-01,,677,392658.33,900.73,2025,NUEVO 
16349,JN1BE6DS6N9042073,2026-02-01,,683,438700.00,2872.42,2022,SEMINUEVOS 
16350,JN1BE6DSXM9040308,2026-02-01,,683,404600.00,2576.23,2021,SEMINUEVOS 
16351,JN1BE6DS6L9036626,2026-02-01,,683,372600.00,1432.44,2020,SEMINUEVOS 
16352,LSGKB5417NV057698,2026-02-01,,656,205200.00,1343.56,2022,SEMINUEVOS 
16353,VF1HR2NB8PC382526,2026-02-01,,673,292300.00,1913.85,2023,SEMINUEVOS 
16354,MNTFP5CP2T6020093,2026-02-01,,672,544669.37,1177.85,2026,FLOTILLA 
16355,3N1CN8AEXSL890474,2026-02-01,,704,346452.05,247.14,2025,NUEVO 
16356,3N1CN8AE2SL890453,2026-02-01,,704,346452.05,247.14,2025,NUEVO 
16357,3N1CN8AE7SL892912,2026-02-01,,704,346452.05,2306.60,2025,NUEVO 
16358,3N1CN8AEXSL892838,2026-02-01,,704,346452.05,2306.60,2025,NUEVO 
16359,3N8AP6HE3TL354061,2026-02-01,,672,506464.76,1806.39,2026,FLOTILLA 
16360,3N1CN8AE5SL891743,2026-02-01,,704,346452.05,2306.60,2025,FLOTILLA 
16361,3N1CN8AE9SL893057,2026-02-01,,704,346452.05,2306.60,2025,FLOTILLA 
16362,3N1CN8AE6SL893534,2026-02-01,,704,346452.05,2306.60,2025,FLOTILLA 
16363,3N1CN8AE5SL893637,2026-02-01,,704,346452.05,2141.84,2025,FLOTILLA 
16364,3N1CN8AE1SL890542,2026-02-01,,704,346452.05,2306.60,2025,FLOTILLA 
16365,3N1CN8AE2SL893319,2026-02-01,,704,346452.05,2306.60,2025,FLOTILLA 
16366,3N1CN8AE1SL893831,2026-02-01,,704,346452.05,2306.60,2025,FLOTILLA 
16367,3N1CN8AE3SL891725,2026-02-01,,704,346452.05,2059.47,2025,FLOTILLA 
16368,3N1CN8AE7SL893459,2026-02-01,,704,346452.05,2306.60,2025,FLOTILLA 
16369,3N1CN8AE4SL890549,2026-02-01,,704,346452.05,2059.47,2025,FLOTILLA 
16370,3N1CN8AE4SL890695,2026-02-01,,704,346452.05,2059.47,2025,FLOTILLA 
16371,3N1CN8AE1SL890623,2026-02-01,,704,346452.05,2306.60,2025,FLOTILLA 
16372,3N1CN8AE5SL890575,2026-02-01,,704,346452.05,2306.60,2025,FLOTILLA 
16373,3N1CN8AEXSL891740,2026-02-01,,704,346452.05,2141.84,2025,FLOTILLA 
16374,3N1CN8AE1SL891948,2026-02-01,,704,346452.05,2306.60,2025,FLOTILLA 
16375,3N1CN8AE0SL890600,2026-02-01,,704,346452.05,2059.47,2025,FLOTILLA 
16376,3N1CN8AE6SL892464,2026-02-01,,704,346452.05,2306.60,2025,FLOTILLA 
16377,3N1CN8AE5SL892620,2026-02-01,,704,346452.05,2059.47,2025,FLOTILLA 
16378,3N1CN8AE4SL892589,2026-02-01,,704,346452.05,2306.60,2025,FLOTILLA 
16379,3N1CN8AEXSL890622,2026-02-01,,704,346452.05,2059.47,2025,FLOTILLA 
16380,3N1CN8AE6SL893226,2026-02-01,,704,346452.05,2306.60,2025,FLOTILLA 
16381,3N1CN8AE5SL893377,2026-02-01,,704,346452.05,2306.60,2025,FLOTILLA 
16382,3N1CN8AE0SL894078,2026-02-01,,704,346452.05,2141.84,2025,FLOTILLA 
16383,3N1CN8AE9SL893964,2026-02-01,,704,346452.05,2306.60,2025,FLOTILLA 
16384,3N1CN8AE9SL890563,2026-02-01,,704,346452.05,2141.84,2025,FLOTILLA 
16385,3N1CN8AE6SL896479,2026-02-01,,704,346452.05,2306.60,2025,FLOTILLA 
16386,3N1CN8AE6SL892304,2026-02-01,,704,346452.05,2306.60,2025,FLOTILLA 
16387,3N1CN8AE1SL892520,2026-02-01,,704,346452.05,2306.60,2025,FLOTILLA 
16388,3N1CN8AE6SL892934,2026-02-01,,704,346452.05,2141.84,2025,FLOTILLA 
16389,3N1CN8AE3SL892583,2026-02-01,,704,346452.05,2306.60,2025,FLOTILLA 
16390,3N1CN8AE2SL890551,2026-02-01,,704,346452.05,2059.47,2025,FLOTILLA 
16391,3N1CN8AE7SL890447,2026-02-01,,704,346452.05,2141.84,2025,FLOTILLA 
16392,3N1CN8AE3SL890493,2026-02-01,,704,346452.05,2306.60,2025,FLOTILLA 
16393,3N1CN8AE8SL892174,2026-02-01,,704,346452.05,2141.84,2025,FLOTILLA 
16394,3N1CN8AE7SL892120,2026-02-01,,704,346452.05,2059.47,2025,FLOTILLA 
16395,3N1CN8AE5SL892195,2026-02-01,,704,346452.05,2059.47,2025,FLOTILLA 
16396,3N1CN8AE0SL892024,2026-02-01,,704,346452.05,2059.47,2025,FLOTILLA 
16397,3N1CN8AE9SL892250,2026-02-01,,704,346452.05,2141.84,2025,FLOTILLA 
16398,3N1CN8AE6SL892366,2026-02-01,,704,346452.05,2141.84,2025,FLOTILLA 
16399,3N1CN8AE8SL892398,2026-02-01,,704,346452.05,2306.60,2025,FLOTILLA 
16400,JN6BE6CS2S9124177,2026-02-01,,701,548038.01,3648.72,2025,FLOTILLA 
16401,JN6BE6CS2S9124048,2026-02-01,,701,548038.01,3648.72,2025,FLOTILLA 
16402,JN6BE6CS9S9124063,2026-02-01,,701,548038.01,3648.72,2025,FLOTILLA 
16403,JN8CT3MT2TW012165,2026-02-01,,706,771255.11,4584.68,2026,FLOTILLA 
16404,JN6BE6CS9S9124158,2026-02-01,,701,548038.00,3648.72,2025,FLOTILLA 
16405,JN6BE6CS7S9124076,2026-02-01,,701,548038.00,3648.72,2025,FLOTILLA 
16406,JN6BE6CSXS9124069,2026-02-01,,701,548038.00,3648.72,2025,FLOTILLA 
16407,JN6BE6CS6S9124067,2026-02-01,,701,548038.00,3648.72,2025,FLOTILLA 
16408,JN6BE6CS4S9124133,2026-02-01,,701,548038.00,3648.72,2025,FLOTILLA 
16409,JN6BE6CSXS9124170,2026-02-01,,701,548038.01,3648.72,2025,FLOTILLA 
16410,JN8CT3MT3TW012112,2026-02-01,,706,771255.10,5134.85,2026,FLOTILLA 
16411,JN8CT3MT5TW012130,2026-02-01,,706,771255.10,5134.85,2026,FLOTILLA 
16412,JN8CT3MT7TW012162,2026-02-01,,706,771255.10,5134.85,2026,FLOTILLA 
16413,JN8CT3MT5TW012094,2026-02-01,,706,771255.10,5134.85,2026,FLOTILLA 
16414,JN6BE6CS3S9124169,2026-02-01,,701,548038.00,3648.72,2025,FLOTILLA 
16415,JN6BE6CS7S9124174,2026-02-01,,701,548038.00,3648.72,2025,FLOTILLA 
16416,JN8CT3MT0TW012133,2026-02-01,,706,771255.10,5134.85,2026,FLOTILLA 
16417,JN8CT3MT9TW012132,2026-02-01,,706,771255.10,4584.68,2026,FLOTILLA 
16418,JN8CT3MT4TW012135,2026-02-01,,706,771255.10,4584.68,2026,FLOTILLA 
16419,JN6BE6CS3S9124091,2026-02-01,,701,548038.00,3648.72,2025,FLOTILLA 
16420,JN6BE6CS5S9124089,2026-02-01,,701,548038.00,3648.72,2025,FLOTILLA 
16421,3N1CN8AE0SL898163,2026-02-01,,704,361666.60,2433.21,2025,NUEVO 
16422,3N6AD33A2TK806687,2026-02-01,,663,439774.05,1223.40,2026,NUEVO 
16423,3N6AD31A7TK808860,2026-02-01,,682,439774.04,2958.70,2026,NUEVO 
16424,3N6AD33A9TK806542,2026-02-01,,663,486208.85,3141.88,2026,NUEVO 
16425,MDHBD0FA1SG021222,2026-02-01,,677,352728.80,2020.60,2025,NUEVO 
16426,3N6AD33A8TK808170,2026-02-01,,663,439774.05,1722.70,2026,NUEVO 
16427,3N6AD33A9TK809926,2026-02-01,,663,439774.04,2958.70,2026,NUEVO 
16428,JN8CT3MTXTW011877,2026-02-01,,706,852216.04,5733.52,2026,NUEVO 
16429,3N8AP6HEXTL344529,2026-02-01,,672,506464.77,3407.38,2026,NUEVO 
16430,3N8CP5HE1SL505383,2026-02-01,,672,429415.25,93.79,2025,NUEVO 
16431,3N8CP5HE4SL506723,2026-02-01,,672,429415.24,1866.58,2025,NUEVO 
16432,3N8AP6HE6TL345483,2026-02-01,,672,506464.76,3407.38,2026,NUEVO 
16433,3N8AP6HE6TL342681,2026-02-01,,672,482601.24,3246.83,2026,NUEVO 
16434,3N8AP6HE2TL343603,2026-02-01,,672,482601.24,3246.83,2026,NUEVO 
16435,3N8AP6HE4TL344932,2026-02-01,,672,482601.24,3246.83,2026,NUEVO 
16436,3N8AP6HE9TL352640,2026-02-01,,672,506464.76,3407.38,2026,NUEVO 
16437,LMWDT1G85N1112979,2026-02-01,,671,247400.00,1433.87,2022,SEMINUEVOS 
16438,93YHSCCX0PJ283673,2026-02-01,,659,238400.00,1587.21,2023,SEMINUEVOS 
16439,JN8BT27T2MW129327,2026-02-01,,706,236400.00,899.37,2021,SEMINUEVOS 
16440,3N1CK3CE1SL224256,2026-02-01,,678,265870.33,1390.80,2025,FLOTILLA 
16441,3N1CN8AE8SL898251,2026-02-01,,704,361666.60,288.33,2025,NUEVO 
16442,VF1LZ12TXHC305353,2026-02-01,,662,132500.00,882.16,2017,SEMINUEVOS 
16443,3N8AP6HE6TL354944,2026-02-01,,672,506464.76,118.62,2026,NUEVO 
16444,3N6AD35A2TK810090,2026-02-01,,682,438905.20,1054.59,2026,FLOTILLA 
16445,MDHBD0FAXSG028556,2026-02-01,,677,352728.80,2630.96,2025,NUEVO 
16446,MDHBD0FA5SG026259,2026-02-01,,677,352728.81,2308.05,2025,NUEVO 
16447,JN8CT3MT5TW011480,2026-02-01,,706,852216.03,5528.75,2026,NUEVO 
16448,JN8CT3MT6TW011987,2026-02-01,,706,852216.03,204.77,2026,NUEVO 
16449,MDHBD0FA1SG025139,2026-02-01,,677,392658.32,401.38,2025,NUEVO 
16450,MNTFP5CP5R6007007,2026-02-01,,672,375000.00,2496.67,2024,SEMINUEVOS 
16451,3N6CD33B0TK813087,2026-02-01,,663,534522.58,3558.73,2026,NUEVO 
16452,JN8CT3MT4TW012104,2026-02-01,,706,771255.11,5128.85,2026,FLOTILLA 
16453,JM1NDAC76P0554663,2026-02-01,,681,314900.00,1869.72,2023,SEMINUEVOS 
16454,9BHCP4AC3PP429172,2026-02-01,,665,224300.00,1491.60,2023,SEMINUEVOS 
16455,JN1BE6DS3N9042130,2026-02-01,,701,437600.00,2910.04,2022,SEMINUEVOS 
16456,LSGHD52H5LD115573,2026-02-01,,652,124900.00,830.59,2020,SEMINUEVOS 
16457,LSGHD52H1LD037597,2026-02-01,,652,124900.00,830.59,2020,SEMINUEVOS 
16458,JN1BE6DS1M9041315,2026-02-01,,701,403000.00,287.14,2021,SEMINUEVOS 
16459,9BWDL5BZXNP001422,2026-02-01,,705,193300.00,1285.45,2022,SEMINUEVOS 
16460,3G1MA5E26NL133256,2026-02-01,,684,153500.00,1020.78,2022,SEMINUEVOS 
16461,LSGEN53A8PD006581,2026-02-01,,684,218800.00,467.69,2023,SEMINUEVOS 
16462,9FB4SR4D9RM683192,2026-02-01,,676,191200.00,1226.07,2024,SEMINUEVOS 
16463,9FB4SR4D1RM533657,2026-02-01,,676,191200.00,1271.48,2024,SEMINUEVOS 
16464,JN8BT27T1MW129948,2026-02-01,,706,232600.00,393.91,2021,SEMINUEVOS 
16465,3N6CD33B5TK813229,2026-02-01,,663,534522.58,2031.19,2026,FLOTILLA 
16466,3N1CN8AE2SL899086,2026-02-01,,704,361666.60,1282.12,2025,NUEVO 
16467,MNTFP5CP4S6017470,2026-02-01,,672,541168.49,3213.19,2025,FLOTILLA 
16468,JN8CT3MT6TW011102,2026-02-01,,706,771255.10,5128.85,2026,FLOTILLA 
16469,3N6CD33B7TK813197,2026-02-01,,663,534522.59,3554.58,2026,NUEVO 
16470,MDHBD0FA4SG026415,2026-02-01,,677,392658.33,132.93,2025,NUEVO 
16471,3N6CD33B8TK813094,2026-02-01,,663,534522.58,2158.13,2026,FLOTILLA 
16472,3N6CD33B4TK813092,2026-02-01,,663,534522.58,2158.13,2026,FLOTILLA 
16473,JN6BE6CS8S9124118,2026-02-01,,701,548038.00,3644.45,2025,FLOTILLA 
16474,3N6CD33B3TK813147,2026-02-01,,663,534522.59,2158.14,2026,FLOTILLA 
16475,3N6CD33B1TK813213,2026-02-01,,663,534522.59,2158.14,2026,FLOTILLA 
16476,3N6CD33BXTK813369,2026-02-01,,663,534522.59,2158.14,2026,FLOTILLA 
16477,3N6CD33B0TK813171,2026-02-01,,663,534522.59,2158.14,2026,FLOTILLA 
16478,3N6CD33B4TK813237,2026-02-01,,663,534522.59,2158.14,2026,FLOTILLA 
16479,3N6CD33B3TK813195,2026-02-01,,663,534522.59,2158.14,2026,FLOTILLA 
16480,3N6CD33B7TK813233,2026-02-01,,663,534522.59,2158.14,2026,FLOTILLA 
16481,3N6CD33B7TK813345,2026-02-01,,663,534522.59,2158.14,2026,FLOTILLA 
16482,MDHBD0FA5SG021899,2026-02-01,,677,392658.32,1303.55,2025,NUEVO 
16483,LSGKB541XNV057873,2026-02-01,,656,203200.00,1351.28,2022,SEMINUEVOS 
16484,MDHBD0FA1TG000601,2026-02-01,,677,366119.84,2173.84,2026,NUEVO 
16485,MDHBD0FA3SG028706,2026-02-01,,677,352728.80,1507.92,2025,NUEVO 
16486,3N8AP6HE3TL354058,2026-02-01,,672,538755.68,2175.23,2026,FLOTILLA 
16487,3N8AP6HE5TL353591,2026-02-01,,672,538755.68,2175.23,2026,FLOTILLA 
16488,3N8AP6HEXTL360214,2026-02-01,,672,538755.68,2175.23,2026,FLOTILLA 
16489,3N8AP6HE3TL361463,2026-02-01,,672,538755.68,2175.23,2026,FLOTILLA 
16490,MNTFP5CP4S6017324,2026-02-01,,672,561293.32,3732.60,2025,FLOTILLA 
16491,MNTFP5CP6T6020615,2026-02-01,,672,544669.37,3622.05,2026,FLOTILLA 
16492,MNTFP5CP5T6020685,2026-02-01,,672,544669.37,3622.05,2026,FLOTILLA 
16493,MNTFP5CP6T6019626,2026-02-01,,672,544669.37,3622.05,2026,FLOTILLA 
16494,MNTFP5CP9T6020415,2026-02-01,,672,544669.37,3622.05,2026,FLOTILLA 
16495,MNTFP5CP4T6020399,2026-02-01,,672,544669.37,3622.05,2026,FLOTILLA 
16496,JN8AT3MT2TW065679,2026-02-01,,706,587701.82,558.32,2026,NUEVO 
16497,3N1CK3CEXSL225972,2026-02-01,,678,265870.32,1768.04,2025,FLOTILLA 
16498,3N1CK3CE3SL225991,2026-02-01,,678,265870.32,1768.04,2025,FLOTILLA 
16499,3N1CK3CE7SL226013,2026-02-01,,678,265870.32,1768.04,2025,FLOTILLA 
16500,LSGKB5419NV002167,2026-02-01,,656,173800.00,1155.77,2022,SEMINUEVOS 
16501,LSGKB5417NV057586,2026-02-01,,656,173800.00,1155.77,2022,SEMINUEVOS 
16502,93YHSCCXXRJ530264,2026-02-01,,659,266700.00,1773.56,2024,SEMINUEVOS 
16503,93YHSCCX6RJ530326,2026-02-01,,659,266700.00,1773.56,2024,SEMINUEVOS 
16504,LZWLLNGL4PB032964,2026-02-01,,655,240000.00,1596.00,2023,SEMINUEVOS 
16505,MEX5J2609LT089230,2026-02-01,,703,159600.00,189.53,2020,SEMINUEVOS 
16506,MDHBD0FA5TG003128,2026-02-01,,677,352728.80,2345.65,2026,NUEVO 
16507,MDHBD0FA7TG002868,2026-02-01,,677,352728.80,921.50,2026,NUEVO 
16508,MDHBD0FA1TG006348,2026-02-01,,677,352728.80,2345.65,2026,NUEVO 
16509,3N8AP6HE4TL353744,2026-02-01,,672,506464.76,3367.99,2026,NUEVO 
16510,3N8AP6HE3TL354691,2026-02-01,,672,506464.76,3367.99,2026,NUEVO 
16511,3N8AP6HE3TL355176,2026-02-01,,672,506464.76,354.89,2026,NUEVO 
16512,3N8AP6HE7TL353379,2026-02-01,,672,538755.68,3582.73,2026,NUEVO 
16513,3N8AP6HE6TL354586,2026-02-01,,672,538755.68,3582.73,2026,NUEVO 
16514,3N8AP6HE0TL362733,2026-02-01,,672,538755.68,73.96,2026,NUEVO 
16515,3N8AP6HE3TL362404,2026-02-01,,672,506464.76,3367.99,2026,NUEVO 
16516,3N1CK3CE4SL226390,2026-02-01,,678,285561.32,339.10,2025,NUEVO 
16517,3N1CK3CE4SL228026,2026-02-01,,678,290035.44,196.22,2025,NUEVO 
16518,3N1CK3CE3SL226882,2026-02-01,,678,285561.32,746.03,2025,NUEVO 
16519,3N8AP6HE5TL359469,2026-02-01,,672,538755.68,511.82,2026,NUEVO 
16520,3N8AP6HE0TL363266,2026-02-01,,672,538755.68,3582.73,2026,NUEVO 
16521,3N6AD31A5TK814799,2026-02-01,,682,439774.04,2924.50,2026,NUEVO 
16522,MDHBD0FA2TG000400,2026-02-01,,677,352728.80,2345.65,2026,NUEVO 
16523,MDHBD0FA1TG000677,2026-02-01,,677,352728.80,2345.65,2026,NUEVO 
16524,3N1CN8AE5SL892813,2026-02-01,,704,346452.05,2303.91,2025,FLOTILLA 
16525,3N1CN8AE8SL892868,2026-02-01,,704,346452.05,2303.91,2025,FLOTILLA 
16526,3N6AD35AXTK808703,2026-02-01,,682,438905.20,2606.00,2026,FLOTILLA 
16527,JN6BE6CS0S9124517,2026-02-01,,701,548038.00,1952.39,2025,FLOTILLA 
16528,JN6BE6CS9S9124516,2026-02-01,,701,548038.00,1952.39,2025,FLOTILLA 
16529,JN6BE6CS2S9124535,2026-02-01,,701,548038.00,1952.39,2025,FLOTILLA 
16530,JN6BE6CS7S9124529,2026-02-01,,701,548038.00,1952.39,2025,FLOTILLA 
16531,JN6BE6CS3S9124527,2026-02-01,,701,548038.00,1952.39,2025,FLOTILLA 
16532,JN6BE6CS7S9124546,2026-02-01,,701,548038.00,1952.39,2025,FLOTILLA 
16533,JN6BE6CS5S9124528,2026-02-01,,701,548038.01,1822.23,2025,FLOTILLA 
16534,JN6BE6CS3S9124561,2026-02-01,,701,548038.01,1822.23,2025,FLOTILLA 
16535,JN6BE6CS3S9124513,2026-02-01,,701,548038.01,1692.07,2025,FLOTILLA 
16536,JN6BE6CS0S9124565,2026-02-01,,701,548038.01,1692.07,2025,FLOTILLA 
16537,JN6BE6CS9S9124550,2026-02-01,,701,548038.01,1692.07,2025,FLOTILLA 
16538,JN6BE6CS9S9124564,2026-02-01,,701,548038.00,1561.91,2025,FLOTILLA 
16539,1N6ED1EK9TN610963,2026-02-01,,663,902372.76,4286.27,2026,NUEVO 
16540,MDHBD0FA0TG000363,2026-02-01,,677,352728.80,2345.65,2026,NUEVO 
16541,MDHBD0FA2SG022007,2026-02-01,,677,392658.32,341.40,2025,NUEVO 
16542,MDHBD0FA8SG025669,2026-02-01,,677,392658.32,305.37,2025,NUEVO 
16543,MDHBD0FA0SG025682,2026-02-01,,677,352728.80,1522.39,2025,NUEVO 
16544,JN1BE6DS3S9124449,2026-02-01,,701,696393.88,1506.30,2025,NUEVO 
16545,JN1BE6DS4S9124394,2026-02-01,,701,696393.88,3307.87,2025,NUEVO 
16546,JN1BE6DS0S9124330,2026-02-01,,701,696393.88,3307.87,2025,NUEVO 
16547,MDHBD0FA0TG002842,2026-02-01,,677,352728.80,2345.65,2026,NUEVO 
16548,MDHBD0FA3TG003726,2026-02-01,,677,352728.80,2345.65,2026,NUEVO 
16549,MDHBD0FA6TG003073,2026-02-01,,677,352728.80,2345.65,2026,NUEVO 
16550,3N8AP6HE5TL354272,2026-02-01,,672,506464.76,3367.99,2026,NUEVO 
16551,3N8AP6HE9TL352931,2026-02-01,,672,506464.76,1586.61,2026,NUEVO 
16552,3N8AP6HEXTL356101,2026-02-01,,672,538755.68,2149.24,2026,NUEVO 
16553,3N8AP6HE7TL353138,2026-02-01,,672,538755.68,3582.73,2026,NUEVO 
16554,3N6AD35A6TK807757,2026-02-01,,682,438905.20,1355.12,2026,NUEVO 
16555,3N1CK3CE7SL227159,2026-02-01,,678,285561.32,1898.98,2025,NUEVO 
16556,3N6AD31A9TK812277,2026-02-01,,682,439774.04,2924.50,2026,NUEVO 
16557,3N6AD33B7TK812543,2026-02-01,,663,689636.88,4586.09,2026,NUEVO 
16558,3N6AD33B5TK812962,2026-02-01,,663,689636.88,731.69,2026,NUEVO 
16559,3N6AD33A8TK814423,2026-02-01,,663,564188.68,3751.85,2026,NUEVO 
16560,3N6AD33A5TK814377,2026-02-01,,663,439774.04,313.34,2026,NUEVO 
16561,3N6AD33A5TK814802,2026-02-01,,663,564188.68,3751.85,2026,NUEVO 
16562,3N6AD33A2TK812229,2026-02-01,,663,439774.04,522.23,2026,NUEVO 
16563,3N8AP6HE9TL363427,2026-02-01,,672,538755.68,3582.73,2026,FLOTILLA 
16564,3N6AD33A4TK812037,2026-02-01,,663,582836.84,1699.30,2026,NUEVO 
16565,3N1CK3CEXSL228046,2026-02-01,,678,310620.80,221.32,2025,NUEVO 
16566,3N8AP6HEXTL363534,2026-02-01,,672,506464.76,2285.42,2026,NUEVO 
16567,3N6AD33A6TK813917,2026-02-01,,663,582836.84,1384.24,2026,NUEVO 
16568,3N6AD33A7TK813019,2026-02-01,,663,439774.04,2924.50,2026,NUEVO 
16569,3N6AD33A3TK814183,2026-02-01,,663,439774.04,313.34,2026,NUEVO 
16570,3N6AD33AXTK812155,2026-02-01,,663,439774.04,313.34,2026,NUEVO 
16571,3N6AD33A9TK814057,2026-02-01,,663,582836.84,3875.87,2026,NUEVO 
16572,MDHBD0FA6TG000478,2026-02-01,,677,352728.80,2345.65,2026,NUEVO 
16573,MDHBD0FA5TG000441,2026-02-01,,677,352728.80,2345.65,2026,NUEVO 
16574,MDHBD0FA0TG000184,2026-02-01,,677,352728.80,2345.65,2026,NUEVO 
16575,MDHBD0FA6TG000660,2026-02-01,,677,352728.80,2345.65,2026,NUEVO 
16576,MDHBD0FA3TG001359,2026-02-01,,677,366119.84,1594.88,2026,NUEVO 
16577,3KPA24BC5LE323632,2026-02-01,,693,138600.00,757.10,2020,SEMINUEVOS 
16578,MDHBD0FA8SG016518,2026-02-01,,677,392658.32,83.79,2025,NUEVO 
16579,3N8AP6HE4TL355896,2026-02-01,,672,538755.68,2076.01,2026,FLOTILLA 
16580,3N6AD35A0TK814218,2026-02-01,,682,438905.20,1790.73,2026,FLOTILLA 
16581,RN86708420260105,2026-02-01,,691,4587.56,7.77,2026,REFACC 
16582,RN86704920260105,2026-02-01,,691,6000.61,10.16,2026,REFACC 
16583,RN86705020260105,2026-02-01,,691,8614.60,14.59,2026,REFACC 
16584,RN86705120260105,2026-02-01,,691,11652.48,19.73,2026,REFACC 
16585,RN86705220260105,2026-02-01,,691,83870.48,142.02,2026,REFACC 
16586,MA6CC5FDXMT009448,2026-02-01,,654,147200.00,934.23,2021,SEMINUEVOS 
16587,3KPA24BC7LE326368,2026-02-01,,693,139200.00,851.90,2020,SEMINUEVOS 
16588,LZWLLNGL3NB000455,2026-02-01,,655,208400.00,1322.65,2022,SEMINUEVOS 
16589,RN86778420260106,2026-02-01,,691,10711.86,15.12,2026,REFACC 
16590,RN86776920260106,2026-02-01,,691,824.34,1.16,2026,REFACC 
16591,RN86777020260106,2026-02-01,,691,81863.43,115.52,2026,REFACC 
16592,RN86802420260106,2026-02-01,,691,6075.71,8.57,2026,REFACC 
16593,3N1CN8AE8SK634999,2026-02-01,,704,329447.61,224.02,2025,FLOTILLA 
16594,3N1AB8AE4SY269640,2026-02-01,,694,286400.00,1817.69,2025,SEMINUEVOS 
16595,3N1AB8AE7SY274346,2026-02-01,,694,314400.00,1842.82,2025,SEMINUEVOS 
16596,3N8CP5HE4RL590357,2026-02-01,,672,277500.00,1761.20,2024,SEMINUEVOS 
16597,3N1CN8AE3SL899159,2026-02-01,,704,361666.61,402.08,2025,NUEVO 
16598,3N1CN8AEXSL904566,2026-02-01,,704,329447.60,198.67,2025,NUEVO 
16599,3N1CN8AE1SL898947,2026-02-01,,704,361666.60,85.90,2025,NUEVO 
16600,RN86873420260107,2026-02-01,,691,8118.21,9.16,2026,REFACC 
16601,RN86873720260107,2026-02-01,,691,379.91,0.43,2026,REFACC 
16602,RN86873820260107,2026-02-01,,691,47560.06,53.69,2026,REFACC 
16603,RN86901920260107,2026-02-01,,691,69931.30,78.94,2026,REFACC 
16604,RN86990720260108,2026-02-01,,691,5298.07,4.49,2026,REFACC 
16605,RN86990120260108,2026-02-01,,691,2538.34,2.15,2026,REFACC 
16606,RN86989920260108,2026-02-01,,691,4255.67,3.60,2026,REFACC 
16607,RN86990020260108,2026-02-01,,691,38395.74,32.51,2026,REFACC 
16608,3N1CK3CE1SL220725,2026-02-01,,678,265870.32,301.32,2025,FLOTILLA 
16609,3N1CK3CE3SL220922,2026-02-01,,678,265870.32,301.32,2025,FLOTILLA 
16610,3N1CK3CE0SL221283,2026-02-01,,678,265870.33,482.11,2025,FLOTILLA 
16611,3N6AD31A2TK815733,2026-02-01,,682,439774.05,277.65,2026,NUEVO 
16612,3N1CN8AE2SK639535,2026-02-01,,704,379399.53,1261.50,2025,NUEVO 
16613,3N1CN8AE2SL905274,2026-02-01,,704,346452.04,329.13,2025,NUEVO 
16614,3N1CN8AE2SK639129,2026-02-01,,704,379399.52,360.43,2025,NUEVO 
16615,3N1CN7AE3SK417614,2026-02-01,,702,275746.56,327.45,2025,NUEVO 
16616,3N1CN8AE8SL904761,2026-02-01,,704,361666.60,85.90,2025,NUEVO 
16617,3N1CN8AE2SL899119,2026-02-01,,704,361666.60,343.58,2025,NUEVO 
16618,RN87077620260109,2026-02-01,,691,4501.98,2.54,2026,REFACC 
16619,RN87025420260109,2026-02-01,,691,2876.37,1.62,2026,REFACC 
16620,RN87025520260109,2026-02-01,,691,12617.13,7.12,2026,REFACC 
16621,RN87025620260109,2026-02-01,,691,3129.70,1.77,2026,REFACC 
16622,RN87025720260109,2026-02-01,,691,43005.17,24.27,2026,REFACC 
16623,RN87076320260109,2026-02-01,,691,554.47,0.31,2026,REFACC 
16624,RN87076420260109,2026-02-01,,691,195396.15,110.29,2026,REFACC 
16625,RN87117320260109,2026-02-01,,691,37672.25,21.26,2026,REFACC 
16626,RN87078020260109,2026-02-01,,691,314.27,0.18,2026,REFACC 
16627,RN87026020260109,2026-02-01,,691,14269.30,8.05,2026,REFACC 
16628,RN87077720260109,2026-02-01,,691,6460.93,3.65,2026,REFACC 
16629,RN87077820260109,2026-02-01,,691,217492.87,122.76,2026,REFACC 
16630,RN87120720260109,2026-02-01,,691,42276.65,23.86,2026,REFACC 
16631,9BD2657R1P9238517,2026-02-01,,689,185100.00,1174.77,2023,SEMINUEVOS 
16632,JS2FH81S8P6300853,2026-02-01,,669,181000.00,656.43,2023,SEMINUEVOS 
16633,3N1CK3CE1SL227156,2026-02-01,,678,265870.33,1024.49,2025,FLOTILLA 
16634,3N1CK3CE7SL227145,2026-02-01,,678,265870.33,843.70,2025,FLOTILLA 
16635,3N1CK3CE3SL227062,2026-02-01,,678,265870.33,1024.49,2025,FLOTILLA 
16636,3N1CK3CE3SL227546,2026-02-01,,678,265870.33,964.22,2025,FLOTILLA 
16637,3N1CK3CE1SL227447,2026-02-01,,678,265870.33,1024.49,2025,FLOTILLA 
16638,3N1CK3CE2SL227537,2026-02-01,,678,265870.33,964.22,2025,FLOTILLA 
16639,3N1CK3CE1SL227464,2026-02-01,,678,265870.33,843.70,2025,FLOTILLA 
16640,3N1CK3CEXSL227477,2026-02-01,,678,265870.33,1024.49,2025,FLOTILLA 
16641,3N1CK3CE7SL227551,2026-02-01,,678,265870.33,1024.49,2025,FLOTILLA 
16642,3N1CK3CE6SL227444,2026-02-01,,678,265870.33,843.70,2025,FLOTILLA 
16643,3N1CK3CE7SL227419,2026-02-01,,678,265870.33,1024.49,2025,FLOTILLA 
16644,3N1CK3CE3SL227515,2026-02-01,,678,265870.33,1024.49,2025,FLOTILLA 
16645,3N1CK3CEXSL227382,2026-02-01,,678,265870.33,1024.49,2025,FLOTILLA 
16646,3N1CK3CE3SL227479,2026-02-01,,678,265870.33,1024.49,2025,FLOTILLA 
16647,3N1CK3CE4SL227409,2026-02-01,,678,265870.33,1024.49,2025,FLOTILLA 
16648,3N1CK3CE9SL227308,2026-02-01,,678,265870.33,1024.49,2025,FLOTILLA 
16649,3N1CK3CE4SL227328,2026-02-01,,678,265870.33,773.83,2025,FLOTILLA 
16650,3N1CK3CE2SL227182,2026-02-01,,678,265870.33,773.83,2025,FLOTILLA 
16651,JN8CT3MTXTW012141,2026-02-01,,706,771255.11,1398.54,2026,NUEVO 
16652,3N1CK3CE0SL220831,2026-02-01,,678,265870.32,542.38,2025,FLOTILLA 
16653,3N1CK3CE2SL221012,2026-02-01,,678,265870.32,602.64,2025,FLOTILLA 
16654,3N1CK3CE4SL227345,2026-02-01,,678,265870.33,964.22,2025,FLOTILLA 
16655,3N1CK3CE9SL227213,2026-02-01,,678,265870.33,964.22,2025,FLOTILLA 
16656,3N1CK3CE8SL227428,2026-02-01,,678,265870.33,964.22,2025,FLOTILLA 
16657,3N1CK3CE5SL227371,2026-02-01,,678,265870.33,964.22,2025,FLOTILLA 
16658,3N1CK3CE0SL227438,2026-02-01,,678,265870.33,964.22,2025,FLOTILLA 
16659,3N1CK3CEXSL227284,2026-02-01,,678,265870.33,964.22,2025,FLOTILLA 
16660,3N1CK3CE6SL227539,2026-02-01,,678,265870.33,964.22,2025,FLOTILLA 
16661,3N1CK3CE6SL227511,2026-02-01,,678,265870.33,964.22,2025,FLOTILLA 
16662,3N1CK3CE0SL227486,2026-02-01,,678,265870.33,964.22,2025,FLOTILLA 
16663,3N1CN8AE3SK630794,2026-02-01,,704,376740.81,768.55,2025,FLOTILLA 
16664,LSGHD52H3ND124890,2026-02-01,,652,145300.00,922.17,2022,SEMINUEVOS 
16665,3VWWP6BU2KM018912,2026-02-01,,670,192500.00,1221.73,2019,SEMINUEVOS 
16666,3N1CK3CE5SL227290,2026-02-01,,678,265870.33,903.96,2025,FLOTILLA 
16667,3N1CK3CE7SL207929,2026-02-01,,678,264080.45,598.58,2025,FLOTILLA 
16668,3N1CK3CE8SL207843,2026-02-01,,678,264080.45,598.58,2025,FLOTILLA 
16669,3N1CK3CEXSL207844,2026-02-01,,678,264080.45,239.43,2025,FLOTILLA 
16670,3N8CP5HE8SL470468,2026-02-01,,672,314100.00,1993.49,2025,SEMINUEVOS 
16671,3N8AP6HE9SL387614,2026-02-01,,672,412800.00,2619.90,2025,SEMINUEVOS 
16672,3N8CP5HE5PL578134,2026-02-01,,672,275500.00,187.34,2023,SEMINUEVOS 
16673,RN87511720260115,2026-02-01,,691,1295.59,1.83,2026,REFACC 
16674,RN87512820260115,2026-02-01,,691,18052.58,25.47,2026,REFACC 
16675,RN87512920260115,2026-02-01,,691,6674.57,9.42,2026,REFACC 
16676,RN87512720260115,2026-02-01,,691,342740.46,386.92,2026,REFACC 
16677,JN1BE6DS4L9039153,2026-02-01,,683,363200.00,2276.86,2020,SEMINUEVOS 
16678,JN1BE6DS3N9043150,2026-02-01,,683,435100.00,1168.97,2022,SEMINUEVOS 
16679,JN1BE6DS3L9039290,2026-02-01,,683,363200.00,2276.86,2020,SEMINUEVOS 
16680,JN1BE6DS5L9039212,2026-02-01,,683,363200.00,487.90,2020,SEMINUEVOS 
16681,3N1CK3CE8SL227381,2026-02-01,,678,265870.33,773.83,2025,FLOTILLA 
16682,3KPA34AC2ME421341,2026-02-01,,693,164600.00,892.33,2021,SEMINUEVOS 
16683,3N8AP6HE3TL367943,2026-02-01,,672,507560.97,1477.28,2026,NUEVO 
16684,3N8AP6HE2TL368176,2026-02-01,,672,507560.97,1477.28,2026,NUEVO 
16685,3N6AD35A9TK815626,2026-02-01,,682,438905.21,1081.95,2026,NUEVO 
16686,3N6AD31A8TK816059,2026-02-01,,682,439774.05,984.61,2026,NUEVO 
16687,3N6AD31A4TK816351,2026-02-01,,682,439774.05,1279.99,2026,NUEVO 
16688,RN87603820260116,2026-02-01,,691,5948.41,6.65,2026,REFACC 
16689,RN87604520260116,2026-02-01,,691,217.40,0.24,2026,REFACC 
16690,RN87576520260116,2026-02-01,,691,9812.32,10.97,2026,REFACC 
16691,RN87603220260116,2026-02-01,,691,5370.17,6.00,2026,REFACC 
16692,RN87603320260116,2026-02-01,,691,133290.65,148.99,2026,REFACC 
16693,RN87625220260116,2026-02-01,,691,22268.02,24.89,2026,REFACC 
16694,RN87603720260116,2026-02-01,,691,3570.31,2.99,2026,REFACC 
16695,RN87604320260116,2026-02-01,,691,34141.06,28.62,2026,REFACC 
16696,RN87604420260116,2026-02-01,,691,634149.90,708.84,2026,REFACC 
16697,RN87625320260116,2026-02-01,,691,18844.90,15.80,2026,REFACC 
16698,RN87695120260119,2026-02-01,,691,652.19,0.18,2026,REFACC 
16699,RN87695220260119,2026-02-01,,691,227.49,0.06,2026,REFACC 
16700,RN87694120260119,2026-02-01,,691,46365.47,12.96,2026,REFACC 
16701,RN87694220260119,2026-02-01,,691,6788.16,1.90,2026,REFACC 
16702,RN87731620260119,2026-02-01,,691,20179.13,5.64,2026,REFACC 
16703,RN87695420260119,2026-02-01,,691,9786.50,5.47,2026,REFACC 
16704,RN87693620260119,2026-02-01,,691,175019.36,97.82,2026,REFACC 
16705,RN87693720260119,2026-02-01,,691,31222.56,17.45,2026,REFACC 
16706,RN87727920260119,2026-02-01,,691,81586.51,45.60,2026,REFACC 
16707,JN8AT3MT7TW059747,2026-02-01,,706,710477.39,4453.90,2026,NUEVO 
16708,3N8AP6HE5SL420432,2026-02-01,,672,482601.25,3025.37,2025,NUEVO 
16709,3N8AP6HE1TL369898,2026-02-01,,672,507560.97,1022.74,2026,NUEVO 
16710,LSGHD52H0ND114995,2026-02-01,,652,145300.00,845.81,2022,SEMINUEVOS 
16711,MR0CX3DD3N1324375,2026-02-01,,667,297000.00,1595.88,2022,SEMINUEVOS 
16712,JTFAMHCP0N6005100,2026-02-01,,666,427700.00,2681.20,2022,SEMINUEVOS 
16713,MEX6A2606MT159448,2026-02-01,,687,160700.00,899.47,2021,SEMINUEVOS 
16714,JTFJM9CP7M6003090,2026-02-01,,666,397000.00,2488.75,2021,SEMINUEVOS 
16715,3N1CN8AE0SK591601,2026-02-01,,704,382400.00,2397.22,2025,SEMINUEVOS 
16716,3VWKP6BU1KM254904,2026-02-01,,670,181200.00,1135.92,2019,SEMINUEVOS 
16717,3N1CK3CE9SL227826,2026-02-01,,678,265870.33,535.73,2025,FLOTILLA 
16718,3N1CK3CE1SL227884,2026-02-01,,678,265870.33,535.73,2025,FLOTILLA 
16719,3N1CK3CE2SL227845,2026-02-01,,678,265870.33,535.73,2025,FLOTILLA 
16720,3N1CK3CE4SL227913,2026-02-01,,678,265870.33,535.73,2025,FLOTILLA 
16721,3N1CK3CE8SL227865,2026-02-01,,678,265870.33,535.73,2025,FLOTILLA 
16722,3N1CK3CE7SL227680,2026-02-01,,678,265870.33,535.73,2025,FLOTILLA 
16723,3N1CK3CE7SL227453,2026-02-01,,678,265870.33,535.73,2025,FLOTILLA 
16724,3N1CK3CE9SL227437,2026-02-01,,678,265870.33,535.73,2025,FLOTILLA 
16725,3N1CK3CE9SL227373,2026-02-01,,678,265870.33,535.73,2025,FLOTILLA 
16726,3N1CK3CE6SL227458,2026-02-01,,678,265870.33,535.73,2025,FLOTILLA 
16727,3N1CK3CE9SL227390,2026-02-01,,678,265870.33,535.73,2025,FLOTILLA 
16728,3N1CK3CE3SL227496,2026-02-01,,678,265870.33,535.73,2025,FLOTILLA 
16729,3N1CK3CE4SL227734,2026-02-01,,678,265870.33,535.73,2025,FLOTILLA 
16730,3N1CK3CE5SL227726,2026-02-01,,678,265870.33,535.73,2025,FLOTILLA 
16731,3N1CK3CE0SL227584,2026-02-01,,678,265870.33,535.73,2025,FLOTILLA 
16732,3N1CK3CE6SL227718,2026-02-01,,678,265870.33,535.73,2025,FLOTILLA 
16733,3N1CK3CE5SL227581,2026-02-01,,678,265870.33,535.73,2025,FLOTILLA 
16734,3N1CK3CE3SL227644,2026-02-01,,678,265870.33,535.73,2025,FLOTILLA 
16735,3N1CK3CE8SL227641,2026-02-01,,678,265870.33,535.73,2025,FLOTILLA 
16736,3N1CK3CEXSL227690,2026-02-01,,678,265870.33,535.73,2025,FLOTILLA 
16737,3N1CK3CE5SL227452,2026-02-01,,678,265870.33,535.73,2025,FLOTILLA 
16738,3N1CK3CE8SL227476,2026-02-01,,678,265870.33,535.73,2025,FLOTILLA 
16739,3N1CK3CE0SL227553,2026-02-01,,678,265870.33,535.73,2025,FLOTILLA 
16740,3N1CK3CE2SL227490,2026-02-01,,678,265870.33,535.73,2025,FLOTILLA 
16741,RN87811220260120,2026-02-01,,691,15292.37,4.27,2026,REFACC 
16742,RN87812820260120,2026-02-01,,691,1268.83,0.35,2026,REFACC 
16743,RN87812920260120,2026-02-01,,691,35429.58,9.90,2026,REFACC 
16744,RN87813020260120,2026-02-01,,691,326692.15,91.29,2026,REFACC 
16745,RN87822120260120,2026-02-01,,691,13191.43,18.43,2026,REFACC 
16746,3N1CK3CEXSL226197,2026-02-01,,678,285561.33,511.47,2025,FLOTILLA 
16747,3N1CK3CE7SL226366,2026-02-01,,678,285561.33,511.47,2025,FLOTILLA 
16748,3N1CK3CE6SL226388,2026-02-01,,678,285561.33,511.47,2025,FLOTILLA 
16749,RN87904620260121,2026-02-01,,691,10598.00,11.85,2026,REFACC 
16750,RN87837920260121,2026-02-01,,691,9140.15,10.22,2026,REFACC 
16751,RN87905220260121,2026-02-01,,691,42271.04,47.25,2026,REFACC 
16752,RN87905320260121,2026-02-01,,691,92111.73,102.96,2026,REFACC 
16753,RN88012320260122,2026-02-01,,691,4366.15,3.66,2026,REFACC 
16754,RN88012420260122,2026-02-01,,691,6965.31,5.84,2026,REFACC 
16755,RN88012920260122,2026-02-01,,691,13103.28,10.98,2026,REFACC 
16756,RN88013020260122,2026-02-01,,691,352810.31,295.77,2026,REFACC 
16757,RN88105820260123,2026-02-01,,691,37111.32,31.11,2026,REFACC 
16758,LSGEN53A7PD007477,2026-02-01,,684,219300.00,1374.77,2023,SEMINUEVOS 
16759,LSGEN53AXPD007683,2026-02-01,,684,219300.00,1374.77,2023,SEMINUEVOS 
16760,RN88198020260126,2026-02-01,,691,6279.10,1.75,2026,REFACC 
16761,RN88201520260126,2026-02-01,,691,2267.88,0.63,2026,REFACC 
16762,RN88221520260126,2026-02-01,,691,28014.00,7.83,2026,REFACC 
16763,RN88226620260126,2026-02-01,,691,23310.43,6.51,2026,REFACC 
16764,RN88301720260127,2026-02-01,,691,2502502.68,1398.62,2026,REFACC 
16765,3N1CN8AE0SL890841,2026-02-01,,704,346452.04,77.57,2025,FLOTILLA 
16766,3N8CP5HE6SL506299,2026-02-01,,672,429611.28,96.19,2025,NUEVO 
16767,3N8CP5HE9SL506698,2026-02-01,,672,429611.28,96.19,2025,NUEVO 
16768,MDHBD0FA8TG010042,2026-02-01,,677,352728.80,78.97,2026,NUEVO 
16769,MDHBD0FA5TG007535,2026-02-01,,677,369734.40,9.28,2026,NUEVO 
16770,MDHBD0FA8TG008226,2026-02-01,,677,369734.40,82.78,2026,NUEVO 
16771,MDHBD0FA0TG008723,2026-02-01,,677,352728.80,78.97,2026,NUEVO 
16772,MDHBD0FA0TG008690,2026-02-01,,677,352728.80,78.97,2026,NUEVO 
16773,3N8AP6HE4TL374805,2026-02-01,,672,540175.52,120.94,2026,NUEVO 
16774,3N8AP6HE8TL374242,2026-02-01,,672,483697.44,108.29,2026,NUEVO 
16775,3N8AP6HE5TL374571,2026-02-01,,672,540175.52,120.94,2026,NUEVO 
16776,3N8AP6HE8TL373768,2026-02-01,,672,483697.44,108.29,2026,NUEVO 
16777,3N8AP6HEXTL374825,2026-02-01,,672,483697.44,108.29,2026,NUEVO 
16778,3N8AP6HE6TL374420,2026-02-01,,672,483697.44,108.29,2026,NUEVO 
16779,3N8AP6HE0TL374901,2026-02-01,,672,507560.96,113.64,2026,NUEVO 
16780,3N6AD31A7TK818692,2026-02-01,,682,439774.04,98.46,2026,NUEVO 
16781,3N6AD31A8TK815106,2026-02-01,,682,439774.04,98.46,2026,NUEVO 
16782,3N6AD31A6TK817856,2026-02-01,,682,439774.04,98.46,2026,NUEVO 
16783,ML3ABT6J6RH004216,2026-02-01,,651,181500.00,1137.80,2024,SEMINUEVOS 
16784,ML3ABT6J7RH007142,2026-02-01,,651,181500.00,1137.80,2024,SEMINUEVOS 
16785,LSGKB5414PV000457,2026-02-01,,656,230100.00,1442.47,2023,SEMINUEVOS 
16786,LSGEN53A8PD026460,2026-02-01,,684,219300.00,1374.77,2023,SEMINUEVOS 
16787,LSGEN53A7PD031522,2026-02-01,,684,219300.00,1374.77,2023,SEMINUEVOS 
16788,LSGEN53A3RD004238,2026-02-01,,684,200600.00,1257.54,2024,SEMINUEVOS 
16789,LSGEN53A7RD008230,2026-02-01,,684,200600.00,1257.54,2024,SEMINUEVOS 
16790,LSGEN53A7RD012231,2026-02-01,,684,200600.00,1257.54,2024,SEMINUEVOS 
16791,ML3AFL6J8RH004674,2026-02-01,,680,199800.00,1252.52,2024,SEMINUEVOS 
16792,ML3AFL6J8RH004500,2026-02-01,,680,199800.00,1252.52,2024,SEMINUEVOS 
16793,3N1CN8AE2RK590704,2026-02-01,,704,228300.00,1431.19,2024,SEMINUEVOS 
16794,3N1CN8AE6RK590415,2026-02-01,,704,228300.00,1431.19,2024,SEMINUEVOS 
16795,3N1CN8AE9RL900017,2026-02-01,,704,228300.00,1380.07,2024,SEMINUEVOS 
16796,3N1CN8AE9RL910305,2026-02-01,,704,228300.00,1431.19,2024,SEMINUEVOS 
16797,93YHSCCX3PJ476531,2026-02-01,,659,235000.00,1473.19,2023,SEMINUEVOS 
16798,LZWLLNGL2RB022386,2026-02-01,,655,264400.00,1657.49,2024,SEMINUEVOS 
16799,LZWLLNGL3RB022025,2026-02-01,,655,264400.00,1657.49,2024,SEMINUEVOS 
16800,LZWLLNGL7RB016874,2026-02-01,,655,264400.00,1657.49,2024,SEMINUEVOS 
16801,LZWLLNGL4RB016878,2026-02-01,,655,264400.00,1657.49,2024,SEMINUEVOS 
16802,WVW3B4D22RT037265,2026-02-01,,705,226300.00,1418.65,2024,SEMINUEVOS 
16803,WVW3B4D25RT039849,2026-02-01,,705,226300.00,1418.65,2024,SEMINUEVOS 
16804,WVW3B4D2XRT040320,2026-02-01,,705,226300.00,1418.65,2024,SEMINUEVOS 
16805,WVW3B4D28RT040123,2026-02-01,,705,226300.00,1418.65,2024,SEMINUEVOS 
16806,JN8BT27T5NW131817,2026-02-01,,706,255500.00,1601.70,2022,SEMINUEVOS 
16807,JN8BT27T9MW129602,2026-02-01,,706,234500.00,1470.05,2021,SEMINUEVOS 
16808,3N6AD33B4SK807010,2026-02-01,,663,571200.00,3580.79,2025,SEMINUEVOS 
16809,MDHBD0FA5TG000780,2026-02-01,,677,397900.00,56.46,2026,SEMINUEVOS 
16810,3N1CK3CEXML210035,2026-02-01,,678,141800.00,888.93,2021,SEMINUEVOS 
16811,3N1AB7AD7KY384427,2026-02-01,,694,149600.00,100.48,2019,SEMINUEVOS 
16812,3N1AB8AEXPY205321,2026-02-01,,694,255600.00,1602.33,2023,SEMINUEVOS 
16813,MALA84BC3LM394132,2026-02-01,,664,131800.00,826.24,2020,SEMINUEVOS 
16814,3N1AB8AE5RY231974,2026-02-01,,694,281300.00,1763.44,2024,SEMINUEVOS 
16815,3N1CK3CE7SL216310,2026-02-01,,678,264080.45,295.62,2025,NUEVO 
16816,JN8CT3MT6TW011987,2026-02-01,,706,852216.03,4382.99,2026,FLOTILLA 
16817,JN6BE6CS0S9124551,2026-02-01,,701,548038.01,1715.66,2025,FLOTILLA 
16818,JN6BE6CS1S9124560,2026-02-01,,701,548038.01,1715.66,2025,FLOTILLA 
16819,JN6BE6CS0S9124582,2026-02-01,,701,548038.00,1470.57,2025,FLOTILLA 
16820,MBHWBA3S3RG542005,2026-02-01,,653,217400.00,1215.33,2024,SEMINUEVOS 
16821,1FDWF3G66KEF26591,2026-02-01,,661,446500.00,2496.06,2019,SEMINUEVOS 
16822,JN1BE6DS3L9036096,2026-02-01,,701,363200.00,1137.02,2020,SEMINUEVOS 
16823,ML3ABT6J6RH007777,2026-02-01,,651,181500.00,1014.64,2024,SEMINUEVOS 
16824,LSGKB5417NV002023,2026-02-01,,656,174200.00,973.83,2022,SEMINUEVOS 
16825,LSGEN53A6RD007649,2026-02-01,,684,200600.00,1121.41,2024,SEMINUEVOS 
16826,93Y1R5F54RJ741253,2026-02-01,,674,161000.00,900.03,2024,SEMINUEVOS 
16827,LZWLLNGL3PB057810,2026-02-01,,655,238200.00,1331.60,2023,SEMINUEVOS 
16828,LZWLLNGL5RB027114,2026-02-01,,655,264400.00,1478.07,2024,SEMINUEVOS 
16829,3N1CN8AE0RK590698,2026-02-01,,704,228300.00,1276.26,2024,SEMINUEVOS 
16830,3N1CN8AE2RK590699,2026-02-01,,704,228300.00,1276.26,2024,SEMINUEVOS 
16831,LSGHD52H0LD022623,2026-02-01,,652,124100.00,693.75,2020,SEMINUEVOS 
16832,JN1BE6DS5L9036701,2026-02-01,,683,363200.00,2030.39,2020,SEMINUEVOS 
16833,JTFAMHCP5L6002819,2026-02-01,,666,321400.00,1796.72,2020,SEMINUEVOS 
16834,JN1BE6DS2N9042233,2026-02-01,,683,435100.00,2432.33,2022,SEMINUEVOS 
16835,3N6AD35A8PK809841,2026-02-01,,682,279200.00,1560.81,2023,SEMINUEVOS 
16836,93Y1R4F54RJ764123,2026-02-01,,674,141700.00,792.14,2024,SEMINUEVOS 
16837,3N1CN8AEXSL890474,2026-02-01,,704,346452.05,1936.76,2025,FLOTILLA 
16838,3N1CN8AE2SL890453,2026-02-01,,704,346452.05,1936.76,2025,FLOTILLA 
16839,3N6AD33A5TK814377,2026-02-01,,663,439774.04,2458.46,2026,FLOTILLA 
16840,9FB5R2VD1PM318721,2026-02-01,,697,194100.00,954.86,2023,SEMINUEVOS 
16841,JN1BE6DS3L9035773,2026-02-01,,701,360800.00,1694.26,2020,SEMINUEVOS 
16842,JN8CT3MT3RW003743,2026-02-01,,706,540700.00,2780.85,2024,SEMINUEVOS 
16843,3N1CN8AE8SK634999,2026-02-01,,704,329447.61,1841.70,2025,FLOTILLA 
16844,3N1CN8AE9SL897075,2026-02-01,,704,379399.52,339.35,2025,FLOTILLA 
16845,3N1CK3CE1SL220725,2026-02-01,,678,265870.32,713.42,2025,FLOTILLA 
16846,MMBNLV566NH058057,2026-02-01,,675,325100.00,1453.92,2022,SEMINUEVOS 
16847,JN8CT3MTXTW012141,2026-02-01,,706,771255.11,3449.22,2026,FLOTILLA 
16848,3N1CK3CE0SL221283,2026-02-01,,678,265870.33,1189.03,2025,FLOTILLA 
16849,LSGHD52H5ND124566,2026-02-01,,652,144400.00,581.21,2022,SEMINUEVOS 
16850,3N1AB8AE8NY259018,2026-02-01,,694,238500.00,959.96,2022,SEMINUEVOS 
16851,JN8CT3MTXPW000822,2026-02-01,,706,459400.00,1540.90,2023,SEMINUEVOS 
16852,3N1CN8AEXPL843839,2026-02-01,,704,227600.00,459.79,2023,SEMINUEVOS 
16853,LSJA36E92PZ018476,2026-02-01,,679,175400.00,705.99,2023,SEMINUEVOS 
16854,VSSCE6KJ9RR101391,2026-02-01,,668,234100.00,942.25,2024,SEMINUEVOS 
16855,MNTFP5CP2T6020093,2026-02-01,,672,544669.37,1705.12,2026,FLOTILLA 
16856,3N1CK3CE2SL221012,2026-02-01,,678,265870.32,416.16,2025,FLOTILLA 
16857,3N1CK3CE7SL207929,2026-02-01,,678,264080.45,590.51,2025,FLOTILLA 
16858,3N1CK3CE8SL207843,2026-02-01,,678,264080.45,885.77,2025,FLOTILLA 
16859,3N6AD35A2TK810090,2026-02-01,,682,438905.20,1766.59,2026,FLOTILLA 
16860,3N8AP6HE3TL354061,2026-02-01,,672,506464.76,1470.44,2026,FLOTILLA 
16861,3N1AB8AE7RY390446,2026-02-01,,694,333500.00,744.82,2024,SEMINUEVOS 
16862,3GCPW9EH8MG259272,2026-02-01,,695,438800.00,1077.99,2021,SEMINUEVOS 
16863,JN1BE6DS8L9036658,2026-02-01,,701,360800.00,886.37,2020,SEMINUEVOS 
16864,AFAHR6CA1LP111027,2026-02-01,,690,226300.00,555.94,2020,SEMINUEVOS 
16865,3N1CN8AE3ML916318,2026-02-01,,704,218000.00,486.87,2021,SEMINUEVOS 
16866,3N1CN7AE4SK418772,2026-02-01,,702,275746.56,123.17,2025,FLOTILLA 
16867,LZWNNNGM9PC822184,2026-02-01,,699,178100.00,238.65,2023,SEMINUEVOS 
16868,LSGHD52H6LD071390,2026-02-01,,652,123000.00,164.82,2020,SEMINUEVOS 
16869,MR0CX3DD4N1329732,2026-02-01,,667,295100.00,395.43,2022,SEMINUEVOS 
16870,93Y1R5F54PJ096178,2026-02-01,,674,154900.00,207.57,2023,SEMINUEVOS 
16871,MNTFP5CP2T6020093,2026-02-01,,672,544669.37,121.64,2026,NUEVO 
16872,3N1CK3CE1SL224256,2026-02-01,,678,265870.33,356.27,2025,FLOTILLA 
16873,3N1CN8AE2SL891070,2026-02-01,,704,346452.04,77.37,2025,FLOTILLA 
16874,3N1CN8AE2SL891148,2026-02-01,,704,346452.04,77.37,2025,FLOTILLA 
16875,3N1CN8AE0SL891083,2026-02-01,,704,346452.04,77.37,2025,FLOTILLA 
16876,3N1CN8AE4SL891121,2026-02-01,,704,346452.04,77.37,2025,FLOTILLA 
16877,3N1CN8AE0SL891116,2026-02-01,,704,346452.04,77.37,2025,FLOTILLA 
16878,MNTFP5CP2T6020093,2026-02-01,,672,544669.37,486.57,2026,FLOTILLA 
16879,3N1CN8AE7SK635531,2026-02-01,,704,346452.05,232.12,2025,FLOTILLA 
16880,3N1CN7AE4SK418772,2026-02-01,,702,275746.56,184.75,2025,NUEVO 
16881,JN1BE6DS3R9101103,2026-02-01,,701,543000.00,242.54,2024,SEMINUEVOS 
16882,3N1CN8AE7SL890822,2026-02-01,,704,346452.04,77.37,2025,NUEVO 
16883,3N1CN8AE5SL890947,2026-02-01,,704,346452.04,77.37,2025,NUEVO 
16884,3N1CN8AEXSL891155,2026-02-01,,704,346452.04,77.37,2025,NUEVO 
16885,3N1CN8AEXSL890815,2026-02-01,,704,346452.04,77.37,2025,NUEVO 
16886,3N1CN8AE4SK603801,2026-01-01,1385,704,369485.38,1707.58,2025,DEMO 
16887,MDHBD0FA7SG001802,2026-01-01,1382,677,409081.98,1947.03,2025,DEMO 
16888,MDHBD0FA2SG000430,2026-01-01,1300,677,409081.98,139.91,2025,DEMO 
16889,MDHBD0FA6SG001919,2026-01-01,1385,677,409081.98,1947.03,2025,DEMO 
16890,MDHBD0FA6SG003749,2026-01-01,1317,677,392491.66,671.16,2025,NUEVO 
16891,5N1DR3MN5RC314054,2026-01-01,1382,686,1041332.59,5401.39,2024,DEMO 
16892,MNTFP5CP0S6017675,2026-01-01,1331,672,541168.49,4785.88,2025,NUEVO 
16893,3N1CN8AE5SK613186,2026-01-01,1298,704,391773.25,670.59,2025,NUEVO 
16894,3N1AB8AE8SY331377,2026-01-01,1345,694,391853.28,41.53,2025,NUEVO 
16895,3N1CN8AE2SL858893,2026-01-01,1382,704,391773.25,688.87,2025,NUEVO 
16896,3N8AP6HE1SL418029,2026-01-01,1382,672,538755.68,3789.25,2025,DEMO 
16897,3N8AP6HE5SL419913,2026-01-01,1382,672,506464.76,3621.50,2025,DEMO 
16898,JN8CT3MT5SW011008,2026-01-01,1382,706,847816.33,5938.13,2025,DEMO 
16899,3N1AB8AEXSY328223,2026-01-01,1339,694,472259.84,1431.78,2025,NUEVO 
16900,3N1AB8AE1SY349610,2026-01-01,1331,694,426000.20,3870.09,2025,NUEVO 
16901,3N1AB8AE3SY350287,2026-01-01,1382,694,372953.40,739.53,2025,NUEVO 
16902,MNTFP5CP8S6018234,2026-01-01,1382,672,561293.32,4872.03,2025,NUEVO 
16903,3N1AB8AE9SY351329,2026-01-01,1382,694,407219.80,3590.46,2025,NUEVO 
16904,MNTFP5CP2S6017175,2026-01-01,1382,672,531543.96,317.43,2025,NUEVO 
16905,MNTFP5CP7S6017298,2026-01-01,1382,672,561293.32,740.60,2025,NUEVO 
16906,MNTFP5CP8S6017455,2026-01-01,1382,672,531543.96,54.01,2025,NUEVO 
16907,MNTFP5CPXS6018090,2026-01-01,1382,672,541168.48,4697.34,2025,NUEVO 
16908,3N1AB8AE2SY363077,2026-01-01,1382,694,407219.81,421.87,2025,NUEVO 
16909,3N1CN8AE1SK619857,2026-01-01,1331,704,343766.65,2983.89,2025,NUEVO 
16910,3N8AP6HEXSL421804,2026-01-01,1385,672,538755.69,3831.63,2025,DEMO 
16911,3N1CK3CE2SL210768,2026-01-01,1382,678,288245.57,246.99,2025,NUEVO 
16912,3N1CN8AE0SK621860,2026-01-01,1308,704,376740.81,1257.06,2025,NUEVO 
16913,3N8CP5HE1SL490254,2026-01-01,1382,672,429415.24,3235.78,2025,DEMO 
16914,3N8CP5HE8SL492017,2026-01-01,1385,672,429415.24,3235.78,2025,DEMO 
16915,JN8AT3MT7TW054953,2026-01-01,1382,706,706716.89,5325.33,2026,DEMO 
16916,3N8CP5HE8SL488016,2026-01-01,1384,672,429415.25,3680.33,2025,NUEVO 
16917,3N8CP5HE0SL492271,2026-01-01,1382,672,398683.36,3779.85,2025,NUEVO 
16918,3N1AB8AE0SY369329,2026-01-01,1320,694,407219.80,3170.43,2025,NUEVO 
16919,3N1CN8AE0SK618358,2026-01-01,1382,704,343766.65,2963.17,2025,NUEVO 
16920,3N1AB8AE8SY375427,2026-01-01,1382,694,372953.41,366.09,2025,NUEVO 
16921,3N1AB8AE0SY374773,2026-01-01,1382,694,391853.28,628.17,2025,NUEVO 
16922,3N1CN8AE4SK617536,2026-01-01,1331,704,328550.93,2976.31,2025,NUEVO 
16923,3N8CP5HE5SL492380,2026-01-01,1382,672,398683.37,3611.63,2025,NUEVO 
16924,JN8AT3MT6TW054961,2026-01-01,1385,706,706716.89,471.62,2026,DEMO 
16925,3N1CN8AE6NL856181,2026-01-01,1382,704,218800.00,718.70,2022,SEMINUEVOS 
16926,3N1AB8AE2SY378095,2026-01-01,1351,694,407219.80,2488.57,2025,NUEVO 
16927,3N1AB8AE6SY383588,2026-01-01,1382,694,407219.81,1742.00,2025,NUEVO 
16928,3N1AB8AE9SY388168,2026-01-01,1312,694,372953.41,207.88,2025,NUEVO 
16929,3N1CN8AEXSK627553,2026-01-01,1382,704,343766.64,3256.23,2025,NUEVO 
16930,3N6AD35A6SK839414,2026-01-01,1344,682,436301.06,133.31,2025,NUEVO 
16931,3N1AB8AE4SY388787,2026-01-01,1382,694,372953.41,3304.78,2025,NUEVO 
16932,3N1AB8AE5SY392556,2026-01-01,1382,694,372953.40,74.47,2025,NUEVO 
16933,MNTFP5CP7R6007574,2026-01-01,1350,672,327200.00,296.93,2024,SEMINUEVOS 
16934,MNTFP5CPXS6019143,2026-01-01,1382,672,546418.65,3443.74,2025,NUEVO 
16935,3N8CP5HE0SL496370,2026-01-01,1331,672,398683.37,3776.42,2025,NUEVO 
16936,3N6AD33A2SK836822,2026-01-01,1331,663,659969.56,5978.59,2025,NUEVO 
16937,3N1CN8AE3SK630794,2026-01-01,1382,704,376740.81,1481.53,2025,NUEVO 
16938,3N6AD33BXSK841291,2026-01-01,1331,663,687094.21,6443.23,2025,NUEVO 
16939,3N1CN8AE5PL858619,2026-01-01,1382,704,218400.00,996.40,2023,SEMINUEVOS 
16940,3N1CN8AE3SK631556,2026-01-01,1382,704,361666.61,984.64,2025,NUEVO 
16941,MDHBD0FA3SG020637,2026-01-01,1331,677,352728.81,3307.71,2025,NUEVO 
16942,3N1AB8AE8SY389473,2026-01-01,1382,694,407219.81,3732.85,2025,NUEVO 
16943,MDHBD0FA0SG019980,2026-01-01,1382,677,352728.81,472.74,2025,NUEVO 
16944,JN1BE6DS4S9121656,2026-01-01,1382,701,645301.69,6051.32,2025,NUEVO 
16945,3N1CN8AE4PL858658,2026-01-01,1382,704,216900.00,438.41,2023,SEMINUEVOS 
16946,3N1CN8AE2PL861137,2026-01-01,1382,704,216900.00,1266.52,2023,SEMINUEVOS 
16947,JN1BE6DS4L9036916,2026-01-01,1382,683,376400.00,2203.40,2020,SEMINUEVOS 
16948,9BWBL6BF5P4039177,2026-01-01,1382,698,257300.00,661.26,2023,SEMINUEVOS 
16949,9BWBL6BF0P4039779,2026-01-01,1382,698,257300.00,661.26,2023,SEMINUEVOS 
16950,MEX6A2604NT024356,2026-01-01,1382,687,177700.00,1040.24,2022,SEMINUEVOS 
16951,3N1AB8AE7SY359672,2026-01-01,1304,694,409779.93,3282.34,2025,NUEVO 
16952,3N1AB8AE4SY408195,2026-01-01,1382,694,375550.65,2773.68,2025,NUEVO 
16953,3N6AD33A8SK844018,2026-01-01,1331,663,662512.60,6144.25,2025,NUEVO 
16954,3N6AD33A9SK844190,2026-01-01,1285,663,662512.60,4162.24,2025,NUEVO 
16955,MDHBD0FA8SG024599,2026-01-01,1303,677,352728.81,3094.31,2025,NUEVO 
16956,3N8CP5HEXSL501414,2026-01-01,1382,672,398683.37,694.77,2025,NUEVO 
16957,3N8CP5HE0SL501244,2026-01-01,1382,672,398683.37,3697.46,2025,NUEVO 
16958,3N1AB8AE1SY405223,2026-01-01,1382,694,375550.65,532.14,2025,NUEVO 
16959,3N1CK3CE8SL216610,2026-01-01,1382,678,290035.45,48.07,2025,NUEVO 
16960,3N1CN8AE9SK632369,2026-01-01,1331,704,361666.61,3357.27,2025,NUEVO 
16961,3N6AD33A6SK843059,2026-01-01,1382,663,662512.61,6149.96,2025,NUEVO 
16962,3N8CP5HE4SL501201,2026-01-01,1331,672,398683.37,3700.89,2025,NUEVO 
16963,3N8CP5HE0SL504001,2026-01-01,1382,672,398683.37,3700.89,2025,NUEVO 
16964,MDHBD0FA0SG022345,2026-01-01,1382,677,352728.81,125.20,2025,NUEVO 
16965,LSGEN53AXPD011345,2026-01-01,1297,684,222300.00,723.22,2023,SEMINUEVOS 
16966,3N1CN7AEXSK412491,2026-01-01,1382,702,275746.56,35.01,2025,NUEVO 
16967,3N6AD35A6SK847707,2026-01-01,1382,682,438905.20,3331.78,2025,FLOTILLA 
16968,3N6AD35A8SK847983,2026-01-01,1382,682,438905.20,3331.78,2025,FLOTILLA 
16969,3N6AD33B6SK847167,2026-01-01,1331,663,689636.88,6104.82,2025,NUEVO 
16970,MDHBD0FA1SG020717,2026-01-01,1310,677,392658.33,3475.90,2025,NUEVO 
16971,JN8CT3MT6TW011522,2026-01-01,1382,706,852216.03,7544.01,2026,NUEVO 
16972,JTFAMHCP5N6005156,2026-01-01,1328,666,378100.00,1640.11,2022,SEMINUEVOS 
16973,2HGFE2640NH851995,2026-01-01,1382,658,302500.00,1517.21,2022,SEMINUEVOS 
16974,3N1AB8AE9SY417846,2026-01-01,1382,694,375550.64,3324.46,2025,NUEVO 
16975,3N1AB8AEXSY410002,2026-01-01,1382,694,375550.64,1930.33,2025,NUEVO 
16976,JN8CT3MT7TW011478,2026-01-01,1382,706,771255.10,220.24,2026,NUEVO 
16977,MNTFP5CP5S6018840,2026-01-01,1283,672,536794.13,3056.15,2025,FLOTILLA 
16978,3N1CK3CE0SL220652,2026-01-01,1331,678,285561.33,2399.98,2025,NUEVO 
16979,JN1BE6DS4S9122676,2026-01-01,1382,701,696393.89,2585.17,2025,NUEVO 
16980,JN1BE6DS3S9122216,2026-01-01,1331,701,652953.04,5780.09,2025,NUEVO 
16981,3N1CN7AE4SK410915,2026-01-01,1382,702,275746.56,2056.76,2025,FLOTILLA 
16982,3N1CN7AE3SK411036,2026-01-01,1382,702,275746.57,2056.76,2025,FLOTILLA 
16983,3N1CN7AE1SK410922,2026-01-01,1382,702,275746.57,2056.76,2025,FLOTILLA 
16984,3N1CN7AEXSK410921,2026-01-01,1382,702,275746.57,2130.22,2025,FLOTILLA 
16985,3N1CN7AE7SK411718,2026-01-01,1382,702,275746.57,2130.22,2025,FLOTILLA 
16986,3N1CN7AE5SK411023,2026-01-01,1382,702,275746.56,2130.22,2025,FLOTILLA 
16987,3N1CN7AE5SK411815,2026-01-01,1382,702,275746.56,2130.22,2025,FLOTILLA 
16988,93Y1R5F5XRJ837338,2026-01-01,1348,674,158700.00,1194.29,2024,SEMINUEVOS 
16989,JN1BE6DSXL9036130,2026-01-01,1382,683,374300.00,2816.79,2020,SEMINUEVOS 
16990,3N6AD33A7PK817447,2026-01-01,1382,663,489900.00,3686.74,2023,SEMINUEVOS 
16991,3N6AD33A2PK884098,2026-01-01,1382,663,379700.00,422.55,2023,SEMINUEVOS 
16992,MAKGN2658N4302751,2026-01-01,1382,657,214600.00,1086.17,2022,SEMINUEVOS 
16993,3N1CN8AE1SK629823,2026-01-01,1382,704,328550.93,2625.67,2025,FLOTILLA 
16994,3N1CN8AE4SK635034,2026-01-01,1382,704,329447.60,2720.60,2025,FLOTILLA 
16995,3N1CN8AE1SK633712,2026-01-01,1382,704,329447.60,2720.60,2025,FLOTILLA 
16996,3N1AB8AE6SY417979,2026-01-01,1382,694,394413.40,3491.44,2025,NUEVO 
16997,3N1AB8AE7SY405646,2026-01-01,1382,694,375550.64,2527.15,2025,NUEVO 
16998,3N1AB8AE3SY419320,2026-01-01,1382,694,394413.40,674.04,2025,NUEVO 
16999,3N1CK3CE1SL219770,2026-01-01,1331,678,285561.32,2399.98,2025,NUEVO 
17000,3N1CK3CE2SL220281,2026-01-01,1382,678,285561.32,2399.98,2025,NUEVO 
17001,3N1CK3CE4SL221223,2026-01-01,1331,678,285561.33,2358.18,2025,NUEVO 
17002,3N1CK3CE2SL220247,2026-01-01,1331,678,285561.33,2358.18,2025,NUEVO 
17003,3N1CK3CE0SL221753,2026-01-01,1331,678,285561.33,2358.18,2025,NUEVO 
17004,3N1CK3CE8SL220561,2026-01-01,1382,678,285561.33,86.28,2025,NUEVO 
17005,3N1CN8AE8SK638129,2026-01-01,1314,704,329447.60,1273.49,2025,NUEVO 
17006,3N1CN8AE1SK637369,2026-01-01,1331,704,346452.05,2861.02,2025,NUEVO 
17007,JN8CT3MT8TW011361,2026-01-01,1382,706,771255.11,3523.78,2026,NUEVO 
17008,MDHBD0FA8SG029091,2026-01-01,1331,677,352728.81,2964.49,2025,NUEVO 
17009,9BHCP4AC5PP430534,2026-01-01,1375,665,225400.00,1801.32,2023,SEMINUEVOS 
17010,3N1CN8AE2SK632925,2026-01-01,1283,704,343766.65,2838.84,2025,FLOTILLA 
17011,MNTFP5CP5S6018739,2026-01-01,1283,672,536794.13,4003.89,2025,FLOTILLA 
17012,MNTFP5CP5S6018787,2026-01-01,1283,672,536794.13,4003.89,2025,FLOTILLA 
17013,MNTFP5CP5S6018790,2026-01-01,1283,672,536794.13,4003.89,2025,FLOTILLA 
17014,MNTFP5CP5S6018823,2026-01-01,1283,672,536794.13,4003.89,2025,FLOTILLA 
17015,MNTFP5CP5S6018837,2026-01-01,1283,672,536794.13,4003.89,2025,FLOTILLA 
17016,3N1AB8AE3SY349124,2026-01-01,1331,694,426000.21,3517.93,2025,NUEVO 
17017,3N1CN8AE7SK635531,2026-01-01,1331,704,346452.05,2861.02,2025,NUEVO 
17018,JTDKARFUXK3088240,2026-01-01,1382,688,208900.00,694.93,2019,SEMINUEVOS 
17019,MNTFP5CP1S6019287,2026-01-01,1283,672,536794.12,4063.08,2025,FLOTILLA 
17020,JN8CT3MT9TW011062,2026-01-01,1283,706,771255.10,5837.76,2026,FLOTILLA 
17021,JN8CT3MTXTW011989,2026-01-01,1283,706,771255.11,5649.44,2026,FLOTILLA 
17022,JN8CT3MT3TW012076,2026-01-01,1283,706,771255.11,5272.81,2026,FLOTILLA 
17023,3N6AD33A8SK847503,2026-01-01,1283,663,439774.05,3328.72,2025,FLOTILLA 
17024,3N6AD33A6SK847600,2026-01-01,1331,663,439774.04,3328.72,2025,NUEVO 
17025,3N1AB8AE1SY422829,2026-01-01,1382,694,375550.64,1881.24,2025,NUEVO 
17026,3N1AB8AE9SY425350,2026-01-01,1331,694,409779.93,3383.99,2025,NUEVO 
17027,3N1CN7AE1SK413108,2026-01-01,1354,702,275746.56,1472.28,2025,NUEVO 
17028,3N1CK3CE6SL220106,2026-01-01,1331,678,285561.32,2358.18,2025,NUEVO 
17029,3N1CN8AE6SL892514,2026-01-01,1331,704,346452.04,2861.02,2025,NUEVO 
17030,3N6AD33A2SK847545,2026-01-01,1283,663,439774.04,2147.56,2025,FLOTILLA 
17031,3N6AD33A7SK847637,2026-01-01,1283,663,439774.04,2254.94,2025,FLOTILLA 
17032,3N1CN8AEXSK638911,2026-01-01,1382,704,379399.52,68.40,2025,NUEVO 
17033,3N8CP5HE3SL501724,2026-01-01,1331,672,398683.37,3350.71,2025,NUEVO 
17034,JN8CT3MT2TW011873,2026-01-01,1382,706,771255.11,205.45,2026,NUEVO 
17035,JN1BE6DS3S9122961,2026-01-01,1307,701,696393.89,5750.86,2025,NUEVO 
17036,3N8AP6HE4TL325958,2026-01-01,1331,672,482601.24,3985.35,2026,NUEVO 
17037,3N8AP6HE7TL344228,2026-01-01,1382,672,482601.24,2226.70,2026,NUEVO 
17038,JN8CT3MT2RW002521,2026-01-01,1385,706,560200.00,4240.25,2024,SEMINUEVOS 
17039,3N6AD33A4TK804195,2026-01-01,1309,663,582836.84,155.26,2026,NUEVO 
17040,3N6AD33A1MK832568,2026-01-01,1327,663,254800.00,995.42,2021,SEMINUEVOS 
17041,MEX5A2600MT150112,2026-01-01,1295,703,152000.00,1150.51,2021,SEMINUEVOS 
17042,LSGEN53A2PD155598,2026-01-01,1349,684,179800.00,834.12,2023,SEMINUEVOS 
17043,3N1CK3CE0SL222854,2026-01-01,1382,678,285561.32,2091.74,2025,NUEVO 
17044,3N1AB8AE4SY419083,2026-01-01,1352,694,409779.92,3101.69,2025,NUEVO 
17045,3N1CN7AE1SK413786,2026-01-01,1381,702,275746.56,2203.67,2025,NUEVO 
17046,3N1CN7AE5SK416173,2026-01-01,1382,702,275746.56,2277.13,2025,NUEVO 
17047,3N1CN7AE8SK416538,2026-01-01,1382,702,275746.56,1836.40,2025,NUEVO 
17048,3N1CN8AE9SL891907,2026-01-01,1382,704,346452.04,2622.35,2025,NUEVO 
17049,3N6AD35A5TK806017,2026-01-01,1344,682,438905.20,116.92,2026,NUEVO 
17050,3N6AD33A3TK805421,2026-01-01,1382,663,582836.84,1992.33,2026,NUEVO 
17051,3N6AD35A0TK806054,2026-01-01,1382,682,438905.20,737.71,2026,NUEVO 
17052,3N6AD33A3TK805953,2026-01-01,1331,663,662512.60,5014.67,2026,NUEVO 
17053,3N6AD33A5TK805419,2026-01-01,1382,663,582836.84,4411.59,2026,NUEVO 
17054,3N6AD33B3TK805637,2026-01-01,1383,663,689636.89,3430.87,2026,NUEVO 
17055,3N8AP6HE7TL344049,2026-01-01,1377,672,506464.76,4182.41,2026,NUEVO 
17056,3N8AP6HE9TL342450,2026-01-01,1331,672,506464.76,4182.41,2026,NUEVO 
17057,3N8AP6HE6TL343135,2026-01-01,1329,672,538755.68,3026.78,2026,NUEVO 
17058,3N8AP6HEXTL328637,2026-01-01,1382,672,482601.24,3652.89,2026,NUEVO 
17059,3N8AP6HE8TL341869,2026-01-01,1382,672,482601.24,3652.89,2026,NUEVO 
17060,1N4AL4AP9PN393904,2026-01-01,1385,650,403000.00,3050.37,2023,SEMINUEVOS 
17061,JN8AT3MT7TW059747,2026-01-01,1331,706,710477.39,757.05,2026,FLOTILLA 
17062,MNTFP5CP2T6019915,2026-01-01,1331,672,575294.52,3230.76,2026,NUEVO 
17063,MNTFP5CP0T6020108,2026-01-01,1331,672,554293.88,3112.82,2026,NUEVO 
17064,MNTFP5CP7T6019697,2026-01-01,1331,672,575294.52,3230.76,2026,NUEVO 
17065,MNTFP5CP4T6020435,2026-01-01,1331,672,554293.88,3112.82,2026,NUEVO 
17066,JTFAMHCP0N6004769,2026-01-01,1321,666,377200.00,2084.55,2022,SEMINUEVOS 
17067,1FMSK7DH5LGC17126,2026-01-01,1382,660,441100.00,2861.64,2020,SEMINUEVOS 
17068,3N8AP6HE9TL345963,2026-01-01,1382,672,538755.69,1682.86,2026,FLOTILLA 
17069,3N1CN8AE2SK638899,2026-01-01,1382,704,379399.53,2571.05,2025,NUEVO 
17070,3N1CK3CE4SL222145,2026-01-01,1286,678,285561.32,1324.77,2025,NUEVO 
17071,3N1CK3CE4SL222193,2026-01-01,1382,678,310620.81,2123.61,2025,NUEVO 
17072,3N1CK3CE4SL220797,2026-01-01,1382,678,310620.81,141.86,2025,NUEVO 
17073,3N1CK3CE2SL222337,2026-01-01,1331,678,285561.33,2161.46,2025,NUEVO 
17074,3N1CK3CE5SL222218,2026-01-01,1331,678,285561.33,2161.46,2025,NUEVO 
17075,3N1CK3CE2SL222192,2026-01-01,1382,678,285561.33,1165.48,2025,NUEVO 
17076,3N1CN7AE0SK418235,2026-01-01,1325,702,275746.57,403.97,2025,NUEVO 
17077,3N1CN8AE8SK634999,2026-01-01,1331,704,329447.61,351.04,2025,FLOTILLA 
17078,3N1CN7AE8SK419374,2026-01-01,1340,702,275746.57,403.97,2025,NUEVO 
17079,3N6AD33AXTK805948,2026-01-01,1382,663,662512.60,5014.67,2026,NUEVO 
17080,3N6AD33B0TK803120,2026-01-01,1382,663,689636.88,5219.98,2026,NUEVO 
17081,3N6AD33A9TK806072,2026-01-01,1382,663,662512.60,970.58,2026,NUEVO 
17082,3N6AD33B9TK805853,2026-01-01,1382,663,689636.89,5219.98,2026,NUEVO 
17083,3N6AD31A9TK806141,2026-01-01,1331,682,439774.05,3328.72,2026,NUEVO 
17084,JN8CT3MT0TW011841,2026-01-01,1382,706,852216.04,3517.55,2026,NUEVO 
17085,3N8AP6HE6TL344351,2026-01-01,1382,672,506464.77,3833.52,2026,NUEVO 
17086,3N8AP6HE2TL344783,2026-01-01,1382,672,538755.69,3551.75,2026,NUEVO 
17087,3N8AP6HE7TL345976,2026-01-01,1331,672,506464.77,3833.52,2026,NUEVO 
17088,3N8AP6HE7TL341961,2026-01-01,1382,672,482601.25,3652.89,2026,NUEVO 
17089,3N8AP6HE9TL345932,2026-01-01,1279,672,538755.69,4077.93,2026,NUEVO 
17090,3N8AP6HE4TL343585,2026-01-01,1382,672,506464.77,2196.57,2026,NUEVO 
17091,3N1AB8AE1SY319605,2026-01-01,1382,694,391853.29,2636.30,2025,FLOTILLA 
17092,3N1AB8AE0PY201455,2026-01-01,1318,694,235500.00,339.51,2023,SEMINUEVOS 
17093,3N1AB8AE3RY337744,2026-01-01,1388,694,272800.00,1310.96,2024,SEMINUEVOS 
17094,3N1CK3CE3SL222668,2026-01-01,1382,678,290035.45,1060.13,2025,NUEVO 
17095,MDHBD0FA6SG028859,2026-01-01,1382,677,352728.81,1662.70,2025,NUEVO 
17096,JN8CT3MT1TW011606,2026-01-01,1390,706,852216.04,2177.38,2026,NUEVO 
17097,3N8CP5HE7SL501368,2026-01-01,1382,672,429415.25,2656.51,2025,NUEVO 
17098,3N8CP5HE3SL503795,2026-01-01,1346,672,398683.37,191.59,2025,NUEVO 
17099,MDHBD0FA5SG009266,2026-01-01,1331,677,392658.33,2924.76,2025,NUEVO 
17100,JN1BE6DS6N9042073,2026-01-01,1382,683,438700.00,3267.71,2022,SEMINUEVOS 
17101,JN1BE6DSXM9040308,2026-01-01,1382,683,404600.00,3013.71,2021,SEMINUEVOS 
17102,JN1BE6DS3L9038995,2026-01-01,1382,683,372600.00,2327.72,2020,SEMINUEVOS 
17103,JN1BE6DS6L9036626,2026-01-01,1382,683,372600.00,2775.35,2020,SEMINUEVOS 
17104,LSGKB5417NV057698,2026-01-01,1382,656,205200.00,1528.46,2022,SEMINUEVOS 
17105,VF1HR2NB8PC382526,2026-01-01,1382,673,292300.00,2177.23,2023,SEMINUEVOS 
17106,LSGKB5415NV000108,2026-01-01,1382,656,188500.00,724.68,2022,SEMINUEVOS 
17107,MDHBD0FA9SG029388,2026-01-01,1311,677,392658.33,2383.04,2025,NUEVO 
17108,MNTFP5CP2T6020093,2026-01-01,1283,672,544669.37,4057.03,2026,FLOTILLA 
17109,3N6AD31A5TK806007,2026-01-01,1382,682,439774.04,3064.37,2026,FLOTILLA 
17110,MDHBD0FA2SG021309,2026-01-01,1382,677,392658.32,1449.21,2025,NUEVO 
17111,3N8AP6HE7TL344777,2026-01-01,1382,672,538755.68,1665.35,2026,FLOTILLA 
17112,3N1CK3CEXSL223333,2026-01-01,1305,678,265870.33,1201.14,2025,FLOTILLA 
17113,3N6AD31A4TK809979,2026-01-01,1382,682,439774.04,3032.49,2026,FLOTILLA 
17114,3N1CN8AEXSL890474,2026-01-01,1283,704,346452.05,2553.74,2025,NUEVO 
17115,3N1CN8AE2SL890453,2026-01-01,1283,704,346452.05,2553.74,2025,NUEVO 
17116,3N1CN8AE7SL892912,2026-01-01,1331,704,346452.05,2553.74,2025,NUEVO 
17117,3N1CN8AEXSL892838,2026-01-01,1331,704,346452.05,2553.74,2025,NUEVO 
17118,3N8AP6HE3TL354061,2026-01-01,1331,672,506464.76,3733.21,2026,FLOTILLA 
17119,3N1CN8AE5SL891743,2026-01-01,1283,704,346452.05,2553.74,2025,FLOTILLA 
17120,3N1CN8AE9SL893057,2026-01-01,1283,704,346452.05,2553.74,2025,FLOTILLA 
17121,3N1CN8AE6SL893534,2026-01-01,1283,704,346452.05,2553.74,2025,FLOTILLA 
17122,3N1CN8AE5SL893637,2026-01-01,1283,704,346452.05,2553.74,2025,FLOTILLA 
17123,3N1CN8AE1SL890542,2026-01-01,1283,704,346452.05,2553.74,2025,FLOTILLA 
17124,3N1CN8AE2SL893319,2026-01-01,1283,704,346452.05,2553.74,2025,FLOTILLA 
17125,3N1CN8AE1SL893831,2026-01-01,1283,704,346452.05,2553.74,2025,FLOTILLA 
17126,3N1CN8AE3SL891725,2026-01-01,1283,704,346452.05,2553.74,2025,FLOTILLA 
17127,3N1CN8AE7SL893459,2026-01-01,1283,704,346452.05,2553.74,2025,FLOTILLA 
17128,3N1CN8AE4SL890549,2026-01-01,1283,704,346452.05,2553.74,2025,FLOTILLA 
17129,3N1CN8AE4SL890695,2026-01-01,1283,704,346452.05,2553.74,2025,FLOTILLA 
17130,3N1CN8AE1SL890623,2026-01-01,1283,704,346452.05,2553.74,2025,FLOTILLA 
17131,3N1CN8AE5SL890575,2026-01-01,1283,704,346452.05,2553.74,2025,FLOTILLA 
17132,3N1CN8AEXSL891740,2026-01-01,1283,704,346452.05,2553.74,2025,FLOTILLA 
17133,3N1CN8AE1SL891948,2026-01-01,1283,704,346452.05,2553.74,2025,FLOTILLA 
17134,3N1CN8AE0SL890600,2026-01-01,1283,704,346452.05,2553.74,2025,FLOTILLA 
17135,3N1CN8AE6SL892464,2026-01-01,1283,704,346452.05,2553.74,2025,FLOTILLA 
17136,3N1CN8AE5SL892620,2026-01-01,1283,704,346452.05,2553.74,2025,FLOTILLA 
17137,3N1CN8AE4SL892589,2026-01-01,1283,704,346452.05,2553.74,2025,FLOTILLA 
17138,3N1CN8AEXSL890622,2026-01-01,1283,704,346452.05,2553.74,2025,FLOTILLA 
17139,3N1CN8AE6SL893226,2026-01-01,1283,704,346452.05,2553.74,2025,FLOTILLA 
17140,3N1CN8AE5SL893377,2026-01-01,1283,704,346452.05,2553.74,2025,FLOTILLA 
17141,3N1CN8AE0SL894078,2026-01-01,1283,704,346452.05,2553.74,2025,FLOTILLA 
17142,3N1CN8AE9SL893964,2026-01-01,1283,704,346452.05,2553.74,2025,FLOTILLA 
17143,3N1CN8AE9SL890563,2026-01-01,1283,704,346452.05,2553.74,2025,FLOTILLA 
17144,3N1CN8AE6SL896479,2026-01-01,1283,704,346452.05,2553.74,2025,FLOTILLA 
17145,3N1CN8AE6SL892304,2026-01-01,1283,704,346452.05,2553.74,2025,FLOTILLA 
17146,3N1CN8AE1SL892520,2026-01-01,1283,704,346452.05,2553.74,2025,FLOTILLA 
17147,3N1CN8AE6SL892934,2026-01-01,1283,704,346452.05,2553.74,2025,FLOTILLA 
17148,3N1CN8AE3SL892583,2026-01-01,1283,704,346452.05,2553.74,2025,FLOTILLA 
17149,3N1CN8AE2SL890551,2026-01-01,1283,704,346452.05,2553.74,2025,FLOTILLA 
17150,3N1CN8AE7SL890447,2026-01-01,1283,704,346452.05,2553.74,2025,FLOTILLA 
17151,3N1CN8AE3SL890493,2026-01-01,1283,704,346452.05,2553.74,2025,FLOTILLA 
17152,3N1CN8AE8SL892174,2026-01-01,1283,704,346452.05,2553.74,2025,FLOTILLA 
17153,3N1CN8AE7SL892120,2026-01-01,1283,704,346452.05,2553.74,2025,FLOTILLA 
17154,3N1CN8AE5SL892195,2026-01-01,1283,704,346452.05,2553.74,2025,FLOTILLA 
17155,3N1CN8AE0SL892024,2026-01-01,1283,704,346452.05,2553.74,2025,FLOTILLA 
17156,3N1CN8AE9SL892250,2026-01-01,1283,704,346452.05,2553.74,2025,FLOTILLA 
17157,3N1CN8AE6SL892366,2026-01-01,1283,704,346452.05,2553.74,2025,FLOTILLA 
17158,3N1CN8AE8SL892398,2026-01-01,1283,704,346452.05,2553.74,2025,FLOTILLA 
17159,JN6BE6CS2S9124177,2026-01-01,1283,701,548038.01,2345.60,2025,FLOTILLA 
17160,JN6BE6CS2S9124048,2026-01-01,1283,701,548038.01,2345.60,2025,FLOTILLA 
17161,JN6BE6CS9S9124063,2026-01-01,1283,701,548038.01,2345.60,2025,FLOTILLA 
17162,JN8CT3MT2TW012165,2026-01-01,1283,706,771255.11,5685.01,2026,FLOTILLA 
17163,JN6BE6CS9S9124158,2026-01-01,1283,701,548038.00,1042.49,2025,FLOTILLA 
17164,JN6BE6CS7S9124076,2026-01-01,1283,701,548038.00,1042.49,2025,FLOTILLA 
17165,JN6BE6CSXS9124069,2026-01-01,1283,701,548038.00,912.18,2025,FLOTILLA 
17166,JN6BE6CS6S9124067,2026-01-01,1283,701,548038.00,912.18,2025,FLOTILLA 
17167,JN6BE6CS4S9124133,2026-01-01,1283,701,548038.00,912.18,2025,FLOTILLA 
17168,3N8AP6HE1TL345049,2026-01-01,1289,672,506464.76,1685.96,2026,FLOTILLA 
17169,JN6BE6CSXS9124170,2026-01-01,1283,701,548038.01,781.87,2025,FLOTILLA 
17170,JN8CT3MT3TW012112,2026-01-01,1283,706,771255.10,5685.01,2026,FLOTILLA 
17171,JN8CT3MT5TW012130,2026-01-01,1283,706,771255.10,5685.01,2026,FLOTILLA 
17172,JN8CT3MT7TW012162,2026-01-01,1283,706,771255.10,5685.01,2026,FLOTILLA 
17173,JN8CT3MT5TW012094,2026-01-01,1283,706,771255.10,5685.01,2026,FLOTILLA 
17174,JN6BE6CS3S9124169,2026-01-01,1283,701,548038.00,130.31,2025,FLOTILLA 
17175,JN6BE6CS7S9124174,2026-01-01,1283,701,548038.00,130.31,2025,FLOTILLA 
17176,JN8CT3MT0TW012133,2026-01-01,1283,706,771255.10,5685.01,2026,FLOTILLA 
17177,JN8CT3MT9TW012132,2026-01-01,1283,706,771255.10,5685.01,2026,FLOTILLA 
17178,JN8CT3MT4TW012135,2026-01-01,1283,706,771255.10,5685.01,2026,FLOTILLA 
17179,JN6BE6CS3S9124091,2026-01-01,1283,701,548038.00,130.31,2025,FLOTILLA 
17180,JN6BE6CS5S9124089,2026-01-01,1283,701,548038.00,130.31,2025,FLOTILLA 
17181,VF1HR2NB5PC382659,2026-01-01,1382,673,294100.00,1200.04,2023,SEMINUEVOS 
17182,988611554NK477364,2026-01-01,1316,692,232600.00,902.40,2022,SEMINUEVOS 
17183,9BWDL5BZ2LP027137,2026-01-01,1324,705,158700.00,75.47,2020,SEMINUEVOS 
17184,3N1CK3CE7SL221166,2026-01-01,1305,678,265870.32,424.95,2025,FLOTILLA 
17185,3N1CK3CE3SL220242,2026-01-01,1305,678,265870.32,424.95,2025,FLOTILLA 
17186,3N1CK3CE3SL220922,2026-01-01,1305,678,265870.32,424.95,2025,FLOTILLA 
17187,3N1CK3CE4SL220900,2026-01-01,1305,678,265870.32,424.95,2025,FLOTILLA 
17188,3N1CK3CE5SL221067,2026-01-01,1305,678,265870.32,424.95,2025,FLOTILLA 
17189,3N1CK3CE8SL221001,2026-01-01,1305,678,265870.32,424.95,2025,FLOTILLA 
17190,3N1CK3CE8SL221077,2026-01-01,1305,678,265870.32,424.95,2025,FLOTILLA 
17191,3N1CK3CE5SL221473,2026-01-01,1305,678,265870.32,424.95,2025,FLOTILLA 
17192,3N1CK3CE0SL221283,2026-01-01,1305,678,265870.33,495.77,2025,FLOTILLA 
17193,3N1CK3CE2SL221012,2026-01-01,1305,678,265870.32,779.07,2025,FLOTILLA 
17194,3N1CK3CE1SL220918,2026-01-01,1305,678,265870.32,779.07,2025,FLOTILLA 
17195,3N1CK3CE0SL220831,2026-01-01,1305,678,265870.32,779.07,2025,FLOTILLA 
17196,3N1CK3CE0SL220943,2026-01-01,1305,678,265870.32,779.07,2025,FLOTILLA 
17197,3N1CK3CE8SL223394,2026-01-01,1285,678,290035.45,69.69,2025,NUEVO 
17198,3N1CK3CE7SL224634,2026-01-01,1341,678,290035.44,139.38,2025,NUEVO 
17199,3N1CK3CE5SL224132,2026-01-01,1382,678,310620.80,74.64,2025,NUEVO 
17200,3N1CK3CEXSL221582,2026-01-01,1305,678,265870.32,424.95,2025,FLOTILLA 
17201,3N1CN7AE2SK415305,2026-01-01,1382,702,275746.57,134.66,2025,NUEVO 
17202,3N1CN7AE1SK415568,2026-01-01,1389,702,275746.57,927.58,2025,NUEVO 
17203,3N1CN7AE9SK415382,2026-01-01,1382,702,275746.56,387.63,2025,NUEVO 
17204,3N1CK3CEXSL224823,2026-01-01,1290,678,265870.32,127.77,2025,NUEVO 
17205,3N1CN8AE0SL898163,2026-01-01,1382,704,361666.60,2693.91,2025,NUEVO 
17206,3N1CN8AE6SL890892,2026-01-01,1382,704,379399.53,2214.62,2025,NUEVO 
17207,3N6AD33A2TK806687,2026-01-01,1382,663,439774.05,3275.71,2026,NUEVO 
17208,3N6AD31A7TK808860,2026-01-01,1382,682,439774.04,3275.71,2026,NUEVO 
17209,MNTFP5CP2S6018939,2026-01-01,1283,672,541168.49,2702.23,2025,FLOTILLA 
17210,3N1CN8AE2SK625375,2026-01-01,1283,704,376740.80,1791.61,2025,FLOTILLA 
17211,MNTFP5CP6S6016594,2026-01-01,1283,672,534005.22,2539.49,2025,FLOTILLA 
17212,3N6AD33A9TK806542,2026-01-01,1382,663,486208.85,3621.58,2026,NUEVO 
17213,3N6AD33A8TK808170,2026-01-01,1382,663,439774.05,3275.71,2026,NUEVO 
17214,3N6AD33A2TK808486,2026-01-01,1319,663,439774.05,2641.70,2026,NUEVO 
17215,3N6AD33AXTK804346,2026-01-01,1382,663,439774.05,1400.56,2026,NUEVO 
17216,3N6AD33AXTK804086,2026-01-01,1286,663,439774.05,1373.68,2026,NUEVO 
17217,3N6AD35A8TK808635,2026-01-01,1347,682,438905.21,437.54,2026,NUEVO 
17218,3N6AD33A9TK809926,2026-01-01,1382,663,439774.04,3275.71,2026,NUEVO 
17219,JN8CT3MTXTW011877,2026-01-01,1382,706,852216.04,1023.84,2026,NUEVO 
17220,3N8AP6HEXTL344529,2026-01-01,1382,672,506464.77,3772.46,2026,NUEVO 
17221,3N8CP5HE1SL505383,2026-01-01,1337,672,429415.25,3198.55,2025,NUEVO 
17222,3N8CP5HE4SL506723,2026-01-01,1331,672,429415.24,3198.55,2025,NUEVO 
17223,3N8AP6HE6TL345483,2026-01-01,1382,672,506464.76,3772.46,2026,NUEVO 
17224,3N8AP6HE6TL342681,2026-01-01,1382,672,482601.24,3594.71,2026,NUEVO 
17225,3N8AP6HE2TL343603,2026-01-01,1382,672,482601.24,3594.71,2026,NUEVO 
17226,3N8AP6HE4TL344932,2026-01-01,1335,672,482601.24,3594.71,2026,NUEVO 
17227,3N8AP6HE9TL352640,2026-01-01,1382,672,506464.76,3772.46,2026,NUEVO 
17228,RN84876920251205,2026-01-01,1382,691,599.84,1.55,2025,REFACC 
17229,LSGKB54H3MV143229,2026-01-01,1342,656,157300.00,523.63,2021,SEMINUEVOS 
17230,LSGKB5419NV005294,2026-01-01,1336,656,173800.00,268.81,2022,SEMINUEVOS 
17231,LMWDT1G85N1112979,2026-01-01,1385,671,247400.00,1823.61,2022,SEMINUEVOS 
17232,93YHSCCX0PJ283673,2026-01-01,1385,659,238400.00,1757.27,2023,SEMINUEVOS 
17233,9FB4SR4D4RM707172,2026-01-01,1357,676,213800.00,1169.25,2024,SEMINUEVOS 
17234,JN8BT27T2MW129327,2026-01-01,1385,706,236400.00,1742.53,2021,SEMINUEVOS 
17235,3N1AB8AE8SY239234,2026-01-01,1338,694,543900.00,775.96,2025,SEMINUEVOS 
17236,JN8CT3MTXTW012141,2026-01-01,1283,706,771255.11,916.94,2026,FLOTILLA 
17237,3N1CK3CE1SL224256,2026-01-01,1288,678,265870.33,1517.23,2025,FLOTILLA 
17238,MDHBD0FA6TG000495,2026-01-01,1382,677,366119.85,877.80,2026,FLOTILLA 
17239,3N1CK3CE5SL220677,2026-01-01,1305,678,265870.32,283.30,2025,FLOTILLA 
17240,3N1CK3CE5SL221084,2026-01-01,1305,678,265870.32,283.30,2025,FLOTILLA 
17241,3N1CK3CE3SL220886,2026-01-01,1305,678,265870.32,708.25,2025,FLOTILLA 
17242,3N1CK3CEXSL220920,2026-01-01,1305,678,265870.32,283.30,2025,FLOTILLA 
17243,3N1CK3CE8SL221290,2026-01-01,1305,678,265870.33,495.77,2025,FLOTILLA 
17244,3N1CN7AE9SK415575,2026-01-01,1382,702,275746.56,24.43,2025,NUEVO 
17245,3N1CN7AE4SK417783,2026-01-01,1282,702,275746.56,1803.65,2025,NUEVO 
17246,3N1CN7AE9SK417746,2026-01-01,1376,702,275746.56,1806.41,2025,NUEVO 
17247,3N1CN7AE0SK417473,2026-01-01,1382,702,275746.56,1391.37,2025,NUEVO 
17248,3N1CN7AE8SK417625,2026-01-01,1382,702,275746.56,1759.53,2025,NUEVO 
17249,3N1CN7AE8SK417883,2026-01-01,1382,702,275746.56,1391.37,2025,NUEVO 
17250,3N1CN8AE8SL898251,2026-01-01,1334,704,361666.60,2520.11,2025,NUEVO 
17251,RN84980920251208,2026-01-01,1382,691,1099.90,1.89,2025,REFACC 
17252,RN84980120251208,2026-01-01,1382,691,312367.64,536.75,2025,REFACC 
17253,RN84980220251208,2026-01-01,1382,691,203878.72,350.33,2025,REFACC 
17254,3N1CK3CE7SL207929,2026-01-01,1288,678,264080.45,251.17,2025,FLOTILLA 
17255,3N1CK3CE8SL207843,2026-01-01,1288,678,264080.45,251.17,2025,FLOTILLA 
17256,3N1CK3CEXSL207844,2026-01-01,1288,678,264080.45,251.17,2025,FLOTILLA 
17257,3N6AD33A0PK813630,2026-01-01,1322,663,290800.00,1521.21,2023,SEMINUEVOS 
17258,RN85133320251209,2026-01-01,1382,691,410.96,0.71,2025,REFACC 
17259,RN85134220251209,2026-01-01,1382,691,5055.83,8.69,2025,REFACC 
17260,RN85133920251209,2026-01-01,1382,691,1031.58,1.77,2025,REFACC 
17261,RN85034020251209,2026-01-01,1382,691,5405.32,9.29,2025,REFACC 
17262,RN85034120251209,2026-01-01,1382,691,8460.44,14.54,2025,REFACC 
17263,RN85134020251209,2026-01-01,1382,691,13635.68,23.43,2025,REFACC 
17264,RN85134120251209,2026-01-01,1382,691,205870.79,353.75,2025,REFACC 
17265,MALB24BC7PM157381,2026-01-01,1382,664,178000.00,804.16,2023,SEMINUEVOS 
17266,VF1LZ12TXHC305353,2026-01-01,1385,662,132500.00,976.67,2017,SEMINUEVOS 
17267,3N8AP6HE6TL354944,2026-01-01,1382,672,506464.76,3364.77,2026,NUEVO 
17268,3N6AD35A2TK810090,2026-01-01,1331,682,438905.20,1265.51,2026,FLOTILLA 
17269,MDHBD0FAXSG028556,2026-01-01,1331,677,352728.80,2912.85,2025,NUEVO 
17270,MDHBD0FA8SG026708,2026-01-01,1299,677,392658.33,2006.16,2025,NUEVO 
17271,MDHBD0FA5SG026259,2026-01-01,1331,677,352728.81,2627.34,2025,NUEVO 
17272,MDHBD0FA1SG025139,2026-01-01,1382,677,392658.32,2736.07,2025,NUEVO 
17273,RN85211020251210,2026-01-01,1382,691,3299.39,4.72,2025,REFACC 
17274,RN85212120251210,2026-01-01,1382,691,2144.03,3.68,2025,REFACC 
17275,RN85211820251210,2026-01-01,1382,691,19571.72,28.03,2025,REFACC 
17276,RN85211920251210,2026-01-01,1382,691,60036.08,85.97,2025,REFACC 
17277,RN85212020251210,2026-01-01,1382,691,237771.65,340.48,2025,REFACC 
17278,RN85240720251210,2026-01-01,1382,691,2300.66,3.95,2025,REFACC 
17279,MNTFP5CP5R6007007,2026-01-01,1382,672,375000.00,2764.17,2024,SEMINUEVOS 
17280,KMFWB3WR6KU047545,2026-01-01,1382,696,268300.00,1913.87,2019,SEMINUEVOS 
17281,LMWDT1G84P1126956,2026-01-01,1385,671,314200.00,448.26,2023,SEMINUEVOS 
17282,RN85329020251211,2026-01-01,1361,691,7892.73,6.78,2025,REFACC 
17283,RN85329420251211,2026-01-01,1362,691,2585.20,2.22,2025,REFACC 
17284,RN85267520251211,2026-01-01,1358,691,3858.79,3.32,2025,REFACC 
17285,RN85327220251211,2026-01-01,1359,691,8879.34,7.63,2025,REFACC 
17286,RN85327320251211,2026-01-01,1360,691,18997.69,16.32,2025,REFACC 
17287,RN85328920251211,2026-01-01,1382,691,3062.59,4.39,2025,REFACC 
17288,RN85253320251211,2026-01-01,1382,691,8702.44,12.46,2025,REFACC 
17289,RN85267420251211,2026-01-01,1382,691,2949.71,4.22,2025,REFACC 
17290,RN85291820251211,2026-01-01,1382,691,4397.91,6.30,2025,REFACC 
17291,RN85328420251211,2026-01-01,1382,691,15971.11,22.87,2025,REFACC 
17292,RN85328520251211,2026-01-01,1382,691,95468.53,136.71,2025,REFACC 
17293,MDHBD0FA2TG002888,2026-01-01,1382,677,366119.84,740.01,2026,NUEVO 
17294,3N6CD33B0TK813087,2026-01-01,1331,663,534522.58,2160.66,2026,NUEVO 
17295,3N1CK3CE7SL216310,2026-01-01,1331,678,264080.45,816.30,2025,FLOTILLA 
17296,3N6AD33B4SK807010,2026-01-01,1331,663,675888.13,2089.25,2025,FLOTILLA 
17297,3N8AP6HE5SL420432,2026-01-01,1331,672,482601.25,1491.77,2025,FLOTILLA 
17298,RN85453320251215,2026-01-01,1382,691,1526.21,0.44,2025,REFACC 
17299,RN85454220251215,2026-01-01,1382,691,822.53,0.24,2025,REFACC 
17300,RN85453420251215,2026-01-01,1382,691,11908.10,3.41,2025,REFACC 
17301,RN85453520251215,2026-01-01,1382,691,52268.83,14.97,2025,REFACC 
17302,RN85453620251215,2026-01-01,1382,691,128572.01,36.82,2025,REFACC 
17303,RN85453720251215,2026-01-01,1382,691,3886.82,1.11,2025,REFACC 
17304,RN85549220251216,2026-01-01,1382,691,78.96,0.02,2025,REFACC 
17305,JN8CT3MT4TW012104,2026-01-01,1283,706,771255.11,4396.15,2026,FLOTILLA 
17306,JM1NDAC76P0554663,2026-01-01,1385,681,314900.00,2318.45,2023,SEMINUEVOS 
17307,JN1BE6DSXN9043193,2026-01-01,1328,701,437600.00,1974.67,2022,SEMINUEVOS 
17308,1FBAX2C82LKA03010,2026-01-01,1386,700,334500.00,1271.10,2020,SEMINUEVOS 
17309,3GCPW9EH9MG288201,2026-01-01,1291,695,444500.00,633.41,2021,SEMINUEVOS 
17310,JN1BE6DSXL9036127,2026-01-01,1287,701,370600.00,1848.37,2020,SEMINUEVOS 
17311,9BHCP4AC3PP429172,2026-01-01,1385,665,224300.00,1651.41,2023,SEMINUEVOS 
17312,JN1BE6DS3N9042130,2026-01-01,1385,701,437600.00,3221.83,2022,SEMINUEVOS 
17313,3N6AD33A7MK806959,2026-01-01,1301,663,247200.00,1174.20,2021,SEMINUEVOS 
17314,LSGHD52H5LD115573,2026-01-01,1385,652,124900.00,919.58,2020,SEMINUEVOS 
17315,JTFJM9CP1M6003800,2026-01-01,1296,666,349100.00,165.82,2021,SEMINUEVOS 
17316,LSGHD52H1LD037597,2026-01-01,1385,652,124900.00,919.58,2020,SEMINUEVOS 
17317,JN1BE6DS1M9041315,2026-01-01,1323,701,403000.00,2967.09,2021,SEMINUEVOS 
17318,JN1BE6DS7L9036036,2026-01-01,1387,701,370600.00,2024.40,2020,SEMINUEVOS 
17319,JTFAMHCP7N6004882,2026-01-01,1355,666,376300.00,2055.54,2022,SEMINUEVOS 
17320,JTFAMHCP7L6002790,2026-01-01,1326,666,322500.00,459.56,2020,SEMINUEVOS 
17321,9BWDL5BZXNP001422,2026-01-01,1385,705,193300.00,1423.17,2022,SEMINUEVOS 
17322,3G1MA5E26NL133256,2026-01-01,1382,684,153500.00,1130.14,2022,SEMINUEVOS 
17323,LSGEN53A8PD006581,2026-01-01,1382,684,218800.00,1610.92,2023,SEMINUEVOS 
17324,9FB4SR4D9RM683192,2026-01-01,1382,676,191200.00,1407.71,2024,SEMINUEVOS 
17325,9FB4SR4D1RM533657,2026-01-01,1382,676,191200.00,1407.71,2024,SEMINUEVOS 
17326,JN8BT27T5MW130116,2026-01-01,1382,706,232600.00,1537.98,2021,SEMINUEVOS 
17327,JN8BT27T1MW129948,2026-01-01,1382,706,232600.00,1712.52,2021,SEMINUEVOS 
17328,MDHBD0FA7TG004278,2026-01-01,1382,677,366119.84,182.73,2026,NUEVO 
17329,MNTFP5CP4S6017470,2026-01-01,1283,672,541168.49,3984.35,2025,FLOTILLA 
17330,JN8CT3MT6TW011102,2026-01-01,1283,706,771255.10,5678.37,2026,FLOTILLA 
17331,3N6CD33B7TK813197,2026-01-01,1331,663,534522.59,1650.34,2026,NUEVO 
17332,3N1CK3CE1SL220725,2026-01-01,1305,678,265870.32,70.82,2025,FLOTILLA 
17333,3N1CK3CE1SL221065,2026-01-01,1305,678,265870.33,495.77,2025,FLOTILLA 
17334,3N1CK3CE9SL221184,2026-01-01,1305,678,265870.32,779.07,2025,FLOTILLA 
17335,3N1CK3CE1SL221244,2026-01-01,1305,678,265870.32,779.07,2025,FLOTILLA 
17336,3N1CK3CE1SL221499,2026-01-01,1305,678,265870.32,779.07,2025,FLOTILLA 
17337,3N1CK3CE2SL221401,2026-01-01,1305,678,265870.32,779.07,2025,FLOTILLA 
17338,3N1CK3CE0SL221512,2026-01-01,1305,678,265870.32,779.07,2025,FLOTILLA 
17339,MDHBD0FA4SG026415,2026-01-01,1373,677,392658.33,2824.68,2025,NUEVO 
17340,RN85891620251219,2026-01-01,1382,691,215332.23,61.61,2025,REFACC 
17341,RN85931020251219,2026-01-01,1382,691,213142.74,60.98,2025,REFACC 
17342,3N6CD33B8TK813094,2026-01-01,1382,663,534522.58,253.90,2026,FLOTILLA 
17343,3N6CD33B4TK813092,2026-01-01,1382,663,534522.58,253.90,2026,FLOTILLA 
17344,JN6BE6CS8S9124118,2026-01-01,1283,701,548038.00,390.48,2025,FLOTILLA 
17345,3N6CD33B3TK813147,2026-01-01,1382,663,534522.59,126.95,2026,FLOTILLA 
17346,3N6CD33B1TK813213,2026-01-01,1382,663,534522.59,126.95,2026,FLOTILLA 
17347,3N6CD33BXTK813369,2026-01-01,1382,663,534522.59,126.95,2026,FLOTILLA 
17348,3N6CD33B0TK813171,2026-01-01,1382,663,534522.59,126.95,2026,FLOTILLA 
17349,3N6CD33B4TK813237,2026-01-01,1382,663,534522.59,126.95,2026,FLOTILLA 
17350,3N6CD33B3TK813195,2026-01-01,1382,663,534522.59,126.95,2026,FLOTILLA 
17351,3N6CD33B7TK813233,2026-01-01,1382,663,534522.59,126.95,2026,FLOTILLA 
17352,3N6CD33B7TK813345,2026-01-01,1382,663,534522.59,126.95,2026,FLOTILLA 
17353,JN8CT3MT8SW009365,2026-01-01,1382,706,766691.71,182.09,2025,NUEVO 
17354,JN8CT3MT8SW009785,2026-01-01,1382,706,766691.71,182.09,2025,NUEVO 
17355,MDHBD0FA5SG021899,2026-01-01,1331,677,392658.32,932.56,2025,NUEVO 
17356,JE4LD6138JZ027348,2026-01-01,1293,685,257300.00,122.22,2018,SEMINUEVOS 
17357,LSGKB541XNV057873,2026-01-01,1382,656,203200.00,1496.06,2022,SEMINUEVOS 
17358,MDHBD0FA1TG000601,2026-01-01,1382,677,366119.84,869.53,2026,NUEVO 
17359,MDHBD0FA1SG021222,2026-01-01,1331,677,352728.80,837.73,2025,NUEVO 
17360,MDHBD0FA3SG028706,2026-01-01,1382,677,352728.80,837.73,2025,NUEVO 
17361,MDHBD0FA2SG027188,2026-01-01,1379,677,352728.80,510.55,2025,NUEVO 
17362,3N8AP6HE3TL354058,2026-01-01,1382,672,538755.68,1279.54,2026,FLOTILLA 
17363,3N8AP6HE5TL353591,2026-01-01,1382,672,538755.68,1279.54,2026,FLOTILLA 
17364,3N8AP6HEXTL360214,2026-01-01,1382,672,538755.68,1279.54,2026,FLOTILLA 
17365,3N8AP6HE3TL361463,2026-01-01,1382,672,538755.68,1279.54,2026,FLOTILLA 
17366,RN86011320251222,2026-01-01,1365,691,19587.35,5.60,2025,REFACC 
17367,RN86009420251222,2026-01-01,1363,691,122121.26,34.94,2025,REFACC 
17368,RN86009520251222,2026-01-01,1364,691,1012.77,0.29,2025,REFACC 
17369,RN86027620251222,2026-01-01,1366,691,16493.53,4.72,2025,REFACC 
17370,MNTFP5CP4S6017324,2026-01-01,1292,672,561293.32,4132.52,2025,FLOTILLA 
17371,3N6AD33A8TK804703,2026-01-01,1382,663,582836.84,830.54,2026,FLOTILLA 
17372,MNTFP5CP6T6020615,2026-01-01,1283,672,544669.37,4010.13,2026,FLOTILLA 
17373,MNTFP5CP5T6020685,2026-01-01,1283,672,544669.37,4010.13,2026,FLOTILLA 
17374,MNTFP5CP6T6019626,2026-01-01,1283,672,544669.37,4010.13,2026,FLOTILLA 
17375,MNTFP5CP9T6020415,2026-01-01,1283,672,544669.37,4010.13,2026,FLOTILLA 
17376,MNTFP5CP4T6020399,2026-01-01,1283,672,544669.37,4010.13,2026,FLOTILLA 
17377,3N1CK3CE4SL222159,2026-01-01,1290,678,265870.32,126.29,2025,FLOTILLA 
17378,3N1CK3CE2SL224136,2026-01-01,1290,678,265870.32,126.29,2025,FLOTILLA 
17379,3N1CK3CEXSL225972,2026-01-01,1288,678,265870.32,378.87,2025,FLOTILLA 
17380,3N1CK3CE3SL225991,2026-01-01,1288,678,265870.32,378.87,2025,FLOTILLA 
17381,3N1CK3CE7SL226013,2026-01-01,1288,678,265870.32,378.87,2025,FLOTILLA 
17382,LSGKB5419NV002167,2026-01-01,1385,656,173800.00,1279.60,2022,SEMINUEVOS 
17383,LSGKB5417NV057586,2026-01-01,1385,656,173800.00,1279.60,2022,SEMINUEVOS 
17384,93YHSCCXXRJ530264,2026-01-01,1385,659,266700.00,1963.58,2024,SEMINUEVOS 
17385,93YHSCCX6RJ530326,2026-01-01,1385,659,266700.00,1963.58,2024,SEMINUEVOS 
17386,LZWLLNGL4PB032964,2026-01-01,1385,655,240000.00,1767.00,2023,SEMINUEVOS 
17387,3N1AB8AE4PY208165,2026-01-01,1280,694,192800.00,732.64,2023,SEMINUEVOS 
17388,3N1AB8AE2RY394596,2026-01-01,1294,694,201300.00,764.94,2024,SEMINUEVOS 
17389,MEX5J2609LT089230,2026-01-01,1382,703,159600.00,1175.06,2020,SEMINUEVOS 
17390,MDHBD0FA5TG003128,2026-01-01,1331,677,352728.80,502.64,2026,NUEVO 
17391,MDHBD0FA7TG002868,2026-01-01,1331,677,352728.80,502.64,2026,NUEVO 
17392,MDHBD0FA1TG006348,2026-01-01,1331,677,352728.80,502.64,2026,NUEVO 
17393,3N8AP6HE4TL353744,2026-01-01,1331,672,506464.76,721.71,2026,NUEVO 
17394,3N8AP6HE3TL354691,2026-01-01,1331,672,506464.76,721.71,2026,NUEVO 
17395,3N8AP6HE3TL355176,2026-01-01,1382,672,506464.76,721.71,2026,NUEVO 
17396,3N8AP6HE7TL353379,2026-01-01,1331,672,538755.68,767.73,2026,NUEVO 
17397,3N8AP6HE6TL354586,2026-01-01,1331,672,538755.68,767.73,2026,NUEVO 
17398,3N1CK3CE5SL225183,2026-01-01,1382,678,290035.44,26.39,2025,NUEVO 
17399,3N1CK3CE9SL225610,2026-01-01,1382,678,265870.32,339.48,2025,NUEVO 
17400,3N8AP6HE0TL362733,2026-01-01,1382,672,538755.68,561.13,2026,NUEVO 
17401,3N8AP6HE3TL362404,2026-01-01,1331,672,506464.76,721.71,2026,NUEVO 
17402,3N1CK3CE4SL226390,2026-01-01,1331,678,285561.32,746.03,2025,NUEVO 
17403,3N1CK3CE4SL228026,2026-01-01,1382,678,290035.44,754.24,2025,NUEVO 
17404,3N1CK3CE3SL226882,2026-01-01,1331,678,285561.32,746.03,2025,NUEVO 
17405,3N8AP6HE5TL359469,2026-01-01,1278,672,538755.68,767.73,2026,NUEVO 
17406,3N8AP6HE0TL363266,2026-01-01,1331,672,538755.68,767.73,2026,NUEVO 
17407,3N1CK3CE2SL228803,2026-01-01,1281,678,310620.80,73.77,2025,NUEVO 
17408,3N6AD31A5TK814799,2026-01-01,1331,682,439774.04,626.68,2026,NUEVO 
17409,MDHBD0FA2TG000400,2026-01-01,1331,677,352728.80,502.64,2026,NUEVO 
17410,MDHBD0FA1TG000677,2026-01-01,1331,677,352728.80,502.64,2026,NUEVO 
17411,3N1CN8AE5SL892813,2026-01-01,1283,704,346452.05,2550.75,2025,FLOTILLA 
17412,3N1CN8AE8SL892868,2026-01-01,1283,704,346452.05,2550.75,2025,FLOTILLA 
17413,3N6AD35AXTK808703,2026-01-01,1382,682,438905.20,3231.44,2026,FLOTILLA 
17414,RN86377420251229,2026-01-01,1367,691,21551.83,6.17,2025,REFACC 
17415,RN86390720251229,2026-01-01,1372,691,18.15,0.01,2025,REFACC 
17416,RN86389220251229,2026-01-01,1368,691,717.11,0.21,2025,REFACC 
17417,RN86389320251229,2026-01-01,1369,691,16092.46,4.60,2025,REFACC 
17418,RN86389420251229,2026-01-01,1370,691,167324.49,47.87,2025,REFACC 
17419,RN86389520251229,2026-01-01,1371,691,17379.78,4.97,2025,REFACC 
17420,3N8CP5HE8SL470468,2026-01-01,1331,672,417274.78,792.82,2025,FLOTILLA 
17421,MDHBD0FA0TG000363,2026-01-01,1382,677,352728.80,167.55,2026,NUEVO 
17422,MDHBD0FA2SG022007,2026-01-01,1382,677,392658.32,186.51,2025,NUEVO 
17423,MDHBD0FA8SG025669,2026-01-01,1331,677,392658.32,186.51,2025,NUEVO 
17424,MDHBD0FA0SG025682,2026-01-01,1331,677,352728.80,167.55,2025,NUEVO 
17425,MDHBD0FA0TG002842,2026-01-01,1382,677,352728.80,167.55,2026,NUEVO 
17426,MDHBD0FA3TG003726,2026-01-01,1382,677,352728.80,167.55,2026,NUEVO 
17427,MDHBD0FA6TG003073,2026-01-01,1382,677,352728.80,167.55,2026,NUEVO 
17428,3N8AP6HE5TL354272,2026-01-01,1382,672,506464.76,240.57,2026,NUEVO 
17429,3N8AP6HE9TL352931,2026-01-01,1382,672,506464.76,240.57,2026,NUEVO 
17430,3N8AP6HEXTL356101,2026-01-01,1382,672,538755.68,255.91,2026,NUEVO 
17431,3N8AP6HE7TL353138,2026-01-01,1331,672,538755.68,255.91,2026,NUEVO 
17432,3N6AD35A6TK807757,2026-01-01,1302,682,438905.20,208.48,2026,NUEVO 
17433,3N1CK3CE7SL227159,2026-01-01,1382,678,285561.32,474.75,2025,NUEVO 
17434,3N1CK3CEXSL227625,2026-01-01,1382,678,310620.80,221.32,2025,NUEVO 
17435,3N6AD31A9TK812277,2026-01-01,1382,682,439774.04,208.89,2026,NUEVO 
17436,3N6AD33B7TK812543,2026-01-01,1382,663,689636.88,327.58,2026,NUEVO 
17437,3N6AD33B5TK812962,2026-01-01,1331,663,689636.88,327.58,2026,NUEVO 
17438,3N6AD33A8TK814423,2026-01-01,1382,663,564188.68,267.99,2026,NUEVO 
17439,3N6AD33A5TK814377,2026-01-01,1382,663,439774.04,208.89,2026,NUEVO 
17440,3N6AD33A5TK814802,2026-01-01,1382,663,564188.68,267.99,2026,NUEVO 
17441,3N6AD33A2TK812229,2026-01-01,1382,663,439774.04,208.89,2026,NUEVO 
17442,3N8AP6HE9TL363427,2026-01-01,1382,672,538755.68,255.91,2026,FLOTILLA 
17443,3N6AD33A4TK812037,2026-01-01,1382,663,582836.84,276.85,2026,NUEVO 
17444,3N1CK3CEXSL228046,2026-01-01,1380,678,310620.80,516.41,2025,NUEVO 
17445,3N8AP6HEXTL363534,2026-01-01,1331,672,506464.76,240.57,2026,NUEVO 
17446,3N6AD33A6TK813917,2026-01-01,1382,663,582836.84,276.85,2026,NUEVO 
17447,3N6AD33A7TK813019,2026-01-01,1382,663,439774.04,208.89,2026,NUEVO 
17448,3N6AD33A3TK814183,2026-01-01,1382,663,439774.04,208.89,2026,NUEVO 
17449,3N6AD33AXTK812155,2026-01-01,1382,663,439774.04,208.89,2026,NUEVO 
17450,3N6AD33A9TK814057,2026-01-01,1331,663,582836.84,276.85,2026,NUEVO 
17451,MDHBD0FA6TG000478,2026-01-01,1382,677,352728.80,167.55,2026,NUEVO 
17452,MDHBD0FA5TG000441,2026-01-01,1382,677,352728.80,167.55,2026,NUEVO 
17453,MDHBD0FA0TG000184,2026-01-01,1382,677,352728.80,167.55,2026,NUEVO 
17454,MDHBD0FA6TG000660,2026-01-01,1382,677,352728.80,167.55,2026,NUEVO 
17455,MDHBD0FA3TG001359,2026-01-01,1315,677,366119.84,173.91,2026,NUEVO 
17456,3KPA24BC5LE323632,2026-01-01,1374,693,138600.00,921.69,2020,SEMINUEVOS 
17457,MDHBD0FA8SG016518,2026-01-01,1332,677,392658.32,27.93,2025,NUEVO 
17458,3N6AD35A6SK839414,2026-01-01,1344,682,436301.06,494.47,2025,FLOTILLA 
17459,3N6AD35A5TK806017,2026-01-01,1344,682,438905.20,497.43,2026,FLOTILLA 
17460,3N8AP6HE4TL355896,2026-01-01,1382,672,538755.68,732.71,2026,FLOTILLA 
17461,3N1CK3CE1SL227416,2026-01-01,1306,678,310620.81,352.04,2025,FLOTILLA 
17462,3N1CK3CE1SL227500,2026-01-01,1306,678,310620.81,352.04,2025,FLOTILLA 
17463,3N6AD35A0TK814218,2026-01-01,1330,682,438905.20,99.49,2026,FLOTILLA 
17464,3N1CN8AE0SK591601,2026-01-01,1331,704,355215.94,1265.46,2025,FLOTILLA 
17465,MA6CC5FDXMT009448,2026-01-01,1385,654,147200.00,834.13,2021,SEMINUEVOS 
17466,3N1CN8AE9LL872923,2026-01-01,1343,704,200900.00,91.07,2020,SEMINUEVOS 
17467,LSGKB52H3KV061517,2026-01-01,1284,656,129200.00,586.89,2019,SEMINUEVOS 
17468,3KPA24BC7LE326368,2026-01-01,1374,693,139200.00,788.80,2020,SEMINUEVOS 
17469,3N8AP6HE9SL387614,2026-01-01,1385,672,276600.00,376.18,2025,SEMINUEVOS 
17470,LZWLLNGL3NB000455,2026-01-01,1385,655,208400.00,1180.93,2022,SEMINUEVOS 
17471,3N1CK3CE7SL207929,2026-01-01,1288,678,264080.45,419.01,2025,FLOTILLA 
17472,3N1CK3CE8SL207843,2026-01-01,1288,678,264080.45,419.01,2025,FLOTILLA 
17473,3N1CK3CEXSL207844,2026-01-01,1288,678,264080.45,419.01,2025,FLOTILLA 
17474,3N1CN8AE8SK634999,2026-01-01,1331,704,329447.61,2016.22,2025,FLOTILLA 
17475,JN8AT3MT7TW059747,2026-01-01,1331,706,710477.39,2415.62,2026,FLOTILLA 
17476,3N1AB8AE4SY269640,2026-01-01,1353,694,286400.00,1558.02,2025,SEMINUEVOS 
17477,3N1AB8AE7SY274346,2026-01-01,1353,694,314400.00,1710.34,2025,SEMINUEVOS 
17478,3N8CP5HE4RL590357,2026-01-01,1353,672,277500.00,1509.60,2024,SEMINUEVOS 
17479,3N1CK3CE3SL220242,2026-01-01,1305,678,265870.32,482.11,2025,FLOTILLA 
17480,3N1CK3CE4SL220900,2026-01-01,1305,678,265870.32,783.43,2025,FLOTILLA 
17481,3N1CK3CE5SL220677,2026-01-01,1305,678,265870.32,783.43,2025,FLOTILLA 
17482,3N1CK3CE5SL221067,2026-01-01,1305,678,265870.32,783.43,2025,FLOTILLA 
17483,3N1CK3CE5SL221084,2026-01-01,1305,678,265870.32,783.43,2025,FLOTILLA 
17484,3N1CK3CE5SL221473,2026-01-01,1305,678,265870.32,783.43,2025,FLOTILLA 
17485,3N1CK3CE7SL221166,2026-01-01,1305,678,265870.32,783.43,2025,FLOTILLA 
17486,3N1CK3CE8SL221001,2026-01-01,1305,678,265870.32,783.43,2025,FLOTILLA 
17487,3N1CK3CE8SL221077,2026-01-01,1305,678,265870.32,783.43,2025,FLOTILLA 
17488,3N1CK3CEXSL220920,2026-01-01,1305,678,265870.32,482.11,2025,FLOTILLA 
17489,3N1CK3CEXSL221582,2026-01-01,1305,678,265870.32,482.11,2025,FLOTILLA 
17490,3N1CK3CE1SL221065,2026-01-01,1305,678,265870.33,723.17,2025,FLOTILLA 
17491,3N1CK3CE8SL221290,2026-01-01,1305,678,265870.33,723.17,2025,FLOTILLA 
17492,3N1CK3CE1SL220725,2026-01-01,1305,678,265870.32,1506.60,2025,FLOTILLA 
17493,3N1CK3CE3SL220922,2026-01-01,1305,678,265870.32,1506.60,2025,FLOTILLA 
17494,3N1CK3CE0SL221283,2026-01-01,1305,678,265870.33,1446.33,2025,FLOTILLA 
17495,9BD2657R1P9238517,2026-01-01,1382,689,185100.00,797.16,2023,SEMINUEVOS 
17496,JS2FH81S8P6300853,2026-01-01,1382,669,181000.00,779.51,2023,SEMINUEVOS 
17497,JN8CT3MTXTW012141,2026-01-01,1283,706,771255.11,3321.54,2026,NUEVO 
17498,3N1CK3CE0SL220831,2026-01-01,1305,678,265870.32,1205.28,2025,FLOTILLA 
17499,3N1CK3CE2SL221012,2026-01-01,1305,678,265870.32,1205.28,2025,FLOTILLA 
17500,3N1CK3CE0SL220943,2026-01-01,1305,678,265870.32,482.11,2025,FLOTILLA 
17501,3N1CK3CE0SL221512,2026-01-01,1305,678,265870.32,180.79,2025,FLOTILLA 
17502,3N1CK3CE1SL220918,2026-01-01,1305,678,265870.32,482.11,2025,FLOTILLA 
17503,3N1CK3CE1SL221499,2026-01-01,1305,678,265870.32,180.79,2025,FLOTILLA 
17504,3N1CK3CE2SL221401,2026-01-01,1305,678,265870.32,180.79,2025,FLOTILLA 
17505,3N1CK3CE3SL220886,2026-01-01,1305,678,265870.32,482.11,2025,FLOTILLA 
17506,3N1CK3CE9SL221184,2026-01-01,1305,678,265870.32,482.11,2025,FLOTILLA 
17507,3N1CN8AE3SK630794,2026-01-01,1382,704,376740.81,1537.10,2025,FLOTILLA 
17508,3N1AB8AE9PY328995,2026-01-01,1378,694,240800.00,109.16,2023,SEMINUEVOS 
17509,LSGHD52H3ND124890,2026-01-01,1385,652,145300.00,559.89,2022,SEMINUEVOS 
17510,3VWWP6BU2KM018912,2026-01-01,1385,670,192500.00,741.77,2019,SEMINUEVOS 
17511,3N1CK3CE1SL221244,2026-01-01,1305,678,265870.32,482.11,2025,FLOTILLA 
17512,3N1CK3CE7SL216310,2026-01-01,1331,678,264080.45,897.87,2025,FLOTILLA 
17513,3N6AD33B4SK807010,2026-01-01,1331,663,675888.13,1532.01,2025,FLOTILLA 
17514,3N8AP6HE5SL420432,2026-01-01,1331,672,482601.25,656.34,2025,FLOTILLA 
17515,3N1CK3CE7SL207929,2026-01-01,1288,678,264080.45,1197.16,2025,FLOTILLA 
17516,3N1CK3CE8SL207843,2026-01-01,1288,678,264080.45,1197.16,2025,FLOTILLA 
17517,3N1CK3CEXSL207844,2026-01-01,1288,678,264080.45,1197.16,2025,FLOTILLA 
17518,3N6AD33A1MK806570,2026-01-01,1356,663,352900.00,853.99,2021,SEMINUEVOS 
17519,3N8CP5HE8SL470468,2026-01-01,1353,672,314100.00,1139.14,2025,SEMINUEVOS 
17520,3N8AP6HE9SL387614,2026-01-01,1385,672,412800.00,1497.09,2025,SEMINUEVOS 
17521,3N8CP5HE5PL578134,2026-01-01,1313,672,275500.00,999.15,2023,SEMINUEVOS 
17522,JN1BE6DS3L9038964,2026-01-01,1382,683,363200.00,1057.11,2020,SEMINUEVOS 
17523,JN1BE6DS4L9039153,2026-01-01,1382,683,363200.00,1057.11,2020,SEMINUEVOS 
17524,JN1BE6DS3N9043150,2026-01-01,1382,683,435100.00,1266.38,2022,SEMINUEVOS 
17525,JN1BE6DS3L9039290,2026-01-01,1382,683,363200.00,1057.11,2020,SEMINUEVOS 
17526,JN1BE6DS5L9039212,2026-01-01,1382,683,363200.00,1057.11,2020,SEMINUEVOS 
17527,3N1AB8AE7LY272288,2026-01-01,1382,694,177500.00,166.24,2020,SEMINUEVOS 
17528,3KPA34AC2ME421341,2026-01-01,1382,693,164600.00,479.08,2021,SEMINUEVOS 
17529,JN8AT3MT7TW059747,2026-01-01,1331,706,710477.39,1908.82,2026,NUEVO 
17530,3N8AP6HE5SL420432,2026-01-01,1331,672,482601.25,1296.59,2025,NUEVO 
17531,LSGHD52H0ND114995,2026-01-01,1385,652,145300.00,357.84,2022,SEMINUEVOS 
17532,MR0CX3DD3N1324375,2026-01-01,1385,667,297000.00,731.45,2022,SEMINUEVOS 
17533,JTFAMHCP0N6005100,2026-01-01,1385,666,427700.00,1053.33,2022,SEMINUEVOS 
17534,MEX6A2606MT159448,2026-01-01,1385,687,160700.00,395.77,2021,SEMINUEVOS 
17535,JTFJM9CP7M6003090,2026-01-01,1385,666,397000.00,977.72,2021,SEMINUEVOS 
17536,3N1CN8AE0SK591601,2026-01-01,1353,704,382400.00,941.77,2025,SEMINUEVOS 
17537,3VWKP6BU1KM254904,2026-01-01,1385,670,181200.00,446.26,2019,SEMINUEVOS 
17538,LSGEN53A7PD007477,2026-01-01,1382,684,219300.00,245.49,2023,SEMINUEVOS 
17539,LSGEN53AXPD007683,2026-01-01,1382,684,219300.00,245.49,2023,SEMINUEVOS 
17540,3N8CP5HE1NL477704,2026-01-01,1382,672,209400.00,102.50,2022,SEMINUEVOS 
17541,ML3ABT6J6RH004216,2026-01-01,1382,651,181500.00,121.91,2024,SEMINUEVOS 
17542,ML3ABT6J7RH007142,2026-01-01,1382,651,181500.00,121.91,2024,SEMINUEVOS 
17543,LSGKB5414PV000457,2026-01-01,1382,656,230100.00,154.55,2023,SEMINUEVOS 
17544,LSGEN53A8PD026460,2026-01-01,1382,684,219300.00,147.30,2023,SEMINUEVOS 
17545,LSGEN53A7PD031522,2026-01-01,1382,684,219300.00,147.30,2023,SEMINUEVOS 
17546,LSGEN53A3RD004238,2026-01-01,1382,684,200600.00,134.74,2024,SEMINUEVOS 
17547,LSGEN53A7RD008230,2026-01-01,1382,684,200600.00,134.74,2024,SEMINUEVOS 
17548,LSGEN53A7RD012231,2026-01-01,1382,684,200600.00,134.74,2024,SEMINUEVOS 
17549,ML3AFL6J8RH004674,2026-01-01,1382,680,199800.00,134.20,2024,SEMINUEVOS 
17550,ML3AFL6J8RH004500,2026-01-01,1382,680,199800.00,134.20,2024,SEMINUEVOS 
17551,3N1CN8AE2RK590704,2026-01-01,1382,704,228300.00,153.34,2024,SEMINUEVOS 
17552,3N1CN8AE6RK590415,2026-01-01,1382,704,228300.00,153.34,2024,SEMINUEVOS 
17553,3N1CN8AE9RL900017,2026-01-01,1382,704,228300.00,153.34,2024,SEMINUEVOS 
17554,3N1CN8AE9RL910305,2026-01-01,1382,704,228300.00,153.34,2024,SEMINUEVOS 
17555,93YHSCCX3PJ476531,2026-01-01,1382,659,235000.00,157.84,2023,SEMINUEVOS 
17556,LZWLLNGL2RB022386,2026-01-01,1382,655,264400.00,177.59,2024,SEMINUEVOS 
17557,LZWLLNGL3RB022025,2026-01-01,1382,655,264400.00,177.59,2024,SEMINUEVOS 
17558,LZWLLNGL7RB016874,2026-01-01,1382,655,264400.00,177.59,2024,SEMINUEVOS 
17559,LZWLLNGL4RB016878,2026-01-01,1382,655,264400.00,177.59,2024,SEMINUEVOS 
17560,WVW3B4D22RT037265,2026-01-01,1382,705,226300.00,152.00,2024,SEMINUEVOS 
17561,WVW3B4D25RT039849,2026-01-01,1382,705,226300.00,152.00,2024,SEMINUEVOS 
17562,WVW3B4D2XRT040320,2026-01-01,1382,705,226300.00,152.00,2024,SEMINUEVOS 
17563,WVW3B4D28RT040123,2026-01-01,1382,705,226300.00,152.00,2024,SEMINUEVOS 
17564,JN8BT27T5NW131817,2026-01-01,1382,706,255500.00,171.61,2022,SEMINUEVOS 
17565,JN8BT27T9MW129602,2026-01-01,1382,706,234500.00,157.51,2021,SEMINUEVOS 
17566,3N6AD33B4SK807010,2026-01-01,1353,663,571200.00,383.66,2025,SEMINUEVOS 
17567,MDHBD0FA5TG000780,2026-01-01,1333,677,397900.00,267.26,2026,SEMINUEVOS 
17568,3N1CK3CEXML210035,2026-01-01,1385,678,141800.00,95.24,2021,SEMINUEVOS 
17569,3N1AB7AD7KY384427,2026-01-01,1374,694,149600.00,100.48,2019,SEMINUEVOS 
17570,3N1AB8AEXPY205321,2026-01-01,1385,694,255600.00,171.68,2023,SEMINUEVOS 
17571,3N1CN7AD1LK414686,2026-01-01,1382,704,136500.00,61.12,2020,SEMINUEVOS 
17572,MALA84BC3LM394132,2026-01-01,1382,664,131800.00,88.53,2020,SEMINUEVOS 
17573,3N1AB8AE5RY231974,2026-01-01,1385,694,281300.00,188.94,2024,SEMINUEVOS 
17574,3N1CK3CE7SL216310,2026-01-01,1331,678,264080.45,177.37,2025,NUEVO 
18264,MNTFP5CP0S6017675,2025-12-01,,672,541168.49,4785.88,2025,NUEVO 
18265,3N8AP6HE1SL418029,2025-12-01,,672,538755.68,4294.48,2025,DEMO 
18266,3N8CP5HE9SL487537,2025-12-01,,672,398683.37,3399.94,2025,NUEVO 
18267,3N8AP6HE5SL419913,2025-12-01,,672,506464.76,4140.98,2025,DEMO 
18268,MNTFP5CP4S6017324,2025-12-01,,672,561293.32,3618.78,2025,NUEVO 
18269,MNTFP5CP9S6018047,2025-12-01,,672,541168.48,45.80,2025,NUEVO 
18270,MNTFP5CP8S6018234,2025-12-01,,672,561293.32,4872.03,2025,NUEVO 
18271,MNTFP5CP2S6017175,2025-12-01,,672,531543.96,4613.80,2025,NUEVO 
18272,MNTFP5CP7S6017298,2025-12-01,,672,561293.32,4872.03,2025,NUEVO 
18273,MNTFP5CP8S6017455,2025-12-01,,672,531543.96,4491.97,2025,NUEVO 
18274,MNTFP5CPXS6018090,2025-12-01,,672,541168.48,4697.34,2025,NUEVO 
18275,MNTFP5CP0S6018096,2025-12-01,,672,541168.48,454.58,2025,NUEVO 
18276,3N8AP6HEXSL421804,2025-12-01,,672,538755.69,2172.26,2025,DEMO 
18277,3N8CP5HE1SL490254,2025-12-01,,672,429415.24,429.84,2025,DEMO 
18278,3N8CP5HE8SL492017,2025-12-01,,672,429415.24,429.84,2025,DEMO 
18279,MNTFP5CP3S6018576,2025-12-01,,672,561293.33,2888.89,2025,NUEVO 
18280,MNTFP5CP5S6018885,2025-12-01,,672,561293.33,156.07,2025,NUEVO 
18281,3N8CP5HE8SL488016,2025-12-01,,672,429415.25,3701.44,2025,NUEVO 
18282,3N8CP5HE0SL492271,2025-12-01,,672,398683.36,3779.85,2025,NUEVO 
18283,3N8CP5HE5SL492380,2025-12-01,,672,398683.37,3611.63,2025,NUEVO 
18284,MNTFP5CP7R6007574,2025-12-01,,672,327200.00,2078.54,2024,SEMINUEVOS 
18285,MNTFP5CPXS6019143,2025-12-01,,672,546418.65,4949.95,2025,NUEVO 
18286,3N8CP5HE0SL496370,2025-12-01,,672,398683.37,3776.42,2025,NUEVO 
18287,3N8AP6HE0SL444895,2025-12-01,,672,482601.25,4525.59,2025,NUEVO 
18288,3N8CP5HE6SL501250,2025-12-01,,672,398683.37,2298.95,2025,NUEVO 
18289,3N8CP5HEXSL501414,2025-12-01,,672,398683.37,3738.65,2025,NUEVO 
18290,3N8CP5HE1SL500538,2025-12-01,,672,398683.37,65.24,2025,NUEVO 
18291,3N8CP5HE0SL501244,2025-12-01,,672,398683.37,3697.46,2025,NUEVO 
18292,3N8AP6HE6SL445565,2025-12-01,,672,482601.25,262.70,2025,NUEVO 
18293,3N8CP5HE0SL493940,2025-12-01,,672,429415.25,167.06,2025,NUEVO 
18294,3N8CP5HE4SL501201,2025-12-01,,672,398683.37,3700.89,2025,NUEVO 
18295,3N8CP5HE0SL504001,2025-12-01,,672,398683.37,3700.89,2025,NUEVO 
18296,3N8AP6HE4SL444530,2025-12-01,,672,482601.25,107.87,2025,NUEVO 
18297,MNTFP5CP5S6018840,2025-12-01,,672,536794.13,4511.46,2025,FLOTILLA 
18298,LMWDT1G84P1126956,2025-12-01,,671,314200.00,1270.07,2023,SEMINUEVOS 
18299,LMWDT1G85N1112979,2025-12-01,,671,247400.00,1353.00,2022,SEMINUEVOS 
18300,JTFJM9CP1M6003800,2025-12-01,,666,349100.00,1160.76,2021,SEMINUEVOS 
18301,JTFAMHCP7N6004882,2025-12-01,,666,376300.00,1251.20,2022,SEMINUEVOS 
18302,JTFAMHCP7L6002790,2025-12-01,,666,322500.00,1072.31,2020,SEMINUEVOS 
18303,JTFJM9CP0M6003027,2025-12-01,,666,399200.00,2892.41,2021,SEMINUEVOS 
18304,JTFAMHCP0N6004769,2025-12-01,,666,377200.00,2809.62,2022,SEMINUEVOS 
18305,JTFAMHCP5N6005156,2025-12-01,,666,378100.00,3177.72,2022,SEMINUEVOS 
18306,JTFAMHCP1L6002588,2025-12-01,,666,324100.00,2548.15,2020,SEMINUEVOS 
18307,9BHCP4AC3PP429172,2025-12-01,,665,224300.00,745.80,2023,SEMINUEVOS 
18308,9BHCP4AC5PP430534,2025-12-01,,665,225400.00,1861.37,2023,SEMINUEVOS 
18309,MALB24BC7PM157381,2025-12-01,,664,178000.00,888.81,2023,SEMINUEVOS 
18310,3N6AD33B4SK807010,2025-12-01,,663,675888.13,2732.09,2025,FLOTILLA 
18311,3N6AD33A7MK806959,2025-12-01,,663,247200.00,821.94,2021,SEMINUEVOS 
18312,3N6AD33A8TK804703,2025-12-01,,663,582836.84,1245.81,2026,FLOTILLA 
18313,3N6AD33A8SK847503,2025-12-01,,663,439774.05,3328.72,2025,FLOTILLA 
18314,3N6AD33A6SK847600,2025-12-01,,663,439774.04,2040.19,2025,NUEVO 
18315,3N6AD33A2SK847545,2025-12-01,,663,439774.04,2469.70,2025,FLOTILLA 
18316,3N6AD33A7SK847637,2025-12-01,,663,439774.04,2469.70,2025,FLOTILLA 
18317,3N6AD33A4TK804195,2025-12-01,,663,582836.84,4813.10,2026,NUEVO 
18318,3N6AD33A1MK832568,2025-12-01,,663,254800.00,1928.62,2021,SEMINUEVOS 
18319,3N6AD33A4PK865519,2025-12-01,,663,431100.00,526.30,2023,SEMINUEVOS 
18320,3N6AD33A8TK804703,2025-12-01,,663,582836.84,2794.70,2026,NUEVO 
18321,3N6AD33A3TK805421,2025-12-01,,663,582836.84,3415.42,2026,NUEVO 
18322,3N6AD33A3TK805953,2025-12-01,,663,662512.60,3882.32,2026,NUEVO 
18323,3N6AD33A5TK805419,2025-12-01,,663,582836.84,3415.42,2026,NUEVO 
18324,3N6AD33B3TK805637,2025-12-01,,663,689636.89,3367.73,2026,NUEVO 
18325,3N6AD33B4SK807010,2025-12-01,,663,675888.13,2310.41,2025,FLOTILLA 
18326,3N6AD33AXTK805948,2025-12-01,,663,662512.60,3073.51,2026,NUEVO 
18327,3N6AD33B0TK803120,2025-12-01,,663,689636.88,3199.34,2026,NUEVO 
18328,3N6AD33A9TK806072,2025-12-01,,663,662512.60,3073.51,2026,NUEVO 
18329,3N6AD33A3TK806553,2025-12-01,,663,486208.84,831.01,2026,NUEVO 
18330,3N6AD33B9TK805853,2025-12-01,,663,689636.89,2862.57,2026,NUEVO 
18331,3N6AD33A2TK806687,2025-12-01,,663,439774.05,528.34,2026,NUEVO 
18332,3N6AD33A9TK806542,2025-12-01,,663,486208.85,700.95,2026,NUEVO 
18333,3N6AD33A8TK808170,2025-12-01,,663,439774.05,634.01,2026,NUEVO 
18334,3N6AD33A2TK808486,2025-12-01,,663,439774.05,634.01,2026,NUEVO 
18335,3N6AD33AXTK804346,2025-12-01,,663,439774.05,634.01,2026,NUEVO 
18336,3N6AD33AXTK804086,2025-12-01,,663,439774.05,528.34,2026,NUEVO 
18337,3N6AD33B0TK810276,2025-12-01,,663,689636.89,331.41,2026,NUEVO 
18338,3N6AD33A5TK808028,2025-12-01,,663,564188.68,135.56,2026,NUEVO 
18339,3N6AD33A9TK809926,2025-12-01,,663,439774.04,105.67,2026,NUEVO 
18340,3N6AD33A0PK813630,2025-12-01,,663,290800.00,1521.21,2023,SEMINUEVOS 
18341,3N6AD33A5SK827676,2025-12-01,,663,580294.60,2118.45,2025,NUEVO 
18342,3N6AD33A0SK834311,2025-12-01,,663,659969.56,53.68,2025,NUEVO 
18343,3N6AD33A3SK828342,2025-12-01,,663,561646.63,468.51,2025,NUEVO 
18344,3N6AD33AXSK834316,2025-12-01,,663,659969.56,231.72,2025,NUEVO 
18345,3N6AD33A9SK839796,2025-12-01,,663,659969.56,4436.46,2025,NUEVO 
18346,3N6AD33A2SK836822,2025-12-01,,663,659969.56,5978.59,2025,NUEVO 
18347,3N6AD33BXSK841291,2025-12-01,,663,687094.21,6443.23,2025,NUEVO 
18348,3N6AD33A8SK844018,2025-12-01,,663,662512.60,6144.25,2025,NUEVO 
18349,3N6AD33A9SK844190,2025-12-01,,663,662512.60,6144.25,2025,NUEVO 
18350,3N6AD33A6SK843059,2025-12-01,,663,662512.61,6149.96,2025,NUEVO 
18351,3N6AD33A5SK847457,2025-12-01,,663,582836.84,2662.92,2025,NUEVO 
18352,3N6AD33B6SK847167,2025-12-01,,663,689636.88,6104.82,2025,NUEVO 
18353,3N6AD33A1SK847441,2025-12-01,,663,439774.05,2026.87,2025,FLOTILLA 
18354,3N6AD33A7PK817447,2025-12-01,,663,489900.00,4045.62,2023,SEMINUEVOS 
18355,3N6AD33AXPK816566,2025-12-01,,663,489900.00,1385.71,2023,SEMINUEVOS 
18356,3N6AD33A2PK884098,2025-12-01,,663,379700.00,3135.58,2023,SEMINUEVOS 
18357,VF1LZ12TXHC305353,2025-12-01,,662,132500.00,661.62,2017,SEMINUEVOS 
18358,1FMSK7DH5LGC17126,2025-12-01,,660,441100.00,3285.58,2020,SEMINUEVOS 
18359,9FBHS1FF5KM490125,2025-12-01,,659,126500.00,150.39,2019,SEMINUEVOS 
18360,93YHSCCXXRJ530264,2025-12-01,,659,266700.00,190.02,2024,SEMINUEVOS 
18361,93YHSCCX6RJ530326,2025-12-01,,659,266700.00,190.02,2024,SEMINUEVOS 
18362,93YHSCCX0PJ283673,2025-12-01,,659,238400.00,1303.78,2023,SEMINUEVOS 
18363,19XFC2645LE600421,2025-12-01,,658,238100.00,792.78,2020,SEMINUEVOS 
18364,2HGFE2640NH851995,2025-12-01,,658,302500.00,2542.34,2022,SEMINUEVOS 
18365,MAKGN2658N4302751,2025-12-01,,657,214600.00,1772.18,2022,SEMINUEVOS 
18366,LSGKB541XNV057873,2025-12-01,,656,203200.00,434.34,2022,SEMINUEVOS 
18367,LSGKB5419NV002167,2025-12-01,,656,173800.00,123.83,2022,SEMINUEVOS 
18368,LSGKB5417NV057586,2025-12-01,,656,173800.00,123.83,2022,SEMINUEVOS 
18369,LSGKB5417NV057698,2025-12-01,,656,205200.00,1528.46,2022,SEMINUEVOS 
18370,LSGKB5419NV031748,2025-12-01,,656,175400.00,927.18,2022,SEMINUEVOS 
18371,LSGKB5415NV000108,2025-12-01,,656,188500.00,1404.06,2022,SEMINUEVOS 
18372,LSGKB54H3MV143229,2025-12-01,,656,157300.00,860.26,2021,SEMINUEVOS 
18373,LSGKB5419NV005294,2025-12-01,,656,173800.00,950.49,2022,SEMINUEVOS 
18374,LZWLLNGL4PB032964,2025-12-01,,655,240000.00,171.00,2023,SEMINUEVOS 
18375,LZWLLNGL8SB014976,2025-12-01,,655,305700.00,1500.88,2025,SEMINUEVOS 
18376,LSGHD52H5LD115573,2025-12-01,,652,124900.00,415.29,2020,SEMINUEVOS 
18377,LSGHD52H1LD037597,2025-12-01,,652,124900.00,415.29,2020,SEMINUEVOS 
18378,LSGHD52H9LD108254,2025-12-01,,652,126900.00,304.24,2020,SEMINUEVOS 
18379,LSGHD52H4ND003267,2025-12-01,,652,147200.00,176.84,2022,SEMINUEVOS 
18380,LSGHD52H0ND067032,2025-12-01,,652,149900.00,44.85,2022,SEMINUEVOS 
18381,LSGHD52H4JD095023,2025-12-01,,652,119600.00,261.82,2018,SEMINUEVOS 
18382,ML3ABT6J2RH006349,2025-12-01,,651,182600.00,489.06,2024,SEMINUEVOS 
18383,ML3ABT6J5RH003946,2025-12-01,,651,184900.00,738.83,2024,SEMINUEVOS 
18384,1N4AL4AP9PN393904,2025-12-01,,650,403000.00,3050.37,2023,SEMINUEVOS 
18385,3N1CK3CEXSL223333,2025-12-01,,678,265870.33,885.05,2025,FLOTILLA 
18386,3N1CK3CE1SL222510,2025-12-01,,678,265870.32,126.44,2025,FLOTILLA 
18387,3N1CK3CE0SL222501,2025-12-01,,678,265870.32,126.44,2025,FLOTILLA 
18388,3N1CK3CE4SL222498,2025-12-01,,678,265870.32,126.44,2025,FLOTILLA 
18389,3N1CK3CE7SL221166,2025-12-01,,678,265870.32,141.65,2025,FLOTILLA 
18390,3N1CK3CE3SL220242,2025-12-01,,678,265870.32,212.47,2025,FLOTILLA 
18391,3N1CK3CE3SL220922,2025-12-01,,678,265870.32,354.12,2025,FLOTILLA 
18392,3N1CK3CE4SL220900,2025-12-01,,678,265870.32,141.65,2025,FLOTILLA 
18393,3N1CK3CE5SL221067,2025-12-01,,678,265870.32,141.65,2025,FLOTILLA 
18394,3N1CK3CE8SL221001,2025-12-01,,678,265870.32,141.65,2025,FLOTILLA 
18395,3N1CK3CE8SL221077,2025-12-01,,678,265870.32,141.65,2025,FLOTILLA 
18396,3N1CK3CE5SL221473,2025-12-01,,678,265870.32,141.65,2025,FLOTILLA 
18397,3N1CK3CE0SL221283,2025-12-01,,678,265870.33,70.82,2025,FLOTILLA 
18398,3N1CK3CE2SL221012,2025-12-01,,678,265870.32,212.47,2025,FLOTILLA 
18399,3N1CK3CE1SL220918,2025-12-01,,678,265870.32,141.65,2025,FLOTILLA 
18400,3N1CK3CE0SL220831,2025-12-01,,678,265870.32,141.65,2025,FLOTILLA 
18401,3N1CK3CE0SL220943,2025-12-01,,678,265870.32,141.65,2025,FLOTILLA 
18402,3N1CK3CE8SL223394,2025-12-01,,678,290035.45,557.51,2025,NUEVO 
18403,3N1CK3CE2SL224640,2025-12-01,,678,285561.32,477.51,2025,NUEVO 
18404,3N1CK3CE7SL224634,2025-12-01,,678,290035.44,348.45,2025,NUEVO 
18405,3N1CK3CE5SL224132,2025-12-01,,678,310620.80,373.18,2025,NUEVO 
18406,3N1CK3CEXSL221582,2025-12-01,,678,265870.32,212.47,2025,FLOTILLA 
18407,3N1CK3CEXSL224823,2025-12-01,,678,265870.32,319.41,2025,NUEVO 
18408,3N1CK3CE7SL207929,2025-12-01,,678,264080.45,1695.40,2025,FLOTILLA 
18409,3N1CK3CE8SL207843,2025-12-01,,678,264080.45,1695.40,2025,FLOTILLA 
18410,3N1CK3CEXSL207844,2025-12-01,,678,264080.45,1695.40,2025,FLOTILLA 
18411,3N1CK3CE0SL207111,2025-12-01,,678,283771.45,161.91,2025,NUEVO 
18412,3N1CK3CE2SL210768,2025-12-01,,678,288245.57,2484.60,2025,NUEVO 
18413,3N1CK3CE7SL213956,2025-12-01,,678,308832.09,1729.70,2025,NUEVO 
18414,3N1CK3CE2SL215551,2025-12-01,,678,288245.57,2519.96,2025,NUEVO 
18415,3N1CK3CE9SL215269,2025-12-01,,678,288245.57,1755.59,2025,NUEVO 
18416,3N1CK3CE2SL216375,2025-12-01,,678,283771.45,1974.34,2025,NUEVO 
18417,3N1CK3CE8SL216610,2025-12-01,,678,290035.45,2692.33,2025,NUEVO 
18418,3N1CK3CE7SL220342,2025-12-01,,678,285561.32,1780.63,2025,NUEVO 
18419,3N1CK3CE0SL220652,2025-12-01,,678,285561.33,2399.98,2025,NUEVO 
18420,MDHBD0FAXSG028556,2025-12-01,,677,352728.80,2067.19,2025,NUEVO 
18421,MDHBD0FA8SG026708,2025-12-01,,677,392658.33,188.69,2025,NUEVO 
18422,MDHBD0FA5SG026259,2025-12-01,,677,352728.81,169.51,2025,NUEVO 
18423,MDHBD0FA8SG027664,2025-12-01,,677,392658.33,254.79,2025,NUEVO 
18424,MDHBD0FA4SG026415,2025-12-01,,677,392658.33,283.04,2025,NUEVO 
18425,MDHBD0FA8SG029091,2025-12-01,,677,352728.81,2964.49,2025,NUEVO 
18426,MDHBD0FA7SG028840,2025-12-01,,677,352728.80,133.82,2025,NUEVO 
18427,MDHBD0FA8SG029494,2025-12-01,,677,409248.65,1853.33,2025,NUEVO 
18428,MDHBD0FA6SG028859,2025-12-01,,677,352728.81,861.25,2025,NUEVO 
18429,MDHBD0FA5SG009266,2025-12-01,,677,392658.33,660.43,2025,NUEVO 
18430,MDHBD0FA9SG029388,2025-12-01,,677,392658.33,377.39,2025,NUEVO 
18431,MDHBD0FA2SG021309,2025-12-01,,677,392658.32,283.04,2025,NUEVO 
18432,MDHBD0FA7SG001802,2025-12-01,,677,409081.98,2355.08,2025,DEMO 
18433,MDHBD0FA2SG000430,2025-12-01,,677,409081.98,2343.43,2025,DEMO 
18434,MDHBD0FA6SG001919,2025-12-01,,677,409081.98,2343.43,2025,DEMO 
18435,MDHBD0FA6SG001449,2025-12-01,,677,392491.66,2796.50,2025,NUEVO 
18436,MDHBD0FA6SG003749,2025-12-01,,677,392491.66,3467.66,2025,NUEVO 
18437,MDHBD0FA0SG001432,2025-12-01,,677,392491.66,78.54,2025,NUEVO 
18438,MDHBD0FA6SG008899,2025-12-01,,677,352728.81,1034.67,2025,NUEVO 
18439,MDHBD0FA2SG017020,2025-12-01,,677,392658.33,1347.02,2025,NUEVO 
18440,MDHBD0FA3SG020637,2025-12-01,,677,352728.81,3307.71,2025,NUEVO 
18441,MDHBD0FA0SG019980,2025-12-01,,677,352728.81,3307.71,2025,NUEVO 
18442,MDHBD0FA1SG018403,2025-12-01,,677,352728.81,3108.20,2025,NUEVO 
18443,MDHBD0FA4SG025622,2025-12-01,,677,352728.81,11.44,2025,NUEVO 
18444,MDHBD0FA8SG024599,2025-12-01,,677,352728.81,3307.71,2025,NUEVO 
18445,MDHBD0FA0SG022345,2025-12-01,,677,352728.81,3274.30,2025,NUEVO 
18446,MDHBD0FA1SG020717,2025-12-01,,677,392658.33,3475.90,2025,NUEVO 
18447,MDHBD0FA9SG025762,2025-12-01,,677,352728.80,134.89,2025,NUEVO 
18448,MDHBD0FA9SG027379,2025-12-01,,677,352728.80,127.26,2025,NUEVO 
18449,9FB4SR4D9RM683192,2025-12-01,,676,191200.00,635.74,2024,SEMINUEVOS 
18450,9FB4SR4D1RM533657,2025-12-01,,676,191200.00,635.74,2024,SEMINUEVOS 
18451,9FB4SR4D4RM707172,2025-12-01,,676,213800.00,1169.25,2024,SEMINUEVOS 
18452,MMBMLV5G0PH006690,2025-12-01,,675,308000.00,1394.81,2023,SEMINUEVOS 
18453,93Y1R5F5XRJ837338,2025-12-01,,674,158700.00,1310.55,2024,SEMINUEVOS 
18454,93Y1R5F57RJ805432,2025-12-01,,674,158700.00,1310.55,2024,SEMINUEVOS 
18455,VF1HR2NB8PC382526,2025-12-01,,673,292300.00,2177.23,2023,SEMINUEVOS 
18456,VF1HR3NB7PC381647,2025-12-01,,673,312000.00,1402.75,2023,SEMINUEVOS 
18457,VF1HR2NB5PC382659,2025-12-01,,673,294100.00,1888.12,2023,SEMINUEVOS 
18458,MNTFP5CP5R6007007,2025-12-01,,672,375000.00,1515.83,2024,SEMINUEVOS 
18459,3N8CP5HE7PL474924,2025-12-01,,672,241400.00,975.79,2023,SEMINUEVOS 
18460,3N8AP6HE5SL420432,2025-12-01,,672,482601.25,1950.78,2025,FLOTILLA 
18461,MNTFP5CP4S6017470,2025-12-01,,672,541168.49,1670.86,2025,FLOTILLA 
18462,MNTFP5CP4S6017324,2025-12-01,,672,561293.32,1199.76,2025,FLOTILLA 
18463,MNTFP5CP6T6020615,2025-12-01,,672,544669.37,517.44,2026,FLOTILLA 
18464,MNTFP5CP5T6020685,2025-12-01,,672,544669.37,517.44,2026,FLOTILLA 
18465,MNTFP5CP6T6019626,2025-12-01,,672,544669.37,517.44,2026,FLOTILLA 
18466,MNTFP5CP9T6020415,2025-12-01,,672,544669.37,517.44,2026,FLOTILLA 
18467,MNTFP5CP4T6020399,2025-12-01,,672,544669.37,517.44,2026,FLOTILLA 
18468,3N8CP5HE8SL470468,2025-12-01,,672,417274.78,297.31,2025,FLOTILLA 
18469,3N8CP5HE0SL505102,2025-12-01,,672,398683.37,2915.47,2025,NUEVO 
18470,MNTFP5CP5S6018739,2025-12-01,,672,536794.13,4432.88,2025,FLOTILLA 
18471,MNTFP5CP5S6018787,2025-12-01,,672,536794.13,4432.88,2025,FLOTILLA 
18472,MNTFP5CP5S6018790,2025-12-01,,672,536794.13,4432.88,2025,FLOTILLA 
18473,MNTFP5CP5S6018823,2025-12-01,,672,536794.13,4432.88,2025,FLOTILLA 
18474,MNTFP5CP5S6018837,2025-12-01,,672,536794.13,4432.88,2025,FLOTILLA 
18475,MNTFP5CP9S6016735,2025-12-01,,672,541168.48,2450.74,2025,FLOTILLA 
18476,MNTFP5CP1S6019287,2025-12-01,,672,536794.12,4063.08,2025,FLOTILLA 
18477,MNTFP5CP0S6019328,2025-12-01,,672,546418.65,2268.09,2025,FLOTILLA 
18478,3N8CP5HE4SL500873,2025-12-01,,672,429415.25,209.70,2025,FLOTILLA 
18479,3N8CP5HE4SL501702,2025-12-01,,672,429415.25,209.70,2025,FLOTILLA 
18480,3N8CP5HE5SL505192,2025-12-01,,672,429415.24,209.70,2025,FLOTILLA 
18481,3N8AP6HE3TL342220,2025-12-01,,672,538755.68,2583.33,2026,NUEVO 
18482,3N8AP6HE0TL343132,2025-12-01,,672,506464.76,1079.33,2026,NUEVO 
18483,MNTFP5CP7S6019424,2025-12-01,,672,551668.81,2542.58,2025,FLOTILLA 
18484,3N8CP5HE3SL501724,2025-12-01,,672,398683.37,3350.71,2025,NUEVO 
18485,3N8AP6HE4TL325958,2025-12-01,,672,482601.24,3728.23,2026,NUEVO 
18486,3N8AP6HE7TL344228,2025-12-01,,672,482601.24,3728.23,2026,NUEVO 
18487,3N8CP5HEXRL510902,2025-12-01,,672,314300.00,768.24,2024,SEMINUEVOS 
18488,3N8AP6HE7TL344049,2025-12-01,,672,506464.76,3777.66,2026,NUEVO 
18489,3N8AP6HE9TL342450,2025-12-01,,672,506464.76,3777.66,2026,NUEVO 
18490,3N8AP6HE6TL343135,2025-12-01,,672,538755.68,4018.52,2026,NUEVO 
18491,3N8AP6HE1TL341793,2025-12-01,,672,482601.24,1086.11,2026,NUEVO 
18492,3N8AP6HE3TL342217,2025-12-01,,672,482601.24,518.47,2026,NUEVO 
18493,3N8AP6HEXTL328637,2025-12-01,,672,482601.24,2945.88,2026,NUEVO 
18494,3N8AP6HE8TL341869,2025-12-01,,672,482601.24,2945.88,2026,NUEVO 
18495,3N8AP6HE0TL342112,2025-12-01,,672,482601.24,1531.86,2026,NUEVO 
18496,3N8AP6HE5SL420432,2025-12-01,,672,482601.25,1649.69,2025,FLOTILLA 
18497,3N8AP6HE9TL345963,2025-12-01,,672,538755.69,1423.96,2026,FLOTILLA 
18498,3N8AP6HE6TL344351,2025-12-01,,672,506464.77,1978.59,2026,NUEVO 
18499,3N8AP6HE2TL344783,2025-12-01,,672,538755.69,2104.74,2026,NUEVO 
18500,3N8AP6HE7TL345976,2025-12-01,,672,506464.77,1978.59,2026,NUEVO 
18501,3N8AP6HE7TL341961,2025-12-01,,672,482601.25,1885.36,2026,NUEVO 
18502,3N8AP6HE9TL345932,2025-12-01,,672,538755.69,2104.74,2026,NUEVO 
18503,3N8AP6HE4TL343585,2025-12-01,,672,506464.77,1978.59,2026,NUEVO 
18504,MNTFP5CP2S6018939,2025-12-01,,672,541168.49,130.03,2025,FLOTILLA 
18505,3N8CP5HE7SL501368,2025-12-01,,672,429415.25,1048.49,2025,NUEVO 
18506,3N8CP5HE3SL503795,2025-12-01,,672,398683.37,670.56,2025,NUEVO 
18507,MNTFP5CP2T6020093,2025-12-01,,672,544669.37,523.49,2026,FLOTILLA 
18508,3N8CP5HE4RL590357,2025-12-01,,672,417025.38,2905.86,2024,NUEVO 
18509,3N8CP5HE8SL470468,2025-12-01,,672,417274.78,2807.33,2025,FLOTILLA 
18510,MNTFP5CP6S6016594,2025-12-01,,672,534005.22,126.97,2025,FLOTILLA 
18511,3N8AP6HE7TL344777,2025-12-01,,672,538755.68,3586.92,2026,FLOTILLA 
18512,3N8AP6HE8TL343914,2025-12-01,,672,538755.68,1665.35,2026,FLOTILLA 
18513,MNTFP5CP2S6018939,2025-12-01,,672,541168.49,386.03,2025,NUEVO 
18514,MNTFP5CP6S6016594,2025-12-01,,672,534005.22,380.92,2025,NUEVO 
18515,3N8AP6HE1TL345049,2025-12-01,,672,506464.76,3371.93,2026,FLOTILLA 
18516,MNTFP5CP2S6018939,2025-12-01,,672,541168.49,3474.30,2025,FLOTILLA 
18517,MNTFP5CP6S6016594,2025-12-01,,672,534005.22,3428.31,2025,FLOTILLA 
18518,3N8CP5HE9SL506457,2025-12-01,,672,429415.25,148.07,2025,NUEVO 
18519,3N8AP6HEXTL344529,2025-12-01,,672,506464.77,365.08,2026,NUEVO 
18520,3N8CP5HE1SL505383,2025-12-01,,672,429415.25,309.54,2025,NUEVO 
18521,3N8CP5HE4SL506723,2025-12-01,,672,429415.24,206.36,2025,NUEVO 
18522,MNTFP5CP4S6017470,2025-12-01,,672,541168.49,2778.90,2025,NUEVO 
18523,JN1BE6DSXL9036127,2025-12-01,,701,370600.00,1232.25,2020,SEMINUEVOS 
18524,JN1BE6DS3N9042130,2025-12-01,,701,437600.00,1455.02,2022,SEMINUEVOS 
18525,JN1BE6DS1M9041315,2025-12-01,,701,403000.00,1339.98,2021,SEMINUEVOS 
18526,JN1BE6DS7L9036036,2025-12-01,,701,370600.00,1232.25,2020,SEMINUEVOS 
18527,JN1BE6DS2L9036977,2025-12-01,,701,370600.00,88.02,2020,SEMINUEVOS 
18528,JN1BE6DS3S9122961,2025-12-01,,701,696393.89,5008.81,2025,NUEVO 
18529,JN1BE6DS3L9036647,2025-12-01,,701,372600.00,89.53,2020,SEMINUEVOS 
18530,JN1BE6DS8S9122468,2025-12-01,,701,696393.88,165.59,2025,NUEVO 
18531,JN1BE6DS4S9121656,2025-12-01,,701,645301.69,6051.32,2025,NUEVO 
18532,JN6BE6CS9S9123429,2025-12-01,,701,537981.97,2765.23,2025,FLOTILLA 
18533,JN1BE6DS4S9122029,2025-12-01,,701,652953.05,5220.72,2025,NUEVO 
18534,JN1BE6DS8S9122468,2025-12-01,,701,696393.88,188.80,2025,FLOTILLA 
18535,JN1BE6DS4S9122676,2025-12-01,,701,696393.89,6164.63,2025,NUEVO 
18536,JN1BE6DS3S9122216,2025-12-01,,701,652953.04,5780.09,2025,NUEVO 
18537,1FBAX2C82LKA03010,2025-12-01,,700,334500.00,1112.21,2020,SEMINUEVOS 
18538,9BWBL6BF5P4039177,2025-12-01,,698,257300.00,2130.73,2023,SEMINUEVOS 
18539,9BWBL6BF0P4039779,2025-12-01,,698,257300.00,2130.73,2023,SEMINUEVOS 
18540,9BWBL6BF5P4038997,2025-12-01,,698,257300.00,220.42,2023,SEMINUEVOS 
18541,KMFWB3WR6KU047545,2025-12-01,,696,268300.00,1084.53,2019,SEMINUEVOS 
18542,3GCPW9EH9MG288201,2025-12-01,,695,444500.00,1477.96,2021,SEMINUEVOS 
18543,3N1AB8AE7LY270895,2025-12-01,,694,240800.00,973.37,2020,SEMINUEVOS 
18544,3N1AB8AE4SY269640,2025-12-01,,694,382024.70,1362.55,2025,FLOTILLA 
18545,3N1AB8AE7SY274346,2025-12-01,,694,416170.46,1484.34,2025,FLOTILLA 
18546,3N1AB8AE4PY208165,2025-12-01,,694,192800.00,137.37,2023,SEMINUEVOS 
18547,3N1AB8AE2RY394596,2025-12-01,,694,201300.00,143.43,2024,SEMINUEVOS 
18548,3N1AB8AE3SY349124,2025-12-01,,694,426000.21,3517.93,2025,NUEVO 
18549,3N1AB8AE1SY346299,2025-12-01,,694,426000.21,208.03,2025,FLOTILLA 
18550,3N1AB8AE1SY422829,2025-12-01,,694,375550.64,2749.03,2025,NUEVO 
18551,3N1AB8AE9SY425350,2025-12-01,,694,409779.93,2947.34,2025,NUEVO 
18552,3N1AB8AE7PY201145,2025-12-01,,694,258400.00,946.39,2023,SEMINUEVOS 
18553,3N1AB8AE4SY419083,2025-12-01,,694,409779.92,1200.66,2025,NUEVO 
18554,3N1AB8AE4SY269640,2025-12-01,,694,382024.70,1305.89,2025,FLOTILLA 
18555,3N1AB8AE7SY274346,2025-12-01,,694,416170.46,1422.61,2025,FLOTILLA 
18556,3N1AB8AE1SY319605,2025-12-01,,694,391853.29,2918.76,2025,FLOTILLA 
18557,3N1AB8AE0PY201455,2025-12-01,,694,235500.00,1754.15,2023,SEMINUEVOS 
18558,3N1AB8AE3RY337744,2025-12-01,,694,272800.00,2031.98,2024,SEMINUEVOS 
18559,3N1AB8AE8SY239234,2025-12-01,,694,543900.00,2974.53,2025,SEMINUEVOS 
18560,3N1AB8AE7SY281426,2025-12-01,,694,401055.66,2829.69,2025,NUEVO 
18561,3N1AB8AEXSY290105,2025-12-01,,694,419836.06,1711.65,2025,DEMO 
18562,3N1AB8AE5SY318361,2025-12-01,,694,401075.66,945.85,2025,NUEVO 
18563,3N1AB8AE8SY331377,2025-12-01,,694,391853.28,3553.13,2025,NUEVO 
18564,3N1AB8AE2SY340866,2025-12-01,,694,407219.80,225.71,2025,NUEVO 
18565,3N1AB8AE3SY348068,2025-12-01,,694,426000.20,124.84,2025,NUEVO 
18566,3N1AB8AEXSY328223,2025-12-01,,694,472259.84,4290.35,2025,NUEVO 
18567,3N1AB8AE9SY330755,2025-12-01,,694,391853.28,3517.93,2025,NUEVO 
18568,3N1AB8AE6SY330874,2025-12-01,,694,391853.28,3265.68,2025,NUEVO 
18569,3N1AB8AE2SY334761,2025-12-01,,694,407219.80,2894.79,2025,NUEVO 
18570,3N1AB8AE1SY349610,2025-12-01,,694,426000.20,3870.09,2025,NUEVO 
18571,3N1AB8AE3SY350287,2025-12-01,,694,372953.40,3388.18,2025,NUEVO 
18572,3N1AB8AE1SY348618,2025-12-01,,694,372953.40,20.24,2025,NUEVO 
18573,3N1AB8AE9SY351329,2025-12-01,,694,407219.80,3699.48,2025,NUEVO 
18574,3N1AB8AEXSY355731,2025-12-01,,694,426000.21,1227.17,2025,NUEVO 
18575,3N1AB8AEXSY359102,2025-12-01,,694,407219.80,806.95,2025,NUEVO 
18576,3N1AB8AE9SY362119,2025-12-01,,694,372953.41,829.61,2025,NUEVO 
18577,3N1AB8AE2SY363077,2025-12-01,,694,407219.81,3510.12,2025,NUEVO 
18578,3N1AB8AE0SY369329,2025-12-01,,694,407219.80,3510.12,2025,NUEVO 
18579,3N1AB8AE8SY375427,2025-12-01,,694,372953.41,3535.91,2025,NUEVO 
18580,3N1AB8AE0SY374773,2025-12-01,,694,391853.28,3549.76,2025,NUEVO 
18581,3N1AB8AE4SY380091,2025-12-01,,694,407219.80,3048.79,2025,NUEVO 
18582,3N1AB8AE2SY378095,2025-12-01,,694,407219.80,3857.28,2025,NUEVO 
18583,3N1AB8AE9SY379745,2025-12-01,,694,372953.40,1732.97,2025,NUEVO 
18584,3N1AB8AE6SY383588,2025-12-01,,694,407219.81,3857.28,2025,NUEVO 
18585,3N1AB8AE4SY382066,2025-12-01,,694,372953.41,3304.78,2025,NUEVO 
18586,3N1AB8AE6SY378777,2025-12-01,,694,391853.29,2091.01,2025,NUEVO 
18587,3N1AB8AE9SY388168,2025-12-01,,694,372953.41,3532.70,2025,NUEVO 
18588,3N1AB8AE4SY388787,2025-12-01,,694,372953.41,3532.70,2025,NUEVO 
18589,3N1AB8AE5SY392556,2025-12-01,,694,372953.40,3421.79,2025,NUEVO 
18590,3N1AB8AEXSY388356,2025-12-01,,694,407219.81,3818.70,2025,NUEVO 
18591,3N1AB8AE3SY388246,2025-12-01,,694,391853.29,2644.60,2025,NUEVO 
18592,3N1AB8AE8SY389473,2025-12-01,,694,407219.81,3857.28,2025,NUEVO 
18593,3N1AB8AE7SY359672,2025-12-01,,694,409779.93,3800.37,2025,NUEVO 
18594,3N1AB8AE4SY408195,2025-12-01,,694,375550.65,3482.92,2025,NUEVO 
18595,3N1AB8AE6SY394395,2025-12-01,,694,394413.41,1525.94,2025,NUEVO 
18596,3N1AB8AE1SY405223,2025-12-01,,694,375550.65,3486.15,2025,NUEVO 
18597,3N1AB8AE9SY417846,2025-12-01,,694,375550.64,3324.46,2025,NUEVO 
18598,3N1AB8AEXSY410002,2025-12-01,,694,375550.64,3324.46,2025,NUEVO 
18599,3N1AB8AE6SY417979,2025-12-01,,694,394413.40,3491.44,2025,NUEVO 
18600,3N1AB8AE7SY405646,2025-12-01,,694,375550.64,3156.29,2025,NUEVO 
18601,3N1AB8AE3SY419320,2025-12-01,,694,394413.40,3314.83,2025,NUEVO 
18602,3N1AB8AE8SY419359,2025-12-01,,694,394413.40,1417.26,2025,NUEVO 
18603,3KPA24BC7LE326368,2025-12-01,,693,138600.00,395.47,2020,SEMINUEVOS 
18604,988611554NK477364,2025-12-01,,692,232600.00,1493.29,2022,SEMINUEVOS 
18605,JTDKARFUXK3088240,2025-12-01,,688,208900.00,1725.11,2019,SEMINUEVOS 
18606,MEX6A2604NT024356,2025-12-01,,687,177700.00,1458.87,2022,SEMINUEVOS 
18607,5N1DR3MN5RC314054,2025-12-01,,686,1041332.59,6291.73,2024,DEMO 
18608,JE4LD6138JZ027348,2025-12-01,,685,257300.00,549.98,2018,SEMINUEVOS 
18609,LSGEN5309PD013398,2025-12-01,,684,177400.00,379.19,2023,SEMINUEVOS 
18610,3G1MA5E26NL133256,2025-12-01,,684,153500.00,510.39,2022,SEMINUEVOS 
18611,LSGEN53A8PD006581,2025-12-01,,684,218800.00,727.51,2023,SEMINUEVOS 
18612,LSGEN53A2PD155598,2025-12-01,,684,179800.00,1360.94,2023,SEMINUEVOS 
18613,LSGEN53AXPD017193,2025-12-01,,684,218800.00,263.35,2023,SEMINUEVOS 
18614,LSGEN53AXPD011345,2025-12-01,,684,222300.00,1868.31,2023,SEMINUEVOS 
18615,JN1BE6DS4L9039198,2025-12-01,,683,372600.00,2775.35,2020,SEMINUEVOS 
18616,JN1BE6DS6N9042073,2025-12-01,,683,438700.00,3267.71,2022,SEMINUEVOS 
18617,JN1BE6DSXM9040308,2025-12-01,,683,404600.00,3013.71,2021,SEMINUEVOS 
18618,JN1BE6DS3L9038995,2025-12-01,,683,372600.00,2775.35,2020,SEMINUEVOS 
18619,JN1BE6DS6L9036626,2025-12-01,,683,372600.00,2775.35,2020,SEMINUEVOS 
18620,JN1BE6DS4L9036916,2025-12-01,,683,376400.00,3090.14,2020,SEMINUEVOS 
18621,JN1BE6DS9L9037317,2025-12-01,,683,376400.00,1612.25,2020,SEMINUEVOS 
18622,JN1BE6DS4L9036981,2025-12-01,,683,376400.00,1612.25,2020,SEMINUEVOS 
18623,JN1BE6DS6L9036691,2025-12-01,,683,374300.00,299.13,2020,SEMINUEVOS 
18624,JN1BE6DS3L9036731,2025-12-01,,683,374300.00,2193.61,2020,SEMINUEVOS 
18625,JN1BE6DSXL9036130,2025-12-01,,683,374300.00,3090.99,2020,SEMINUEVOS 
18626,JN1BE6DSXL9036483,2025-12-01,,683,374300.00,99.71,2020,SEMINUEVOS 
18627,3N6AD35AXTK808703,2025-12-01,,682,438905.20,104.24,2026,FLOTILLA 
18628,3N6AD35A2TK805181,2025-12-01,,682,438905.20,1753.79,2026,NUEVO 
18629,3N6AD35A5TK806017,2025-12-01,,682,438905.20,2806.07,2026,NUEVO 
18630,3N6AD35A2TK806010,2025-12-01,,682,438905.20,1005.76,2026,NUEVO 
18631,3N6AD35A0TK806054,2025-12-01,,682,438905.20,2571.98,2026,NUEVO 
18632,3N6AD35A8TK806755,2025-12-01,,682,438905.21,224.64,2026,NUEVO 
18633,3N6AD35A2TK805844,2025-12-01,,682,438905.20,514.86,2026,NUEVO 
18634,3N6AD31A9TK806141,2025-12-01,,682,439774.05,1181.16,2026,NUEVO 
18635,3N6AD35A6TK806866,2025-12-01,,682,438905.20,423.26,2026,NUEVO 
18636,3N6AD31A5TK806007,2025-12-01,,682,439774.04,2536.03,2026,FLOTILLA 
18637,3N6AD31A4TK809979,2025-12-01,,682,439774.04,313.71,2026,FLOTILLA 
18638,3N6AD31A7TK808860,2025-12-01,,682,439774.04,105.67,2026,NUEVO 
18639,3N6AD35A8TK808635,2025-12-01,,682,438905.21,527.30,2026,NUEVO 
18640,3N6AD35A7SK825084,2025-12-01,,682,436301.06,469.20,2025,NUEVO 
18641,3N6AD35A6SK839414,2025-12-01,,682,436301.06,4132.74,2025,NUEVO 
18642,3N6AD35A6SK847707,2025-12-01,,682,438905.20,3688.75,2025,FLOTILLA 
18643,3N6AD35A8SK847983,2025-12-01,,682,438905.20,3688.75,2025,FLOTILLA 
18644,JM1NDAC76P0554663,2025-12-01,,681,314900.00,1047.04,2023,SEMINUEVOS 
18645,ML3AFT6J8NH004314,2025-12-01,,680,158800.00,47.51,2022,SEMINUEVOS 
18646,LSJA36E92NZ080070,2025-12-01,,679,159600.00,935.26,2022,SEMINUEVOS 
18647,LSJA36E9XPZ149784,2025-12-01,,679,161500.00,338.21,2023,SEMINUEVOS 
18648,3N1CK3CE7SL216310,2025-12-01,,678,264080.45,1067.47,2025,FLOTILLA 
18649,3N1CK3CEXSL216382,2025-12-01,,678,266900.00,316.94,2025,SEMINUEVOS 
18650,3N1CK3CE1SL221065,2025-12-01,,678,265870.33,212.47,2025,FLOTILLA 
18651,3N1CK3CE9SL221184,2025-12-01,,678,265870.32,212.47,2025,FLOTILLA 
18652,3N1CK3CE1SL221244,2025-12-01,,678,265870.32,212.47,2025,FLOTILLA 
18653,3N1CK3CE1SL221499,2025-12-01,,678,265870.32,212.47,2025,FLOTILLA 
18654,3N1CK3CE2SL221401,2025-12-01,,678,265870.32,212.47,2025,FLOTILLA 
18655,3N1CK3CE0SL221512,2025-12-01,,678,265870.32,212.47,2025,FLOTILLA 
18656,3N1CK3CE4SL222159,2025-12-01,,678,265870.32,378.87,2025,FLOTILLA 
18657,3N1CK3CE2SL224136,2025-12-01,,678,265870.32,189.43,2025,FLOTILLA 
18658,3N1CK3CE1SL219770,2025-12-01,,678,285561.32,2399.98,2025,NUEVO 
18659,3N1CK3CE2SL220281,2025-12-01,,678,285561.32,2399.98,2025,NUEVO 
18660,3N1CK3CE4SL221223,2025-12-01,,678,285561.33,2358.18,2025,NUEVO 
18661,3N1CK3CE2SL220247,2025-12-01,,678,285561.33,2358.18,2025,NUEVO 
18662,3N1CK3CE0SL221753,2025-12-01,,678,285561.33,2358.18,2025,NUEVO 
18663,3N1CK3CE8SL220561,2025-12-01,,678,285561.33,2325.25,2025,NUEVO 
18664,3N1CK3CE6SL220011,2025-12-01,,678,265870.33,1657.85,2025,FLOTILLA 
18665,3N1CK3CE6SL220106,2025-12-01,,678,285561.32,2358.18,2025,NUEVO 
18666,3N1CK3CE7SL207929,2025-12-01,,678,264080.45,257.92,2025,FLOTILLA 
18667,3N1CK3CE8SL207843,2025-12-01,,678,264080.45,257.92,2025,FLOTILLA 
18668,3N1CK3CEXSL207844,2025-12-01,,678,264080.45,257.92,2025,FLOTILLA 
18669,3N1CK3CE6SL222597,2025-12-01,,678,310620.80,2482.38,2025,NUEVO 
18670,3N1CK3CE0SL222854,2025-12-01,,678,285561.32,2091.74,2025,NUEVO 
18671,3N1CK3CE7SL216310,2025-12-01,,678,264080.45,902.72,2025,FLOTILLA 
18672,3N1CK3CE4SL222159,2025-12-01,,678,265870.32,1038.67,2025,NUEVO 
18673,3N1CK3CE4SL222145,2025-12-01,,678,285561.32,1533.94,2025,NUEVO 
18674,3N1CK3CE4SL222193,2025-12-01,,678,310620.81,1213.49,2025,NUEVO 
18675,3N1CK3CE4SL220797,2025-12-01,,678,310620.81,1441.02,2025,NUEVO 
18676,3N1CK3CE2SL222337,2025-12-01,,678,285561.33,1324.77,2025,NUEVO 
18677,3N1CK3CE5SL222218,2025-12-01,,678,285561.33,1324.77,2025,NUEVO 
18678,3N1CK3CE2SL222192,2025-12-01,,678,285561.33,1464.22,2025,NUEVO 
18679,3N1CK3CE3SL222668,2025-12-01,,678,290035.45,1062.25,2025,NUEVO 
18680,3N1CK3CE6SL223443,2025-12-01,,678,290035.45,766.58,2025,NUEVO 
18681,3N1CK3CE5SL223627,2025-12-01,,678,265870.33,209.13,2025,NUEVO 
18682,JN8CT3MT5SW011008,2025-12-01,,706,847816.33,6708.35,2025,DEMO 
18683,JN8AT3MT7TW054953,2025-12-01,,706,706716.89,884.28,2026,DEMO 
18684,JN8CT3MT9SW007642,2025-12-01,,706,602800.00,721.35,2025,SEMINUEVOS 
18685,JN8AT3MT5TW058693,2025-12-01,,706,710477.39,3188.27,2026,NUEVO 
18686,JN8CT3MT6TW011102,2025-12-01,,706,771255.10,3523.78,2026,NUEVO 
18687,JN8CT3MT6TW011522,2025-12-01,,706,852216.03,7057.30,2026,NUEVO 
18688,JN8CT3MT7TW011478,2025-12-01,,706,771255.10,5065.43,2026,NUEVO 
18689,JN8AT3MT8TW060485,2025-12-01,,706,587701.83,2661.47,2026,FLOTILLA 
18690,JN8AT3MT2TW059798,2025-12-01,,706,587701.83,3444.26,2026,FLOTILLA 
18691,JN8CT3MT8PW000298,2025-12-01,,706,476100.00,634.14,2023,SEMINUEVOS 
18692,JN8AT3MT9TW060267,2025-12-01,,706,587701.83,2661.47,2026,FLOTILLA 
18693,9BWDL5BZXNP001422,2025-12-01,,705,193300.00,642.72,2022,SEMINUEVOS 
18694,9BWDL5BZ2LP027137,2025-12-01,,705,158700.00,1018.85,2020,SEMINUEVOS 
18695,3N1CN8AE5SL892813,2025-12-01,,704,346452.05,246.85,2025,FLOTILLA 
18696,3N1CN8AE8SL892868,2025-12-01,,704,346452.05,246.85,2025,FLOTILLA 
18697,3N1CN8AE8SK638129,2025-12-01,,704,329447.60,2768.82,2025,NUEVO 
18698,3N1CN8AE1SK637369,2025-12-01,,704,346452.05,2861.02,2025,NUEVO 
18699,3N1CN8AE7SL891050,2025-12-01,,704,346452.04,1568.95,2025,FLOTILLA 
18700,3N1CN8AE2SK632925,2025-12-01,,704,343766.65,2838.84,2025,FLOTILLA 
18701,3N1CN8AE7SK635531,2025-12-01,,704,346452.05,2861.02,2025,NUEVO 
18702,3N1CN8AE6SK619532,2025-12-01,,704,343766.65,2014.66,2025,FLOTILLA 
18703,3N1CN8AE6SL892514,2025-12-01,,704,346452.04,2584.15,2025,NUEVO 
18704,3N1CN8AEXSK638911,2025-12-01,,704,379399.52,2442.75,2025,NUEVO 
18705,3N1CN8AE2SK629331,2025-12-01,,704,343766.65,251.81,2025,FLOTILLA 
18706,3N1CN8AE3SK625191,2025-12-01,,704,343766.65,251.81,2025,FLOTILLA 
18707,3N1CN8AE3SK625286,2025-12-01,,704,343766.65,251.81,2025,FLOTILLA 
18708,3N1CN8AE4SK629329,2025-12-01,,704,343766.65,251.81,2025,FLOTILLA 
18709,3N1CN8AE6SK625346,2025-12-01,,704,343766.65,251.81,2025,FLOTILLA 
18710,3N1CN8AE5RL825011,2025-12-01,,704,232000.00,509.82,2024,SEMINUEVOS 
18711,3N1CN8AE7NL842886,2025-12-01,,704,210900.00,213.52,2022,SEMINUEVOS 
18712,3N1CN8AE9SL891115,2025-12-01,,704,346452.04,1283.88,2025,NUEVO 
18713,3N1CN8AE9SL891907,2025-12-01,,704,346452.04,2114.80,2025,NUEVO 
18714,3N1CN8AE4SK613454,2025-12-01,,704,376740.80,1991.49,2025,FLOTILLA 
18715,3N1CN8AE2SK638899,2025-12-01,,704,379399.53,911.61,2025,NUEVO 
18716,3N1CN8AE8SK634999,2025-12-01,,704,329447.61,1667.46,2025,FLOTILLA 
18717,3N1CN8AE1SK623407,2025-12-01,,704,376740.80,90.52,2025,FLOTILLA 
18718,3N1CN8AE2SK625375,2025-12-01,,704,376740.80,90.52,2025,FLOTILLA 
18719,3N1CN8AE2SL883597,2025-12-01,,704,346452.05,582.71,2025,NUEVO 
18720,3N1CN8AE5SL892813,2025-12-01,,704,346452.05,659.03,2025,NUEVO 
18721,3N1CN8AE8SL892868,2025-12-01,,704,346452.05,659.03,2025,NUEVO 
18722,3N1CN8AEXSL890474,2025-12-01,,704,346452.05,906.16,2025,NUEVO 
18723,3N1CN8AE2SL890453,2025-12-01,,704,346452.05,906.16,2025,NUEVO 
18724,3N1CN8AE7SL892912,2025-12-01,,704,346452.05,906.16,2025,NUEVO 
18725,3N1CN8AEXSL892838,2025-12-01,,704,346452.05,906.16,2025,NUEVO 
18726,3N1CN8AE0SK591601,2025-12-01,,704,355215.94,2618.34,2025,FLOTILLA 
18727,3N1CN8AE5SL891743,2025-12-01,,704,346452.05,1647.57,2025,FLOTILLA 
18728,3N1CN8AE9SL893057,2025-12-01,,704,346452.05,1647.57,2025,FLOTILLA 
18729,3N1CN8AE6SL893534,2025-12-01,,704,346452.05,1647.57,2025,FLOTILLA 
18730,3N1CN8AE5SL893637,2025-12-01,,704,346452.05,1647.57,2025,FLOTILLA 
18731,3N1CN8AE1SL890542,2025-12-01,,704,346452.05,1400.44,2025,FLOTILLA 
18732,3N1CN8AE2SL893319,2025-12-01,,704,346452.05,1400.44,2025,FLOTILLA 
18733,3N1CN8AE1SL893831,2025-12-01,,704,346452.05,1400.44,2025,FLOTILLA 
18734,3N1CN8AE3SL891725,2025-12-01,,704,346452.05,1070.92,2025,FLOTILLA 
18735,3N1CN8AE7SL893459,2025-12-01,,704,346452.05,1070.92,2025,FLOTILLA 
18736,3N1CN8AE4SL890549,2025-12-01,,704,346452.05,988.54,2025,FLOTILLA 
18737,3N1CN8AE4SL890695,2025-12-01,,704,346452.05,988.54,2025,FLOTILLA 
18738,3N1CN8AE1SL890623,2025-12-01,,704,346452.05,988.54,2025,FLOTILLA 
18739,3N1CN8AE5SL890575,2025-12-01,,704,346452.05,988.54,2025,FLOTILLA 
18740,3N1CN8AEXSL891740,2025-12-01,,704,346452.05,988.54,2025,FLOTILLA 
18741,3N1CN8AE1SL891948,2025-12-01,,704,346452.05,988.54,2025,FLOTILLA 
18742,3N1CN8AE0SL890600,2025-12-01,,704,346452.05,988.54,2025,FLOTILLA 
18743,3N1CN8AE6SL892464,2025-12-01,,704,346452.05,988.54,2025,FLOTILLA 
18744,3N1CN8AE5SL892620,2025-12-01,,704,346452.05,988.54,2025,FLOTILLA 
18745,3N1CN8AE4SL892589,2025-12-01,,704,346452.05,988.54,2025,FLOTILLA 
18746,3N1CN8AEXSL890622,2025-12-01,,704,346452.05,988.54,2025,FLOTILLA 
18747,3N1CN8AE6SL893226,2025-12-01,,704,346452.05,988.54,2025,FLOTILLA 
18748,3N1CN8AE5SL893377,2025-12-01,,704,346452.05,988.54,2025,FLOTILLA 
18749,3N1CN8AE0SL894078,2025-12-01,,704,346452.05,988.54,2025,FLOTILLA 
18750,3N1CN8AE9SL893964,2025-12-01,,704,346452.05,988.54,2025,FLOTILLA 
18751,3N1CN8AE9SL890563,2025-12-01,,704,346452.05,988.54,2025,FLOTILLA 
18752,3N1CN8AE6SL896479,2025-12-01,,704,346452.05,988.54,2025,FLOTILLA 
18753,3N1CN8AE6SL892304,2025-12-01,,704,346452.05,988.54,2025,FLOTILLA 
18754,3N1CN8AE1SL892520,2025-12-01,,704,346452.05,988.54,2025,FLOTILLA 
18755,3N1CN8AE6SL892934,2025-12-01,,704,346452.05,988.54,2025,FLOTILLA 
18756,3N1CN8AE3SL892583,2025-12-01,,704,346452.05,988.54,2025,FLOTILLA 
18757,3N1CN8AE2SL890551,2025-12-01,,704,346452.05,906.16,2025,FLOTILLA 
18758,3N1CN8AE7SL890447,2025-12-01,,704,346452.05,906.16,2025,FLOTILLA 
18759,3N1CN8AE3SL890493,2025-12-01,,704,346452.05,906.16,2025,FLOTILLA 
18760,3N1CN8AE8SL892174,2025-12-01,,704,346452.05,906.16,2025,FLOTILLA 
18761,3N1CN8AE7SL892120,2025-12-01,,704,346452.05,906.16,2025,FLOTILLA 
18762,3N1CN8AE5SL892195,2025-12-01,,704,346452.05,906.16,2025,FLOTILLA 
18763,3N1CN8AE0SL892024,2025-12-01,,704,346452.05,906.16,2025,FLOTILLA 
18764,3N1CN8AE9SL892250,2025-12-01,,704,346452.05,906.16,2025,FLOTILLA 
18765,3N1CN8AE6SL892366,2025-12-01,,704,346452.05,906.16,2025,FLOTILLA 
18766,3N1CN8AE8SL892398,2025-12-01,,704,346452.05,906.16,2025,FLOTILLA 
18767,3N1CN8AE1SK623407,2025-12-01,,704,376740.80,268.74,2025,NUEVO 
18768,3N1CN8AE2SK625375,2025-12-01,,704,376740.80,268.74,2025,NUEVO 
18769,3N1CN8AE2SL890159,2025-12-01,,704,379399.52,90.21,2025,NUEVO 
18770,3N1CN8AE2SK629331,2025-12-01,,704,343766.65,1553.06,2025,FLOTILLA 
18771,3N1CN8AE3SK625191,2025-12-01,,704,343766.65,1144.36,2025,FLOTILLA 
18772,3N1CN8AE3SK625286,2025-12-01,,704,343766.65,1144.36,2025,FLOTILLA 
18773,3N1CN8AE4SK629329,2025-12-01,,704,343766.65,1144.36,2025,FLOTILLA 
18774,3N1CN8AE6SK625346,2025-12-01,,704,343766.65,1144.36,2025,FLOTILLA 
18775,3N1CN8AE6SL890892,2025-12-01,,704,379399.53,273.48,2025,NUEVO 
18776,3N1CN8AE1SK623407,2025-12-01,,704,376740.80,1612.45,2025,FLOTILLA 
18777,3N1CN8AE2SK625375,2025-12-01,,704,376740.80,2418.68,2025,FLOTILLA 
18778,3N1CN8AE2SL890159,2025-12-01,,704,379399.52,1623.83,2025,FLOTILLA 
18779,3N1CN8AE8PL861384,2025-12-01,,704,200100.00,570.95,2023,SEMINUEVOS 
18780,3N1CN8AE3SL841410,2025-12-01,,704,398572.10,1534.04,2025,NUEVO 
18781,3N1CN8AE4SK603801,2025-12-01,,704,369485.38,2044.88,2025,DEMO 
18782,3N1CN8AE4SK604477,2025-12-01,,704,369485.38,368.92,2025,DEMO 
18783,3N1CN8AE5SK613186,2025-12-01,,704,391773.25,3464.69,2025,NUEVO 
18784,3N1CN8AE2SK613663,2025-12-01,,704,376740.81,1504.66,2025,NUEVO 
18785,3N1CN8AE2SL858893,2025-12-01,,704,391773.25,3559.15,2025,NUEVO 
18786,3N1CN8AE5SK611261,2025-12-01,,704,343766.64,1706.03,2025,NUEVO 
18787,3N1CN8AE8SK612422,2025-12-01,,704,328550.92,169.37,2025,NUEVO 
18788,3N1CN8AE1SK620006,2025-12-01,,704,391773.25,3314.96,2025,NUEVO 
18789,3N1CN8AE1SK619857,2025-12-01,,704,343766.65,2983.89,2025,NUEVO 
18790,3N1CN8AE2SK619852,2025-12-01,,704,343766.65,271.11,2025,NUEVO 
18791,3N1CN8AE0SK621860,2025-12-01,,704,376740.81,3247.40,2025,NUEVO 
18792,3N1CN8AE0SK618358,2025-12-01,,704,343766.65,2963.17,2025,NUEVO 
18793,3N1CN8AE4SK617536,2025-12-01,,704,328550.93,2976.31,2025,NUEVO 
18794,3N1CN8AE8SL869655,2025-12-01,,704,405743.13,2608.48,2025,NUEVO 
18795,3N1CN8AE6NL856181,2025-12-01,,704,218800.00,1286.97,2022,SEMINUEVOS 
18796,3N1CN8AEXSK627553,2025-12-01,,704,343766.64,3256.23,2025,NUEVO 
18797,3N1CN8AE3SK630794,2025-12-01,,704,376740.81,3532.89,2025,NUEVO 
18798,3N1CN8AE5PL858619,2025-12-01,,704,218400.00,1535.44,2023,SEMINUEVOS 
18799,3N1CN8AE3SK631556,2025-12-01,,704,361666.61,3391.53,2025,NUEVO 
18800,3N1CN8AE4SK631839,2025-12-01,,704,328550.93,187.08,2025,NUEVO 
18801,3N1CN8AE4PL858658,2025-12-01,,704,216900.00,1786.11,2023,SEMINUEVOS 
18802,3N1CN8AE2PL861137,2025-12-01,,704,216900.00,1786.11,2023,SEMINUEVOS 
18803,3N1CN8AE2PL860778,2025-12-01,,704,216900.00,1104.14,2023,SEMINUEVOS 
18804,3N1CN8AE6PL858015,2025-12-01,,704,216900.00,263.36,2023,SEMINUEVOS 
18805,3N1CN8AEXRL825621,2025-12-01,,704,260600.00,372.08,2024,SEMINUEVOS 
18806,3N1CN8AE9SK632369,2025-12-01,,704,361666.61,3357.27,2025,NUEVO 
18807,3N1CN8AE8SK632542,2025-12-01,,704,361666.61,3248.97,2025,NUEVO 
18808,3N1CN8AEXSL883783,2025-12-01,,704,361666.60,124.52,2025,NUEVO 
18809,3N1CN8AE4SK635423,2025-12-01,,704,346452.05,2066.39,2025,FLOTILLA 
18810,3N1CN8AEXSL883685,2025-12-01,,704,379399.53,78.82,2025,NUEVO 
18811,3N1CN8AE0PL821428,2025-12-01,,704,215200.00,286.63,2023,SEMINUEVOS 
18812,3N1CN8AE1SK629823,2025-12-01,,704,328550.93,2713.19,2025,FLOTILLA 
18813,3N1CN8AE4SK635034,2025-12-01,,704,329447.60,2720.60,2025,FLOTILLA 
18814,3N1CN8AE1SK633712,2025-12-01,,704,329447.60,2720.60,2025,FLOTILLA 
18815,MEX5J2609LT089230,2025-12-01,,703,159600.00,113.72,2020,SEMINUEVOS 
18816,MEX5A2600MT156069,2025-12-01,,703,152000.00,705.15,2021,SEMINUEVOS 
18817,MEX5A2600MT150112,2025-12-01,,703,152000.00,1150.51,2021,SEMINUEVOS 
18818,3N1CN7AE1SK413108,2025-12-01,,702,275746.56,2277.13,2025,NUEVO 
18819,3N1CN7AE3SK413529,2025-12-01,,702,275746.56,417.51,2025,NUEVO 
18820,3N1CN7AE1SK413786,2025-12-01,,702,275746.56,1983.31,2025,NUEVO 
18821,3N1CN7AE0SK413519,2025-12-01,,702,275746.56,146.91,2025,NUEVO 
18822,3N1CN7AE5SK416173,2025-12-01,,702,275746.56,2130.22,2025,NUEVO 
18823,3N1CN7AE3SK413448,2025-12-01,,702,275746.56,146.91,2025,NUEVO 
18824,3N1CN7AE8SK416457,2025-12-01,,702,275746.56,220.37,2025,NUEVO 
18825,3N1CN7AE8SK416538,2025-12-01,,702,275746.56,2130.22,2025,NUEVO 
18826,3N1CN7AE0SK418235,2025-12-01,,702,275746.57,1413.89,2025,NUEVO 
18827,3N1CN7AE8SK419374,2025-12-01,,702,275746.57,1413.89,2025,NUEVO 
18828,3N1CN7AE2PL718019,2025-12-01,,702,182000.00,135.59,2023,SEMINUEVOS 
18829,3N1CN7AE2SK415305,2025-12-01,,702,275746.57,538.63,2025,NUEVO 
18830,3N1CN7AE1SK415568,2025-12-01,,702,275746.57,728.81,2025,NUEVO 
18831,3N1CN7AE9SK415382,2025-12-01,,702,275746.56,397.53,2025,NUEVO 
18832,3N1CN7AE9SK415575,2025-12-01,,702,275746.56,265.02,2025,NUEVO 
18833,3N1CN7AE4SK417783,2025-12-01,,702,275746.56,132.51,2025,NUEVO 
18834,3N1CN7AE9SK417746,2025-12-01,,702,275746.56,132.51,2025,NUEVO 
18835,3N1CN7AE0SK417473,2025-12-01,,702,275746.56,132.51,2025,NUEVO 
18836,3N1CN7AE8SK417625,2025-12-01,,702,275746.56,132.51,2025,NUEVO 
18837,3N1CN7AE8SK417883,2025-12-01,,702,275746.56,132.51,2025,NUEVO 
18838,3N1CN7AE6SK409233,2025-12-01,,702,275746.57,164.99,2025,NUEVO 
18839,3N1CN7AE2SK411187,2025-12-01,,702,275746.56,157.48,2025,NUEVO 
18840,3N1CN7AEXSK412491,2025-12-01,,702,275746.56,2379.74,2025,NUEVO 
18841,3N1CN7AE8SK412571,2025-12-01,,702,275746.56,1181.11,2025,NUEVO 
18842,3N1CN7AE4SK410915,2025-12-01,,702,275746.56,2277.13,2025,FLOTILLA 
18843,3N1CN7AE3SK411036,2025-12-01,,702,275746.57,2277.13,2025,FLOTILLA 
18844,3N1CN7AE1SK410922,2025-12-01,,702,275746.57,2277.13,2025,FLOTILLA 
18845,3N1CN7AEXSK410921,2025-12-01,,702,275746.57,2277.13,2025,FLOTILLA 
18846,3N1CN7AE7SK411718,2025-12-01,,702,275746.57,2277.13,2025,FLOTILLA 
18847,3N1CN7AE5SK411023,2025-12-01,,702,275746.56,2277.13,2025,FLOTILLA 
18848,3N1CN7AE5SK411815,2025-12-01,,702,275746.56,2277.13,2025,FLOTILLA 
18849,3N1CN7AE0NL709395,2025-12-01,,702,168000.00,370.81,2022,SEMINUEVOS 
18850,JN1BE6DSXN9043193,2025-12-01,,701,437600.00,1455.02,2022,SEMINUEVOS 
18851,3GNCJ7EE1KL299793,2025-12-01,,754,175800.00,209.01,2019,SEMINUEVOS 
18852,93CEC76C6RB193737,2025-12-01,,752,251600.00,1742.61,2024,SEMINUEVOS 
18853,3GNAX9EV0KS552531,2025-12-01,,716,207500.00,517.57,2019,SEMINUEVOS 
18854,JN8BT27T5MW130116,2025-12-01,,706,232600.00,773.40,2021,SEMINUEVOS 
18855,JN8BT27T1MW129948,2025-12-01,,706,232600.00,773.40,2021,SEMINUEVOS 
18856,JN8AT3MT3RW012725,2025-12-01,,706,400000.00,95.00,2024,SEMINUEVOS 
18857,JN8CT3MT6TW011102,2025-12-01,,706,771255.10,2381.25,2026,FLOTILLA 
18858,JN8CT3MT8SW009365,2025-12-01,,706,766691.71,1820.89,2025,NUEVO 
18859,JN8CT3MT8SW009785,2025-12-01,,706,766691.71,1820.89,2025,NUEVO 
18860,JN8CT3MT8TW011361,2025-12-01,,706,771255.11,2422.60,2026,NUEVO 
18861,JN8CT3MT9TW011062,2025-12-01,,706,771255.10,4142.93,2026,FLOTILLA 
18862,JN8CT3MTXTW011989,2025-12-01,,706,771255.11,2259.78,2026,FLOTILLA 
18863,JN8CT3MT3TW012076,2025-12-01,,706,771255.11,2259.78,2026,FLOTILLA 
18864,JN8AT3MT4TW060676,2025-12-01,,706,710477.39,173.47,2026,NUEVO 
18865,JN8CT3MT2TW011873,2025-12-01,,706,771255.11,616.36,2026,NUEVO 
18866,JN8CT3MT2RW002521,2025-12-01,,706,560200.00,4240.25,2024,SEMINUEVOS 
18867,JN8CT3MT8SW009365,2025-12-01,,706,766691.71,1310.40,2025,FLOTILLA 
18868,JN8CT3MT8SW009785,2025-12-01,,706,766691.71,1310.40,2025,FLOTILLA 
18869,JN8AT3MT7TW059747,2025-12-01,,706,710477.39,4163.79,2026,FLOTILLA 
18870,JN8AT3MT4TW060676,2025-12-01,,706,710477.39,3547.65,2026,FLOTILLA 
18871,JN8CT3MT2TW012165,2025-12-01,,706,771255.11,1833.87,2026,FLOTILLA 
18872,JN8AT3ML0PW001260,2025-12-01,,706,372200.00,2212.52,2023,SEMINUEVOS 
18873,JN8BT27T2MW129327,2025-12-01,,706,236400.00,1292.85,2021,SEMINUEVOS 
18874,JN8CT3MT8SW009365,2025-12-01,,706,766691.71,2552.23,2025,FLOTILLA 
18875,JN8CT3MT8SW009785,2025-12-01,,706,766691.71,2552.23,2025,FLOTILLA 
18876,MNTFP5CP2T6020093,2026-03-01,1283,672,544669.37,3770.93,2026,FLOTILLA 
18877,MNTFP5CP8T6020082,2026-03-01,1283,672,544790.97,486.68,2026,FLOTILLA 
18878,MNTFP5CP1S6019287,2026-03-01,1283,672,536794.12,4063.08,2025,FLOTILLA 
18879,MNTFP5CP6T6020615,2026-03-01,1283,672,544669.37,4010.13,2026,FLOTILLA 
18880,MNTFP5CP5T6020685,2026-03-01,1283,672,544669.37,4010.13,2026,FLOTILLA 
18881,MNTFP5CP6T6019626,2026-03-01,1283,672,544669.37,4010.13,2026,FLOTILLA 
18882,MNTFP5CP9T6020415,2026-03-01,1283,672,544669.37,4010.13,2026,FLOTILLA 
18883,MNTFP5CP4T6020399,2026-03-01,1283,672,544669.37,4010.13,2026,FLOTILLA 
18884,JN6BE6CS0S9124582,2026-03-01,1283,701,548038.00,3798.97,2025,FLOTILLA 
18885,JN6BE6CS2S9124549,2026-03-01,1283,701,548038.00,3798.97,2025,FLOTILLA 
18886,JN6BE6CS2S9124177,2026-03-01,1283,701,548038.01,4039.65,2025,FLOTILLA 
18887,JN6BE6CS2S9124048,2026-03-01,1283,701,548038.01,4039.65,2025,FLOTILLA 
18888,JN6BE6CS9S9124063,2026-03-01,1283,701,548038.01,4039.65,2025,FLOTILLA 
18889,JN6BE6CS9S9124158,2026-03-01,1283,701,548038.00,4039.65,2025,FLOTILLA 
18890,JN6BE6CS7S9124076,2026-03-01,1283,701,548038.00,4039.65,2025,FLOTILLA 
18891,JN6BE6CSXS9124069,2026-03-01,1283,701,548038.00,4039.65,2025,FLOTILLA 
18892,JN6BE6CS6S9124067,2026-03-01,1283,701,548038.00,4039.65,2025,FLOTILLA 
18893,JN6BE6CS4S9124133,2026-03-01,1283,701,548038.00,4039.65,2025,FLOTILLA 
18894,JN6BE6CSXS9124170,2026-03-01,1283,701,548038.01,4039.65,2025,FLOTILLA 
18895,JN6BE6CS3S9124169,2026-03-01,1283,701,548038.00,4039.65,2025,FLOTILLA 
18896,JN6BE6CS7S9124174,2026-03-01,1283,701,548038.00,4039.65,2025,FLOTILLA 
18897,JN6BE6CS3S9124091,2026-03-01,1283,701,548038.00,4039.65,2025,FLOTILLA 
18898,JN6BE6CS5S9124089,2026-03-01,1283,701,548038.00,4039.65,2025,FLOTILLA 
18899,JN6BE6CS8S9124118,2026-03-01,1283,701,548038.00,4034.93,2025,FLOTILLA 
18900,JN6BE6CS0S9124517,2026-03-01,1283,701,548038.00,4034.93,2025,FLOTILLA 
18901,JN6BE6CS9S9124516,2026-03-01,1283,701,548038.00,4034.93,2025,FLOTILLA 
18902,JN6BE6CS2S9124535,2026-03-01,1283,701,548038.00,4034.93,2025,FLOTILLA 
18903,JN6BE6CS7S9124529,2026-03-01,1283,701,548038.00,4034.93,2025,FLOTILLA 
18904,JN6BE6CS3S9124527,2026-03-01,1283,701,548038.00,4034.93,2025,FLOTILLA 
18905,JN6BE6CS7S9124546,2026-03-01,1283,701,548038.00,4034.93,2025,FLOTILLA 
18906,JN6BE6CS5S9124528,2026-03-01,1283,701,548038.01,4034.93,2025,FLOTILLA 
18907,JN6BE6CS3S9124561,2026-03-01,1283,701,548038.01,4034.93,2025,FLOTILLA 
18908,JN6BE6CS3S9124513,2026-03-01,1283,701,548038.01,4034.93,2025,FLOTILLA 
18909,JN6BE6CS0S9124565,2026-03-01,1283,701,548038.01,4034.93,2025,FLOTILLA 
18910,JN6BE6CS9S9124550,2026-03-01,1283,701,548038.01,4034.93,2025,FLOTILLA 
18911,JN6BE6CS9S9124564,2026-03-01,1283,701,548038.00,4034.93,2025,FLOTILLA 
18912,3N1CN8AE7SL890822,2026-03-01,1283,704,346452.04,77.37,2025,NUEVO 
18913,3N1CN8AE5SL890947,2026-03-01,1283,704,346452.04,77.37,2025,NUEVO 
18914,3N1CN8AEXSL891155,2026-03-01,1283,704,346452.04,77.37,2025,NUEVO 
18915,3N1CN8AEXSL890815,2026-03-01,1283,704,346452.04,77.37,2025,NUEVO 
18916,3N1CN8AE2SK638109,2026-03-01,1283,704,379399.52,656.78,2025,FLOTILLA 
18917,3N1CN8AE7SL890822,2026-03-01,1283,704,346452.04,2249.05,2025,FLOTILLA 
18918,3N1CN8AE5SL890947,2026-03-01,1283,704,346452.04,2249.05,2025,FLOTILLA 
18919,3N1CN8AEXSL891155,2026-03-01,1283,704,346452.04,2249.05,2025,FLOTILLA 
18920,3N1CN8AEXSL890815,2026-03-01,1283,704,346452.04,2249.05,2025,FLOTILLA 
18921,3N1CN8AE7SL892912,2026-03-01,1283,704,346452.05,2174.08,2025,FLOTILLA 
18922,3N1CN8AE2SK638109,2026-03-01,1283,704,379399.52,738.88,2025,NUEVO 
18923,3N1CN8AE1SK619857,2026-03-01,1283,704,343766.65,74.10,2025,FLOTILLA 
18924,3N1CN8AEXSL892838,2026-03-01,1283,704,346452.05,74.68,2025,FLOTILLA 
18925,3N1CN8AEXSL908813,2026-03-01,1283,704,346452.04,74.68,2025,FLOTILLA 
18926,3N1CN9AG0TL816053,2026-03-01,1283,704,394584.89,85.06,2026,FLOTILLA 
18927,3N1CN8AE0SL890841,2026-03-01,1283,704,346452.04,2404.57,2025,FLOTILLA 
18928,3N1CN8AEXSL890474,2026-03-01,1283,704,346452.05,2401.59,2025,FLOTILLA 
18929,3N1CN8AE2SL890453,2026-03-01,1283,704,346452.05,2401.59,2025,FLOTILLA 
18930,3N1CN8AE2SL891070,2026-03-01,1283,704,346452.04,2398.60,2025,FLOTILLA 
18931,3N1CN8AE2SL891148,2026-03-01,1283,704,346452.04,2398.60,2025,FLOTILLA 
18932,3N1CN8AE0SL891083,2026-03-01,1283,704,346452.04,2398.60,2025,FLOTILLA 
18933,3N1CN8AE4SL891121,2026-03-01,1283,704,346452.04,2398.60,2025,FLOTILLA 
18934,3N1CN8AE0SL891116,2026-03-01,1283,704,346452.04,2398.60,2025,FLOTILLA 
18935,3N1CN9AG0TL816053,2026-03-01,1283,704,394584.89,264.37,2026,NUEVO 
18936,3N1CN8AE7SK635531,2026-03-01,1283,704,346452.05,2398.60,2025,FLOTILLA 
18937,3N1CN8AE1SK619857,2026-03-01,1283,704,343766.65,2887.64,2025,NUEVO 
18938,3N1CN8AE7SL892912,2026-03-01,1283,704,346452.05,164.76,2025,NUEVO 
18939,3N1CN8AEXSL892838,2026-03-01,1283,704,346452.05,2471.36,2025,NUEVO 
18940,3N1CN8AE5SL891743,2026-03-01,1283,704,346452.05,2553.74,2025,FLOTILLA 
18941,3N1CN8AE9SL893057,2026-03-01,1283,704,346452.05,2059.47,2025,FLOTILLA 
18942,3N1CN8AE6SL893534,2026-03-01,1283,704,346452.05,2224.22,2025,FLOTILLA 
18943,3N1CN8AE1SL890542,2026-03-01,1283,704,346452.05,2224.22,2025,FLOTILLA 
18944,3N1CN8AE2SL893319,2026-03-01,1283,704,346452.05,2553.74,2025,FLOTILLA 
18945,3N1CN8AE1SL893831,2026-03-01,1283,704,346452.05,2224.22,2025,FLOTILLA 
18946,3N1CN8AE7SL893459,2026-03-01,1283,704,346452.05,2553.74,2025,FLOTILLA 
18947,3N1CN8AE1SL890623,2026-03-01,1283,704,346452.05,2059.47,2025,FLOTILLA 
18948,3N1CN8AE5SL890575,2026-03-01,1283,704,346452.05,2553.74,2025,FLOTILLA 
18949,3N1CN8AE1SL891948,2026-03-01,1283,704,346452.05,1647.57,2025,FLOTILLA 
18950,3N1CN8AE6SL892464,2026-03-01,1283,704,346452.05,2553.74,2025,FLOTILLA 
18951,3N1CN8AE4SL892589,2026-03-01,1283,704,346452.05,2059.47,2025,FLOTILLA 
18952,3N1CN8AE6SL893226,2026-03-01,1283,704,346452.05,2553.74,2025,FLOTILLA 
18953,3N1CN8AE5SL893377,2026-03-01,1283,704,346452.05,2553.74,2025,FLOTILLA 
18954,3N1CN8AE9SL893964,2026-03-01,1283,704,346452.05,2553.74,2025,FLOTILLA 
18955,3N1CN8AE6SL896479,2026-03-01,1283,704,346452.05,2224.22,2025,FLOTILLA 
18956,3N1CN8AE6SL892304,2026-03-01,1283,704,346452.05,2224.22,2025,FLOTILLA 
18957,3N1CN8AE1SL892520,2026-03-01,1283,704,346452.05,2553.74,2025,FLOTILLA 
18958,3N1CN8AE3SL892583,2026-03-01,1283,704,346452.05,2553.74,2025,FLOTILLA 
18959,3N1CN8AE3SL890493,2026-03-01,1283,704,346452.05,2553.74,2025,FLOTILLA 
18960,3N1CN8AE8SL892398,2026-03-01,1283,704,346452.05,2224.22,2025,FLOTILLA 
18961,3N1CN8AE5SL892813,2026-03-01,1283,704,346452.05,2550.75,2025,FLOTILLA 
18962,3N1CN8AE8SL892868,2026-03-01,1283,704,346452.05,2550.75,2025,FLOTILLA 
18963,3N1CN8AE7SL890545,2026-03-01,1283,704,346452.04,329.13,2025,NUEVO 
18964,3N1CN8AE0SL899202,2026-03-01,1283,704,346452.04,2550.75,2025,NUEVO 
18965,3N1CN8AE7SL899066,2026-03-01,1283,704,346452.04,329.13,2025,NUEVO 
18966,3N1CN8AE1SL897958,2026-03-01,1283,704,346452.04,329.13,2025,NUEVO 
18967,3N1CN8AE9SL907801,2026-03-01,1283,704,346452.04,246.85,2025,NUEVO 
18968,3N1CN8AE0SL890631,2026-03-01,1283,704,346452.04,2550.75,2025,NUEVO 
18969,3N1CN8AE2SL905274,2026-03-01,1283,704,346452.04,246.85,2025,NUEVO 
18970,3N1CN8AEXSL908813,2026-03-01,1283,704,346452.04,2468.47,2025,NUEVO 
18971,3N1CN8AE5SL901879,2026-03-01,1283,704,346452.04,329.13,2025,NUEVO 
18972,3N1CN8AEXSL908410,2026-03-01,1283,704,346452.04,329.13,2025,NUEVO 
18973,3N1CN8AE2SK638109,2026-03-01,1283,704,379399.52,90.11,2025,NUEVO 
18974,JN6BE6CS0S9124551,2026-03-01,1283,701,548038.01,3798.97,2025,FLOTILLA 
18975,JN6BE6CS1S9124560,2026-03-01,1283,701,548038.01,3798.97,2025,FLOTILLA 
18976,JN8CT3MTXTW012141,2026-03-01,1283,706,771255.11,5346.30,2026,FLOTILLA 
18977,JN8CT3MT3TW012112,2026-03-01,1283,706,771255.10,5685.01,2026,FLOTILLA 
18978,JN8CT3MT5TW012130,2026-03-01,1283,706,771255.10,916.94,2026,FLOTILLA 
18979,JN8CT3MT7TW012162,2026-03-01,1283,706,771255.10,4951.46,2026,FLOTILLA 
18980,JN8CT3MT5TW012094,2026-03-01,1283,706,771255.10,5685.01,2026,FLOTILLA 
18981,JN8CT3MT0TW012133,2026-03-01,1283,706,771255.10,5685.01,2026,FLOTILLA 
18982,JN8CT3MT4TW012104,2026-03-01,1283,706,771255.11,5678.37,2026,FLOTILLA 
18983,JN8CT3MT6TW011102,2026-03-01,1283,706,771255.10,5678.37,2026,FLOTILLA 
18984,3N1CK3CE3SL227062,2026-03-01,1288,678,265870.33,114.62,2025,FLOTILLA 
18985,3N1CK3CE8SL227428,2026-03-01,1288,678,265870.33,114.62,2025,FLOTILLA 
18986,3N1CK3CE1SL224256,2026-03-01,1288,678,265870.33,356.27,2025,FLOTILLA 
18987,3N1CK3CEXSL225972,2026-03-01,1288,678,265870.32,378.87,2025,FLOTILLA 
18988,3N1CK3CE3SL225991,2026-03-01,1288,678,265870.32,631.44,2025,FLOTILLA 
18989,3N1CK3CE7SL226013,2026-03-01,1288,678,265870.32,378.87,2025,FLOTILLA 
18990,3N1CK3CE1SL227156,2026-03-01,1288,678,265870.33,361.58,2025,FLOTILLA 
18991,3N1CK3CE7SL227145,2026-03-01,1288,678,265870.33,1868.18,2025,FLOTILLA 
18992,3N1CK3CE3SL227062,2026-03-01,1288,678,265870.33,1747.65,2025,FLOTILLA 
18993,3N1CK3CE1SL227447,2026-03-01,1288,678,265870.33,1627.13,2025,FLOTILLA 
18994,3N1CK3CE1SL227464,2026-03-01,1288,678,265870.33,361.58,2025,FLOTILLA 
18995,3N1CK3CEXSL227477,2026-03-01,1288,678,265870.33,1868.18,2025,FLOTILLA 
18996,3N1CK3CE7SL227551,2026-03-01,1288,678,265870.33,602.64,2025,FLOTILLA 
18997,3N1CK3CE6SL227444,2026-03-01,1288,678,265870.33,662.90,2025,FLOTILLA 
18998,3N1CK3CE7SL227419,2026-03-01,1288,678,265870.33,1868.18,2025,FLOTILLA 
18999,3N1CK3CEXSL227382,2026-03-01,1288,678,265870.33,1868.18,2025,FLOTILLA 
19000,3N1CK3CE3SL227479,2026-03-01,1288,678,265870.33,1627.13,2025,FLOTILLA 
19001,3N1CK3CE4SL227409,2026-03-01,1288,678,265870.33,1627.13,2025,FLOTILLA 
19002,3N1CK3CE9SL227308,2026-03-01,1288,678,265870.33,602.64,2025,FLOTILLA 
19003,3N1CK3CE4SL227345,2026-03-01,1288,678,265870.33,361.58,2025,FLOTILLA 
19004,3N1CK3CE9SL227213,2026-03-01,1288,678,265870.33,1868.18,2025,FLOTILLA 
19005,3N1CK3CE8SL227428,2026-03-01,1288,678,265870.33,1747.65,2025,FLOTILLA 
19006,3N1CK3CE5SL227371,2026-03-01,1288,678,265870.33,662.90,2025,FLOTILLA 
19007,3N1CK3CE0SL227438,2026-03-01,1288,678,265870.33,662.90,2025,FLOTILLA 
19008,3N1CK3CEXSL227284,2026-03-01,1288,678,265870.33,1868.18,2025,FLOTILLA 
19009,3N1CK3CE6SL227511,2026-03-01,1288,678,265870.33,662.90,2025,FLOTILLA 
19010,3N1CK3CE0SL227486,2026-03-01,1288,678,265870.33,1868.18,2025,FLOTILLA 
19011,3N1CK3CE5SL227290,2026-03-01,1288,678,265870.33,361.58,2025,FLOTILLA 
19012,MNTFP5CP4S6017324,2026-03-01,1292,672,561293.32,2399.53,2025,FLOTILLA 
19013,JN1BE6DS3N9042130,2026-03-01,1296,701,437600.00,207.86,2022,SEMINUEVOS 
19014,3N1CK3CE9SL227826,2026-03-01,1305,678,265870.33,1845.29,2025,FLOTILLA 
19015,3N1CK3CE1SL227884,2026-03-01,1305,678,265870.33,1845.29,2025,FLOTILLA 
19016,3N1CK3CE2SL227845,2026-03-01,1305,678,265870.33,1845.29,2025,FLOTILLA 
19017,3N1CK3CE4SL227913,2026-03-01,1305,678,265870.33,1845.29,2025,FLOTILLA 
19018,3N1CK3CE8SL227865,2026-03-01,1305,678,265870.33,1845.29,2025,FLOTILLA 
19019,3N1CK3CE7SL227680,2026-03-01,1305,678,265870.33,1845.29,2025,FLOTILLA 
19020,3N1CK3CE7SL227453,2026-03-01,1305,678,265870.33,1845.29,2025,FLOTILLA 
19021,3N1CK3CE9SL227437,2026-03-01,1305,678,265870.33,1845.29,2025,FLOTILLA 
19022,3N1CK3CE9SL227373,2026-03-01,1305,678,265870.33,1845.29,2025,FLOTILLA 
19023,3N1CK3CE6SL227458,2026-03-01,1305,678,265870.33,1845.29,2025,FLOTILLA 
19024,3N1CK3CE9SL227390,2026-03-01,1305,678,265870.33,1845.29,2025,FLOTILLA 
19025,3N1CK3CE3SL227496,2026-03-01,1305,678,265870.33,1845.29,2025,FLOTILLA 
19026,3N1CK3CE4SL227734,2026-03-01,1305,678,265870.33,1845.29,2025,FLOTILLA 
19027,3N1CK3CE5SL227726,2026-03-01,1305,678,265870.33,1845.29,2025,FLOTILLA 
19028,3N1CK3CE0SL227584,2026-03-01,1305,678,265870.33,1845.29,2025,FLOTILLA 
19029,3N1CK3CE6SL227718,2026-03-01,1305,678,265870.33,1845.29,2025,FLOTILLA 
19030,3N1CK3CE5SL227581,2026-03-01,1305,678,265870.33,1845.29,2025,FLOTILLA 
19031,3N1CK3CE3SL227644,2026-03-01,1305,678,265870.33,1845.29,2025,FLOTILLA 
19032,3N1CK3CE8SL227641,2026-03-01,1305,678,265870.33,1845.29,2025,FLOTILLA 
19033,3N1CK3CEXSL227690,2026-03-01,1305,678,265870.33,1845.29,2025,FLOTILLA 
19034,3N1CK3CE5SL227452,2026-03-01,1305,678,265870.33,1845.29,2025,FLOTILLA 
19035,3N1CK3CE8SL227476,2026-03-01,1305,678,265870.33,1845.29,2025,FLOTILLA 
19036,3N1CK3CE0SL227553,2026-03-01,1305,678,265870.33,1845.29,2025,FLOTILLA 
19037,3N1CK3CE2SL227490,2026-03-01,1305,678,265870.33,1845.29,2025,FLOTILLA 
19038,3N1CK3CE0SL221283,2026-03-01,1305,678,265870.33,653.97,2025,FLOTILLA 
19039,3N1CK3CE4SL227328,2026-03-01,1305,678,265870.33,1845.29,2025,FLOTILLA 
19040,3N1CK3CE2SL227182,2026-03-01,1305,678,265870.33,1845.29,2025,FLOTILLA 
19041,3N1CK3CE8SL227381,2026-03-01,1305,678,265870.33,1845.29,2025,FLOTILLA 
19042,3N8AP6HE6TL388267,2026-03-01,1331,672,484613.64,216.46,2026,NUEVO 
19043,3N8AP6HE3TL354061,2026-03-01,1331,672,506464.76,1528.40,2026,FLOTILLA 
19044,3N8AP6HE5SL420432,2026-03-01,1331,672,482601.25,3349.52,2025,NUEVO 
19045,3N8AP6HE3TL375430,2026-03-01,1331,672,483697.45,3248.83,2026,NUEVO 
19046,3N8AP6HE1TL376446,2026-03-01,1331,672,507560.97,3295.48,2026,NUEVO 
19047,3N8AP6HE7TL377424,2026-03-01,1331,672,508477.17,2160.32,2026,NUEVO 
19048,3N8AP6HE7TL376953,2026-03-01,1331,672,484613.65,2058.93,2026,NUEVO 
19049,3N8AP6HE3TL354061,2026-03-01,1331,672,506464.76,1922.88,2026,FLOTILLA 
19050,MNTFP5CP2T6019915,2026-03-01,1331,672,575294.52,4354.50,2026,NUEVO 
19051,MNTFP5CP0T6020108,2026-03-01,1331,672,554293.88,4195.54,2026,NUEVO 
19052,MNTFP5CP4T6020435,2026-03-01,1331,672,554293.88,4195.54,2026,NUEVO 
19053,3N8AP6HE7TL345976,2026-03-01,1331,672,506464.77,3833.52,2026,NUEVO 
19054,3N8AP6HE4TL353744,2026-03-01,1331,672,506464.76,3728.85,2026,NUEVO 
19055,3N8AP6HE3TL354691,2026-03-01,1331,672,506464.76,3728.85,2026,NUEVO 
19056,3N8AP6HE7TL353379,2026-03-01,1331,672,538755.68,3966.59,2026,NUEVO 
19057,3N8AP6HE3TL362404,2026-03-01,1331,672,506464.76,3728.85,2026,NUEVO 
19058,MNTFP5CP2T6020322,2026-03-01,1331,672,554293.88,658.22,2026,NUEVO 
19059,MNTFP5CP2T6019946,2026-03-01,1331,672,544669.36,646.79,2026,NUEVO 
19060,MNTFP5CP8T6020339,2026-03-01,1331,672,544669.36,646.79,2026,NUEVO 
19061,3N8AP6HE3TL367943,2026-03-01,1331,672,507560.97,3522.76,2026,NUEVO 
19062,3N8AP6HE2TL368176,2026-03-01,1331,672,507560.97,3522.76,2026,NUEVO 
19063,3N6AD33A3TK823658,2026-03-01,1331,663,665176.92,297.11,2026,NUEVO 
19064,3N6AD33B6TK823808,2026-03-01,1331,663,692302.36,309.23,2026,NUEVO 
19065,3N6AD33BXSK841291,2026-03-01,1331,663,687094.21,6443.23,2025,NUEVO 
19066,3N6AD33B6SK847167,2026-03-01,1331,663,689636.88,6104.82,2025,NUEVO 
19067,3N6AD33A3TK805953,2026-03-01,1331,663,662512.60,5014.67,2026,NUEVO 
19068,3N6CD33B0TK813087,2026-03-01,1331,663,534522.58,3940.03,2026,NUEVO 
19069,3N6CD33B7TK813197,2026-03-01,1331,663,534522.59,3935.42,2026,NUEVO 
19070,3N6AD33A9TK814057,2026-03-01,1331,663,582836.84,4291.14,2026,NUEVO 
19071,3N1CK3CE0TL200936,2026-03-01,1331,678,294633.49,1317.67,2026,NUEVO 
19072,3N1CK3CE7TL201159,2026-03-01,1331,678,294633.49,1317.67,2026,NUEVO 
19073,3N1CK3CE9TL201714,2026-03-01,1331,678,294633.49,1317.67,2026,NUEVO 
19074,3N1CK3CE6TL201573,2026-03-01,1331,678,294633.49,1317.67,2026,NUEVO 
19075,3N1CK3CE9TL202040,2026-03-01,1331,678,294633.49,1317.67,2026,NUEVO 
19076,3N1CK3CE7TL200819,2026-03-01,1331,678,294633.48,1118.63,2026,NUEVO 
19077,3N1CK3CE6TL201265,2026-03-01,1331,678,294633.49,658.01,2026,NUEVO 
19078,MDHBD0FA3TG008702,2026-03-01,1331,677,361800.96,161.60,2026,NUEVO 
19079,MDHBD0FA7TG010758,2026-03-01,1331,677,361800.96,161.60,2026,NUEVO 
19080,MDHBD0FA8TG010042,2026-03-01,1331,677,352728.80,2448.13,2026,NUEVO 
19081,MDHBD0FA0TG008690,2026-03-01,1331,677,352728.80,2448.13,2026,NUEVO 
19082,MDHBD0FA9TG010616,2026-03-01,1331,677,409449.33,2841.81,2026,NUEVO 
19083,MDHBD0FAXTG012925,2026-03-01,1331,677,352850.41,1341.32,2026,NUEVO 
19084,MDHBD0FA5TG011147,2026-03-01,1331,677,352850.41,394.02,2026,NUEVO 
19085,MDHBD0FA2TG012000,2026-03-01,1331,677,352850.41,394.02,2026,NUEVO 
19086,MDHBD0FA9TG012480,2026-03-01,1331,677,352850.41,394.02,2026,NUEVO 
19087,3N6AD31AXTK822235,2026-03-01,1331,682,440763.32,98.44,2026,NUEVO 
19088,3N6AD35A2TK810090,2026-03-01,1331,682,438905.20,1329.64,2026,FLOTILLA 
19089,3N6AD35A2TK810090,2026-03-01,1331,682,438905.20,473.04,2026,NUEVO 
19090,3N6AD31A7TK818692,2026-03-01,1331,682,439774.04,3052.28,2026,NUEVO 
19091,3N6AD31A8TK815106,2026-03-01,1331,682,439774.04,3052.28,2026,NUEVO 
19092,3N6AD31A6TK817856,2026-03-01,1331,682,439774.04,3052.28,2026,NUEVO 
19093,3N6AD35A2TK810090,2026-03-01,1331,682,438905.20,1177.73,2026,FLOTILLA 
19094,3N6AD31A9TK806141,2026-03-01,1331,682,439774.05,3328.72,2026,NUEVO 
19095,3N6AD31A5TK814799,2026-03-01,1331,682,439774.04,3237.84,2026,NUEVO 
19096,3N1CN9AG7TL820391,2026-03-01,1331,704,384837.40,257.84,2026,NUEVO 
19097,3N1CN9AG9TL813832,2026-03-01,1331,704,421782.24,188.40,2026,NUEVO 
19098,3N1CN9AG8TL820660,2026-03-01,1331,704,394584.88,176.25,2026,NUEVO 
19099,3N1CN9AG8TL820349,2026-03-01,1331,704,394584.88,176.25,2026,NUEVO 
19100,3N1CN9AG1TL820757,2026-03-01,1331,704,394584.88,88.12,2026,NUEVO 
19101,3N1CN9AG3TL815575,2026-03-01,1331,704,368947.72,82.40,2026,NUEVO 
19102,3N1CN8AE8SK634999,2026-03-01,1331,704,329447.61,926.75,2025,FLOTILLA 
19103,3N1CN8AE8SK634999,2026-03-01,1331,704,329447.61,923.19,2025,NUEVO 
19104,3N1CN8AE8SK634999,2026-03-01,1331,704,329447.61,368.34,2025,FLOTILLA 
19105,3N1CN9AG1TL813243,2026-03-01,1331,704,368947.73,823.98,2026,NUEVO 
19106,3N1CN9AG6TL811911,2026-03-01,1331,704,368947.73,659.19,2026,NUEVO 
19107,3N1CN9AG0TL812438,2026-03-01,1331,704,368947.73,659.19,2026,NUEVO 
19108,3N1CN9AG7TL812629,2026-03-01,1331,704,368947.73,659.19,2026,NUEVO 
19109,3N1CN9AG2TL817009,2026-03-01,1331,704,421782.25,753.58,2026,NUEVO 
19110,3N1CN9AG5TL817148,2026-03-01,1331,704,384837.41,687.58,2026,NUEVO 
19111,3N1CN9AG1TL817678,2026-03-01,1331,704,368947.73,659.19,2026,NUEVO 
19112,3N1CN9AG0TL815226,2026-03-01,1331,704,394584.89,704.99,2026,NUEVO 
19113,3N1CN9AG9TL814625,2026-03-01,1331,704,347469.17,620.81,2026,NUEVO 
19114,3N1CN9AG5TL816565,2026-03-01,1331,704,347469.17,620.81,2026,NUEVO 
19115,3N1CN9AG0TL816537,2026-03-01,1331,704,384837.41,687.58,2026,NUEVO 
19116,3N1CN9AG0TL813959,2026-03-01,1331,704,421782.25,753.58,2026,NUEVO 
19117,3N1CN9AG2TL814238,2026-03-01,1331,704,384837.41,687.58,2026,NUEVO 
19118,3N1CN9AG5TL816257,2026-03-01,1331,704,347469.16,465.61,2026,NUEVO 
19119,3N1CN9AG5TL819305,2026-03-01,1331,704,347469.17,388.01,2026,NUEVO 
19120,3N1CN8AE2SL899119,2026-03-01,1331,704,361666.60,2662.77,2025,NUEVO 
19121,JN8AT3MT3TW066291,2026-03-01,1331,706,589575.80,264.00,2026,NUEVO 
19122,JN8CT3MT8TW012168,2026-03-01,1331,706,771255.11,5180.26,2026,FLOTILLA 
19123,JN8CT3MT2TW012232,2026-03-01,1331,706,771255.11,5007.59,2026,FLOTILLA 
19124,JN8CT3MT6TW012301,2026-03-01,1331,706,771255.11,5007.59,2026,FLOTILLA 
19125,JN8CT3MT4TW011759,2026-03-01,1331,706,852216.03,202.40,2026,NUEVO 
19126,JN8AT3MT7TW059747,2026-03-01,1331,706,710477.39,4931.11,2026,NUEVO 
19127,3N8AP6HE4TL344932,2026-03-01,1335,672,482601.24,3594.71,2026,NUEVO 
19128,9BHCP4AC3PP429172,2026-03-01,1348,665,224300.00,958.88,2023,SEMINUEVOS 
19129,3N1CN8AE0SK591601,2026-03-01,1348,704,382400.00,2603.29,2025,SEMINUEVOS 
19130,3N1CK3CE7SL227159,2026-03-01,1380,678,285561.32,432.55,2025,FLOTILLA 
19131,3N1CK3CE7SL227159,2026-03-01,1380,678,285561.32,135.64,2025,NUEVO 
19132,3N1CN8AE8SL904761,2026-03-01,1381,704,361666.60,1632.02,2025,NUEVO 
19133,3N8AP6HE7TL387242,2026-03-01,1382,672,541091.72,241.69,2026,NUEVO 
19134,MNTFP5CP7P6003330,2026-03-01,1382,672,309500.00,1272.47,2023,SEMINUEVOS 
19135,MNTFP5CP2R6014254,2026-03-01,1382,672,345200.00,1419.25,2024,SEMINUEVOS 
19136,3N8AP6HE9TL363427,2026-03-01,1382,672,538755.68,1741.98,2026,FLOTILLA 
19137,3N8CP5HE4PL569375,2026-03-01,1382,672,220800.00,47.59,2023,SEMINUEVOS 
19138,3N8AP6HE1TL369898,2026-03-01,1382,672,507560.97,2613.66,2026,NUEVO 
19139,3N8CP5HE6SL506299,2026-03-01,1382,672,429611.28,276.50,2025,NUEVO 
19140,3N8AP6HE4TL374805,2026-03-01,1382,672,540175.52,3749.12,2026,NUEVO 
19141,3N8AP6HEXTL374825,2026-03-01,1382,672,483697.44,2923.95,2026,NUEVO 
19142,3N8AP6HE0TL374901,2026-03-01,1382,672,507560.96,3522.76,2026,NUEVO 
19143,3N8AP6HE7TL375382,2026-03-01,1382,672,483697.45,1581.60,2026,NUEVO 
19144,3N8AP6HE5TL375462,2026-03-01,1382,672,483697.45,1082.94,2026,NUEVO 
19145,3N8AP6HE0TL374347,2026-03-01,1382,672,483697.45,3248.83,2026,NUEVO 
19146,3N8AP6HE2TL376486,2026-03-01,1382,672,507560.97,3295.48,2026,NUEVO 
19147,3N8AP6HE5TL376840,2026-03-01,1382,672,507560.97,3295.48,2026,NUEVO 
19148,3N8AP6HE8TL377108,2026-03-01,1382,672,484613.64,2666.06,2026,NUEVO 
19149,3N8AP6HE2TL375659,2026-03-01,1382,672,508477.16,2728.83,2026,NUEVO 
19150,3N8AP6HE5TL377356,2026-03-01,1382,672,541091.73,2298.89,2026,NUEVO 
19151,3N8AP6HE9TL379353,2026-03-01,1382,672,541091.72,1814.91,2026,NUEVO 
19152,3N8AP6HE7TL382459,2026-03-01,1382,672,508477.16,1476.28,2026,NUEVO 
19153,3N8AP6HE6TL382646,2026-03-01,1382,672,508477.16,1476.28,2026,NUEVO 
19154,3N8AP6HE3TL384824,2026-03-01,1382,672,541091.73,604.22,2026,NUEVO 
19155,MNTFP5CP0S6017675,2026-03-01,1382,672,541168.49,154.38,2025,NUEVO 
19156,3N8AP6HE1SL418029,2026-03-01,1382,672,538755.68,2841.94,2025,DEMO 
19157,3N8AP6HE5SL419913,2026-03-01,1382,672,506464.76,2315.39,2025,DEMO 
19158,3N8CP5HE1SL490254,2026-03-01,1382,672,429415.24,2519.37,2025,DEMO 
19159,3N8CP5HE5SL492380,2026-03-01,1382,672,398683.37,2087.00,2025,NUEVO 
19160,3N8CP5HE4SL501201,2026-03-01,1382,672,398683.37,2029.52,2025,NUEVO 
19161,MNTFP5CP9S6019389,2026-03-01,1382,672,572668.29,926.00,2025,DEMO 
19162,3N8AP6HE4TL325958,2026-03-01,1382,672,482601.24,353.60,2026,NUEVO 
19163,3N8AP6HEXTL328637,2026-03-01,1382,672,482601.24,3652.89,2026,NUEVO 
19164,MNTFP5CP7T6019697,2026-03-01,1382,672,575294.52,3360.12,2026,NUEVO 
19165,3N8AP6HE6TL344351,2026-03-01,1382,672,506464.77,3833.52,2026,NUEVO 
19166,3N8AP6HE7TL341961,2026-03-01,1382,672,482601.25,3652.89,2026,NUEVO 
19167,3N8AP6HEXTL344529,2026-03-01,1382,672,506464.77,3772.46,2026,NUEVO 
19168,3N8AP6HE6TL345483,2026-03-01,1382,672,506464.76,132.38,2026,NUEVO 
19169,3N8AP6HE6TL342681,2026-03-01,1382,672,482601.24,3478.75,2026,NUEVO 
19170,3N8AP6HE2TL343603,2026-03-01,1382,672,482601.24,347.88,2026,NUEVO 
19171,3N8AP6HE9TL352640,2026-03-01,1382,672,506464.76,3772.46,2026,NUEVO 
19172,MNTFP5CP5R6007007,2026-03-01,1382,672,375000.00,2318.33,2024,SEMINUEVOS 
19173,3N8AP6HE6TL354586,2026-03-01,1382,672,538755.68,2568.11,2026,NUEVO 
19174,3N8AP6HE5TL354272,2026-03-01,1382,672,506464.76,3728.85,2026,NUEVO 
19175,3N8AP6HE9TL363427,2026-03-01,1382,672,538755.68,2047.27,2026,FLOTILLA 
19176,MNTFP5CP1T6020604,2026-03-01,1382,672,544669.36,129.36,2026,NUEVO 
19177,MNTFP5CP2T6019607,2026-03-01,1382,672,544669.36,129.36,2026,NUEVO 
19178,MNTFP5CP5T6020086,2026-03-01,1382,672,554293.88,131.64,2026,NUEVO 
19179,MNTFP5CP7T6019960,2026-03-01,1382,672,575294.52,136.63,2026,NUEVO 
19180,MNTFP5CP1T6019615,2026-03-01,1382,672,544669.36,129.36,2026,NUEVO 
19181,MNTFP5CP1T6019713,2026-03-01,1382,672,575294.52,136.63,2026,NUEVO 
19182,MNTFP5CP4T6019768,2026-03-01,1382,672,544669.36,129.36,2026,NUEVO 
19183,VSSCE6KJ9RR101391,2026-03-01,1382,668,234100.00,1622.77,2024,SEMINUEVOS 
19184,MALA84BC3LM394132,2026-03-01,1382,664,131800.00,190.40,2020,SEMINUEVOS 
19185,3N6AD33A8RK813605,2026-03-01,1382,663,524500.00,1017.53,2024,SEMINUEVOS 
19186,3N6AD33A6SK849668,2026-03-01,1382,663,662512.61,3411.57,2025,FLOTILLA 
19187,3N6AD33A6TK817837,2026-03-01,1382,663,564188.69,3915.78,2026,NUEVO 
19188,3N6CD33B2TK818825,2026-03-01,1382,663,534522.59,3709.88,2026,NUEVO 
19189,3N6AD33A5TK814377,2026-03-01,1382,663,439774.04,3048.49,2026,FLOTILLA 
19190,3N6AD33BXTK823438,2026-03-01,1382,663,692302.37,618.46,2026,NUEVO 
19191,3N6AD33A6SK847161,2026-03-01,1382,663,439774.05,565.11,2025,DEMO 
19192,3N6AD33A7PK817447,2026-03-01,1382,663,489900.00,1794.43,2023,SEMINUEVOS 
19193,3N6AD33AXTK805948,2026-03-01,1382,663,662512.60,5014.67,2026,NUEVO 
19194,3N6AD33B9TK805853,2026-03-01,1382,663,689636.89,5219.98,2026,NUEVO 
19195,3N6AD33A9TK806542,2026-03-01,1382,663,486208.85,104.43,2026,NUEVO 
19196,3N6AD33A9TK809926,2026-03-01,1382,663,439774.04,317.00,2026,NUEVO 
19197,1N6ED1EK9TN610963,2026-03-01,1382,663,902372.76,2357.45,2026,NUEVO 
19198,3N6AD33B7TK812543,2026-03-01,1382,663,689636.88,5077.45,2026,NUEVO 
19199,3N6AD33A8TK814423,2026-03-01,1382,663,564188.68,4153.84,2026,NUEVO 
19200,3N6AD33A5TK814802,2026-03-01,1382,663,564188.68,4153.84,2026,NUEVO 
19201,93YHSCCX3PJ476531,2026-03-01,1382,659,235000.00,1631.03,2023,SEMINUEVOS 
19202,LSGKB5414PV000457,2026-03-01,1382,656,230100.00,1597.02,2023,SEMINUEVOS 
19203,LSGKB5417NV057698,2026-03-01,1382,656,205200.00,1134.02,2022,SEMINUEVOS 
19204,LSGKB541XNV057873,2026-03-01,1382,656,203200.00,1411.61,2022,SEMINUEVOS 
19205,LZWLLNGL2RB022386,2026-03-01,1382,655,264400.00,1835.08,2024,SEMINUEVOS 
19206,LZWLLNGL3RB022025,2026-03-01,1382,655,264400.00,1070.82,2024,SEMINUEVOS 
19207,LZWLLNGL7RB016874,2026-03-01,1382,655,264400.00,1835.08,2024,SEMINUEVOS 
19208,LZWLLNGL4RB016878,2026-03-01,1382,655,264400.00,1777.96,2024,SEMINUEVOS 
19209,ML3ABT6J6RH004216,2026-03-01,1382,651,181500.00,1259.71,2024,SEMINUEVOS 
19210,ML3ABT6J7RH007142,2026-03-01,1382,651,181500.00,1259.71,2024,SEMINUEVOS 
19211,3N1CK3CD7JL262225,2026-03-01,1382,678,119200.00,184.77,2018,SEMINUEVOS 
19212,3N1CK3CE4TL202205,2026-03-01,1382,678,294633.49,63.51,2026,FLOTILLA 
19213,3N1CK3CEXSL226197,2026-03-01,1382,678,285561.33,1981.95,2025,FLOTILLA 
19214,3N1CK3CE7SL226366,2026-03-01,1382,678,285561.33,1981.95,2025,FLOTILLA 
19215,3N1CK3CE6SL226388,2026-03-01,1382,678,285561.33,1981.95,2025,FLOTILLA 
19216,3N1CK3CE4TL200258,2026-03-01,1382,678,294633.49,592.95,2026,NUEVO 
19217,3N1CK3CEXTL200541,2026-03-01,1382,678,294633.49,51.24,2026,NUEVO 
19218,3N1CK3CE6TL200357,2026-03-01,1382,678,294633.49,1317.67,2026,NUEVO 
19219,3N1CK3CE6TL200309,2026-03-01,1382,678,294633.49,1317.67,2026,NUEVO 
19220,3N1CK3CE9TL201308,2026-03-01,1382,678,294633.49,592.95,2026,NUEVO 
19221,3N1CK3CE2TL200047,2026-03-01,1382,678,294633.49,536.65,2026,NUEVO 
19222,3N1CK3CE8TL201803,2026-03-01,1382,678,294633.49,1317.67,2026,NUEVO 
19223,3N1CK3CE9TL201793,2026-03-01,1382,678,294633.49,1251.78,2026,NUEVO 
19224,3N1CK3CE4TL202205,2026-03-01,1382,678,294633.49,1251.78,2026,NUEVO 
19225,3N1CK3CE1TL200184,2026-03-01,1382,678,294633.49,1052.82,2026,NUEVO 
19226,3N1CK3CE8TL201087,2026-03-01,1382,678,294633.49,1052.82,2026,NUEVO 
19227,3N1CK3CE5TL201449,2026-03-01,1382,678,294633.49,1052.82,2026,NUEVO 
19228,3N1CK3CE8TL201168,2026-03-01,1382,678,294633.49,1052.82,2026,NUEVO 
19229,3N1CK3CE9TL201227,2026-03-01,1382,678,294633.49,592.21,2026,NUEVO 
19230,MDHBD0FA9TG008400,2026-03-01,1382,677,361800.96,161.60,2026,NUEVO 
19231,MDHBD0FA8TG008226,2026-03-01,1382,677,369734.40,277.16,2026,NUEVO 
19232,MDHBD0FA0TG008723,2026-03-01,1382,677,352728.80,2448.13,2026,NUEVO 
19233,MDHBD0FA5TG007440,2026-03-01,1382,677,369734.41,234.40,2026,NUEVO 
19234,MDHBD0FA4TG008210,2026-03-01,1382,677,352728.81,2448.13,2026,NUEVO 
19235,MDHBD0FA1TG008732,2026-03-01,1382,677,352728.81,2369.16,2026,NUEVO 
19236,MDHBD0FA9TG005481,2026-03-01,1382,677,361679.37,2510.26,2026,NUEVO 
19237,MDHBD0FA3TG008196,2026-03-01,1382,677,409449.33,1584.73,2026,NUEVO 
19238,MDHBD0FAXTG008583,2026-03-01,1382,677,352728.81,1364.32,2026,NUEVO 
19239,MDHBD0FA5TG006773,2026-03-01,1382,677,369734.41,58.21,2026,NUEVO 
19240,MDHBD0FA4TG010927,2026-03-01,1382,677,410443.24,623.61,2026,NUEVO 
19241,MDHBD0FA5TG012329,2026-03-01,1382,677,410443.24,412.03,2026,NUEVO 
19242,MDHBD0FA7TG007679,2026-03-01,1382,677,352850.41,315.21,2026,NUEVO 
19243,MDHBD0FA7TG012817,2026-03-01,1382,677,375988.93,44.22,2026,NUEVO 
19244,MDHBD0FA3SG020637,2026-03-01,1382,677,352728.81,373.32,2025,NUEVO 
19245,MDHBD0FA5SG026259,2026-03-01,1382,677,352728.81,59.17,2025,NUEVO 
19246,MDHBD0FA2TG000400,2026-03-01,1382,677,352728.80,251.32,2026,NUEVO 
19247,MDHBD0FA0TG000363,2026-03-01,1382,677,352728.80,1544.87,2026,NUEVO 
19248,MDHBD0FA0TG002842,2026-03-01,1382,677,352728.80,2596.97,2026,NUEVO 
19249,MDHBD0FA3TG003726,2026-03-01,1382,677,352728.80,2596.97,2026,NUEVO 
19250,MDHBD0FA6TG003073,2026-03-01,1382,677,352728.80,2596.97,2026,NUEVO 
19251,MDHBD0FA6TG000478,2026-03-01,1382,677,352728.80,1129.98,2026,NUEVO 
19252,MDHBD0FA5TG000441,2026-03-01,1382,677,352728.80,2596.97,2026,NUEVO 
19253,MDHBD0FA0TG000184,2026-03-01,1382,677,352728.80,2596.97,2026,NUEVO 
19254,MDHBD0FA6TG000660,2026-03-01,1382,677,352728.80,1450.94,2026,NUEVO 
19255,9FB4SR4D1RM533657,2026-03-01,1382,676,191200.00,1260.13,2024,SEMINUEVOS 
19256,MMBMLV5G4NH061673,2026-03-01,1382,675,281600.00,546.30,2022,SEMINUEVOS 
19257,93Y1R4F54RJ764123,2026-03-01,1382,674,141700.00,95.06,2024,SEMINUEVOS 
19258,93Y1R5F54PJ096178,2026-03-01,1382,674,154900.00,1072.42,2023,SEMINUEVOS 
19259,VF1HR2NB8PC382526,2026-03-01,1382,673,292300.00,105.35,2023,SEMINUEVOS 
19260,JN6BE6CS4T9150135,2026-03-01,1382,701,554864.41,123.92,2026,NUEVO 
19261,JN1BE6DSXT9150869,2026-03-01,1382,701,704688.85,157.38,2026,NUEVO 
19262,JN6BE6CS9T9150129,2026-03-01,1382,701,554864.40,743.52,2026,FLOTILLA 
19263,JN1BE6DS0S9124330,2026-03-01,1382,701,696393.88,5127.20,2025,NUEVO 
19264,3N1AB8AE5NY266802,2026-03-01,1382,694,223400.00,258.68,2022,SEMINUEVOS 
19265,3N1AB8AE3RY273088,2026-03-01,1382,694,287300.00,379.18,2024,SEMINUEVOS 
19266,RN90458120260226,2026-03-01,1382,691,2917769.52,1627.47,2026,REFACC 
19267,RN90558020260227,2026-03-01,1382,691,516819.01,144.14,2026,REFACC 
19268,RN90646020260228,2026-03-01,1382,691,1068773.95,298.07,2026,REFACC 
19269,RN88301720260127,2026-03-01,1382,691,2502502.68,1398.62,2026,REFACC 
19270,RN88665520260130,2026-03-01,1382,691,7953.66,6.67,2026,REFACC 
19271,RN88562820260130,2026-03-01,1382,691,2674689.35,3737.14,2026,REFACC 
19272,RN88630720260130,2026-03-01,1382,691,188301.55,157.86,2026,REFACC 
19273,RN88664720260130,2026-03-01,1382,691,3976.83,3.33,2026,REFACC 
19274,RN88584520260130,2026-03-01,1382,691,33451.98,18.70,2026,REFACC 
19275,RN88584620260130,2026-03-01,1382,691,3046.72,1.70,2026,REFACC 
19276,RN88584720260130,2026-03-01,1382,691,5767.23,3.22,2026,REFACC 
19277,RN88584820260130,2026-03-01,1382,691,14275.20,7.98,2026,REFACC 
19278,RN88584920260130,2026-03-01,1382,691,26120.04,14.60,2026,REFACC 
19279,RN88562920260130,2026-03-01,1382,691,70994.26,39.68,2026,REFACC 
19280,RN88563020260130,2026-03-01,1382,691,335094.07,187.28,2026,REFACC 
19281,RN88664820260130,2026-03-01,1382,691,62012.00,51.99,2026,REFACC 
19282,RN88664920260130,2026-03-01,1382,691,167114.10,140.10,2026,REFACC 
19283,RN88736920260131,2026-03-01,1382,691,24675.59,48.27,2026,REFACC 
19284,RN88682620260131,2026-03-01,1382,691,73465.85,143.71,2026,REFACC 
19285,RN88682720260131,2026-03-01,1382,691,181098.86,354.25,2026,REFACC 
19286,RN88774620260131,2026-03-01,1382,691,249999.15,489.03,2026,REFACC 
19287,RN88779320260131,2026-03-01,1382,691,7967.95,15.59,2026,REFACC 
19288,RN88821720260203,2026-03-01,1382,691,11661.83,16.28,2026,REFACC 
19289,RN88822620260203,2026-03-01,1382,691,1780.40,2.49,2026,REFACC 
19290,RN88822720260203,2026-03-01,1382,691,2984.78,4.17,2026,REFACC 
19291,RN88822820260203,2026-03-01,1382,691,2844.26,3.97,2026,REFACC 
19292,RN88830320260203,2026-03-01,1382,691,2625.42,3.66,2026,REFACC 
19293,RN88858320260204,2026-03-01,1382,691,16539.34,18.47,2026,REFACC 
19294,RN88858420260204,2026-03-01,1382,691,277813.01,310.22,2026,REFACC 
19295,RN88901420260204,2026-03-01,1382,691,115858.25,129.38,2026,REFACC 
19296,RN88955920260205,2026-03-01,1382,691,10298.18,8.62,2026,REFACC 
19297,RN88956020260205,2026-03-01,1382,691,381.64,0.32,2026,REFACC 
19298,RN88957020260205,2026-03-01,1382,691,70994.29,59.46,2026,REFACC 
19299,RN88957120260205,2026-03-01,1382,691,165125.39,230.49,2026,REFACC 
19300,RN88972920260205,2026-03-01,1382,691,26194.66,36.56,2026,REFACC 
19301,RN88979420260205,2026-03-01,1382,691,135331.40,188.90,2026,REFACC 
19302,RN89053220260206,2026-03-01,1382,691,632.21,0.71,2026,REFACC 
19303,RN89053120260206,2026-03-01,1382,691,7427.77,8.29,2026,REFACC 
19304,RN88985620260206,2026-03-01,1382,691,8413.86,9.40,2026,REFACC 
19305,RN89006020260206,2026-03-01,1382,691,5609.25,6.26,2026,REFACC 
19306,RN89043120260206,2026-03-01,1382,691,7011.56,7.83,2026,REFACC 
19307,RN89053420260206,2026-03-01,1382,691,47661.48,53.22,2026,REFACC 
19308,RN89053520260206,2026-03-01,1382,691,34093.22,38.07,2026,REFACC 
19309,RN89133120260209,2026-03-01,1382,691,10853.39,3.03,2026,REFACC 
19310,RN89134120260209,2026-03-01,1382,691,9449.45,2.64,2026,REFACC 
19311,RN89134220260209,2026-03-01,1382,691,227701.19,63.57,2026,REFACC 
19312,RN89188820260209,2026-03-01,1382,691,93241.73,26.03,2026,REFACC 
19313,9BD2657R1P9238517,2026-03-01,1382,689,185100.00,1300.64,2023,SEMINUEVOS 
19314,5N1DR3MN5RC314054,2026-03-01,1382,686,1041332.59,3561.36,2024,DEMO 
19315,LSGEN53A7PD007477,2026-03-01,1382,684,219300.00,1522.06,2023,SEMINUEVOS 
19316,LSGEN53AXPD007683,2026-03-01,1382,684,219300.00,1522.06,2023,SEMINUEVOS 
19317,LSGEN53A8PD026460,2026-03-01,1382,684,219300.00,1522.06,2023,SEMINUEVOS 
19318,LSGEN53A7PD031522,2026-03-01,1382,684,219300.00,1522.06,2023,SEMINUEVOS 
19319,LSGEN53A3RD004238,2026-03-01,1382,684,200600.00,1392.28,2024,SEMINUEVOS 
19320,LSGEN53A7RD008230,2026-03-01,1382,684,200600.00,1392.28,2024,SEMINUEVOS 
19321,LSGEN53A7RD012231,2026-03-01,1382,684,200600.00,1392.28,2024,SEMINUEVOS 
19322,3G1MA5E26NL133256,2026-03-01,1382,684,153500.00,1011.66,2022,SEMINUEVOS 
19323,JN1BE6DSOL9036508,2026-03-01,1382,683,360800.00,62.89,2020,SEMINUEVOS 
19324,JN1BE6DS2L9036378,2026-03-01,1382,683,360800.00,2186.05,2020,SEMINUEVOS 
19325,JN1BE6DS7L9038918,2026-03-01,1382,683,360800.00,2264.12,2020,SEMINUEVOS 
19326,JN1BE6DS3L9039015,2026-03-01,1382,683,358400.00,1551.08,2020,SEMINUEVOS 
19327,JN1BE6DS0L9038999,2026-03-01,1382,683,358400.00,620.43,2020,SEMINUEVOS 
19328,JN1BE6DS1N9042207,2026-03-01,1382,683,429500.00,833.23,2022,SEMINUEVOS 
19329,JN1BE6DS1L9036694,2026-03-01,1382,683,358400.00,695.30,2020,SEMINUEVOS 
19330,JN1BE6DS3L9039161,2026-03-01,1382,683,358400.00,695.30,2020,SEMINUEVOS 
19331,JN1BE6DS8R9102361,2026-03-01,1382,683,538300.00,928.27,2024,SEMINUEVOS 
19332,JN1BE6DS3R9102364,2026-03-01,1382,683,538300.00,928.27,2024,SEMINUEVOS 
19333,JN1BE6DS4L9036916,2026-03-01,1382,683,376400.00,644.90,2020,SEMINUEVOS 
19334,JN1BE6DSXL9036130,2026-03-01,1382,683,374300.00,249.27,2020,SEMINUEVOS 
19335,JN1BE6DS6N9042073,2026-03-01,1382,683,438700.00,2424.43,2022,SEMINUEVOS 
19336,JN1BE6DS4L9039153,2026-03-01,1382,683,363200.00,2520.81,2020,SEMINUEVOS 
19337,3N6AD31AXTK822977,2026-03-01,1382,682,440763.32,196.87,2026,NUEVO 
19338,3N6AD31A7TK824332,2026-03-01,1382,682,440763.32,196.87,2026,NUEVO 
19339,3N6AD31A0TK824253,2026-03-01,1382,682,440763.32,98.44,2026,NUEVO 
19340,3N6AD31A1TK824326,2026-03-01,1382,682,440763.32,98.44,2026,NUEVO 
19341,3N6AD31A4TK822134,2026-03-01,1382,682,440763.32,98.44,2026,NUEVO 
19342,3N6AD31AXTK822221,2026-03-01,1382,682,440763.32,98.44,2026,NUEVO 
19343,3N6AD35AXTK822696,2026-03-01,1382,682,439026.81,380.00,2026,FLOTILLA 
19344,3N6AD31A3TK816518,2026-03-01,1382,682,439774.05,3052.28,2026,NUEVO 
19345,3N6AD35A8PK809841,2026-03-01,1382,682,279200.00,124.86,2023,SEMINUEVOS 
19346,3N6AD31A0TK820753,2026-03-01,1382,682,440763.33,1675.51,2026,NUEVO 
19347,3N6AD35A1TK816530,2026-03-01,1382,682,438905.21,2842.64,2026,FLOTILLA 
19348,3N6CD35A8TK818977,2026-03-01,1382,682,455694.20,1730.12,2026,FLOTILLA 
19349,3N6AD31A7TK808860,2026-03-01,1382,682,439774.04,3275.71,2026,NUEVO 
19350,3N6AD31A9TK812277,2026-03-01,1382,682,439774.04,208.89,2026,NUEVO 
19351,3N6AD35A9TK815626,2026-03-01,1382,682,438905.21,1.02,2026,NUEVO 
19352,ML3AFL6J8RH004674,2026-03-01,1382,680,199800.00,1163.06,2024,SEMINUEVOS 
19353,ML3AFL6J8RH004500,2026-03-01,1382,680,199800.00,1386.72,2024,SEMINUEVOS 
19354,LSJA36E94PZ112729,2026-03-01,1382,679,173800.00,37.46,2023,SEMINUEVOS 
19355,LSJA36E92PZ018476,2026-03-01,1382,679,175400.00,1176.64,2023,SEMINUEVOS 
19356,3N1CN9AG6TL817837,2026-03-01,1382,704,347469.16,232.80,2026,NUEVO 
19357,3N1CN9AG3TL820520,2026-03-01,1382,704,394584.88,176.25,2026,NUEVO 
19358,3N1CN9AG6TL817384,2026-03-01,1382,704,347469.16,155.20,2026,NUEVO 
19359,3N1CN9AG9TL815810,2026-03-01,1382,704,368947.72,82.40,2026,NUEVO 
19360,3N1CN8AE6SK603136,2026-03-01,1382,704,290700.00,62.66,2025,SEMINUEVOS 
19361,3N1CN8AE2RK590704,2026-03-01,1382,704,228300.00,1013.03,2024,SEMINUEVOS 
19362,3N1CN8AE6RK590415,2026-03-01,1382,704,228300.00,1584.53,2024,SEMINUEVOS 
19363,3N1CN8AE9RL910305,2026-03-01,1382,704,228300.00,1232.37,2024,SEMINUEVOS 
19364,3N1CN8AE9SL897075,2026-03-01,1382,704,379399.52,2629.98,2025,FLOTILLA 
19365,3N1CN8AE2SL899329,2026-03-01,1382,704,379399.52,2629.98,2025,FLOTILLA 
19366,3N1CN8AE3ML916318,2026-03-01,1382,704,218000.00,1509.29,2021,SEMINUEVOS 
19367,3N1CN9AG6TL818664,2026-03-01,1382,704,347469.17,776.01,2026,NUEVO 
19368,3N1CN9AG0TL818644,2026-03-01,1382,704,368947.73,823.98,2026,NUEVO 
19369,3N1CN9AG8TL815023,2026-03-01,1382,704,347469.17,232.80,2026,NUEVO 
19370,3N1CN9AG2TL810965,2026-03-01,1382,704,368947.72,494.39,2026,NUEVO 
19371,3N1CN9AG3TL815043,2026-03-01,1382,704,368947.72,494.39,2026,NUEVO 
19372,3N1CN9AG7TL818673,2026-03-01,1382,704,347469.16,465.61,2026,NUEVO 
19373,3N1CN9AGXTL815590,2026-03-01,1382,704,368947.72,494.39,2026,NUEVO 
19374,3N1CN9AG5TL814945,2026-03-01,1382,704,368947.72,494.39,2026,NUEVO 
19375,3N1CN9AG5TL814671,2026-03-01,1382,704,394584.89,440.62,2026,NUEVO 
19376,3N1CN9AG2TL814787,2026-03-01,1382,704,384837.41,429.74,2026,NUEVO 
19377,3N1CN9AG6TL818244,2026-03-01,1382,704,421782.25,470.99,2026,NUEVO 
19378,3N1CN9AG7TL814056,2026-03-01,1382,704,368947.73,329.59,2026,NUEVO 
19379,3N1CN9AG6TL814212,2026-03-01,1382,704,394584.89,352.50,2026,NUEVO 
19380,3N1CN9AG8TL819699,2026-03-01,1382,704,384837.41,282.89,2026,NUEVO 
19381,3N1CN8AEXSK627553,2026-03-01,1382,704,343766.64,1995.76,2025,NUEVO 
19382,3N1CN8AE1SK637369,2026-03-01,1382,704,346452.05,2303.38,2025,NUEVO 
19383,3N1CN8AE0SL898163,2026-03-01,1382,704,361666.60,955.90,2025,NUEVO 
19384,3N1CN8AE4SL898621,2026-03-01,1382,704,346452.04,2461.05,2025,NUEVO 
19385,3N1CN8AE4SL905020,2026-03-01,1382,704,346452.04,411.41,2025,NUEVO 
19386,3N1CN8AE6SL898877,2026-03-01,1382,704,346452.04,541.18,2025,NUEVO 
19387,3N1CN8AE9SL906681,2026-03-01,1382,704,361666.60,1498.05,2025,NUEVO 
19388,3N1CN8AE0SL904124,2026-03-01,1382,704,329447.60,782.44,2025,NUEVO 
19389,3N1CN8AE3SL899114,2026-03-01,1382,704,361666.60,511.74,2025,NUEVO 
19390,3N1CN8AE8SL908051,2026-03-01,1382,704,361666.60,2662.77,2025,NUEVO 
19391,3N1CN8AE6SL893033,2026-03-01,1382,704,346452.04,1921.33,2025,NUEVO 
19392,3N1CN8AE9SL903845,2026-03-01,1382,704,329447.60,938.93,2025,NUEVO 
19393,3N1CN8AE4SL907494,2026-03-01,1382,704,361666.60,2035.00,2025,NUEVO 
19394,3N1CN8AE2SK639129,2026-03-01,1382,704,379399.52,2162.58,2025,NUEVO 
19395,3N1CN8AE4SL902022,2026-03-01,1382,704,329447.60,78.24,2025,NUEVO 
19396,3N1CN8AE8SL902184,2026-03-01,1382,704,329447.60,2025.96,2025,NUEVO 
19397,3N1CN8AE7SL904248,2026-03-01,1382,704,361666.60,2014.35,2025,NUEVO 
19398,3N1CN8AE9SL907572,2026-03-01,1382,704,361666.60,773.06,2025,NUEVO 
19399,3N1CN8AE3SK638068,2026-03-01,1382,704,379399.52,85.05,2025,NUEVO 
19400,MEX5A2607MT155727,2026-03-01,1382,703,151800.00,459.87,2021,SEMINUEVOS 
19401,JN6BE6CS1T9150707,2026-03-01,1382,701,554864.41,123.92,2026,FLOTILLA 
19402,JN1BE6DSXR9102359,2026-03-01,1382,701,784900.00,3227.03,2025,SEMINUEVOS 
19403,JN1BE6DS0S9123758,2026-03-01,1382,701,698444.76,3440.23,2025,NUEVO 
19404,JN1BE6DS3S9123818,2026-03-01,1382,701,698444.76,3440.23,2025,NUEVO 
19405,JN1BE6DS3S9124032,2026-03-01,1382,701,698444.76,3440.23,2025,NUEVO 
19406,3MDDJBCV7PM458856,2026-03-01,1382,789,186700.00,888.80,2023,SEMINUEVOS 
19407,3HGRZ1836RM008794,2026-03-01,1382,777,356200.00,1695.71,2024,SEMINUEVOS 
19408,3HGRU5735KM008430,2026-03-01,1382,777,202500.00,202.54,2019,SEMINUEVOS 
19409,JN8CT3MT4TW012295,2026-03-01,1382,706,852337.63,380.71,2026,FLOTILLA 
19410,JN8CT3MTXTW011877,2026-03-01,1382,706,852216.04,4057.02,2026,FLOTILLA 
19411,JN8BT27T9MW129602,2026-03-01,1382,706,234500.00,990.98,2021,SEMINUEVOS 
19412,JN8AT3MT6TW066270,2026-03-01,1382,706,589575.81,132.00,2026,NUEVO 
19413,JN8CT3MT5SW011008,2026-03-01,1382,706,847816.33,4447.39,2025,DEMO 
19414,JN8CT3MT6TW011522,2026-03-01,1382,706,852216.03,7544.01,2026,NUEVO 
19415,JN8CT3MTXTW011877,2026-03-01,1382,706,852216.04,1842.92,2026,NUEVO 
19416,JN8CT3MT5TW011480,2026-03-01,1382,706,852216.03,6347.83,2026,NUEVO 
19417,JN8AT3MT2TW065679,2026-03-01,1382,706,587701.82,2583.08,2026,NUEVO 
19418,WVW3B4D22RT037265,2026-03-01,1382,705,226300.00,1570.65,2024,SEMINUEVOS 
19419,WVW3B4D25RT039849,2026-03-01,1382,705,226300.00,1570.65,2024,SEMINUEVOS 
19420,WVW3B4D2XRT040320,2026-03-01,1382,705,226300.00,1570.65,2024,SEMINUEVOS 
19421,WVW3B4D28RT040123,2026-03-01,1382,705,226300.00,1570.65,2024,SEMINUEVOS 
19422,3N8CP5HD9KL473287,2026-03-01,1385,672,177200.00,1073.64,2019,SEMINUEVOS 
19423,3N8CP5HE1LL467221,2026-03-01,1385,672,203700.00,969.73,2020,SEMINUEVOS 
19424,3N8CP5HE4RL590357,2026-03-01,1385,672,277500.00,1949.90,2024,SEMINUEVOS 
19425,3N8CP5HE8SL470468,2026-03-01,1385,672,314100.00,2207.08,2025,SEMINUEVOS 
19426,3N8AP6HE9SL387614,2026-03-01,1385,672,412800.00,2900.61,2025,SEMINUEVOS 
19427,MR0CX3DD1N1323581,2026-03-01,1385,667,314600.00,1497.67,2022,SEMINUEVOS 
19428,MR0CX3DD3N1329415,2026-03-01,1385,667,314600.00,1497.67,2022,SEMINUEVOS 
19429,MR0FA3CD2L3800133,2026-03-01,1385,667,350700.00,1669.53,2020,SEMINUEVOS 
19430,MR0CX3DD4N1329732,2026-03-01,1385,667,295100.00,2043.08,2022,SEMINUEVOS 
19431,JTFJM9CP3M6003376,2026-03-01,1385,666,345300.00,2092.13,2021,SEMINUEVOS 
19432,3N6AD33A1PK815323,2026-03-01,1385,663,285100.00,1727.39,2023,SEMINUEVOS 
19433,3N6AD33B4SK807010,2026-03-01,1385,663,571200.00,3964.45,2025,SEMINUEVOS 
19434,VF1LZ12TXHC305353,2026-03-01,1385,662,132500.00,811.27,2017,SEMINUEVOS 
19435,1FDRF3G65LEC35434,2026-03-01,1385,661,484900.00,731.66,2020,SEMINUEVOS 
19436,93YHSCCXXRJ530264,2026-03-01,1385,659,266700.00,1884.40,2024,SEMINUEVOS 
19437,LSGKB54H2MV142752,2026-03-01,1385,656,159600.00,759.78,2021,SEMINUEVOS 
19438,LSGKB54H0MV046148,2026-03-01,1385,656,159600.00,759.78,2021,SEMINUEVOS 
19439,LSGKB5412NV001975,2026-03-01,1385,656,204700.00,974.49,2022,SEMINUEVOS 
19440,LSGKB5418NV002208,2026-03-01,1385,656,204700.00,974.49,2022,SEMINUEVOS 
19441,LSGKB5418NV004539,2026-03-01,1385,656,204700.00,974.49,2022,SEMINUEVOS 
19442,LSGKB5410NV002882,2026-03-01,1385,656,204700.00,974.49,2022,SEMINUEVOS 
19443,LSGKB5410NV057820,2026-03-01,1385,656,204700.00,974.49,2022,SEMINUEVOS 
19444,LSGKB5419PV000289,2026-03-01,1385,656,231300.00,1101.12,2023,SEMINUEVOS 
19445,LSGKB5410PV000679,2026-03-01,1385,656,231300.00,1101.12,2023,SEMINUEVOS 
19446,LSGKB5417NV002023,2026-03-01,1385,656,174200.00,1207.54,2022,SEMINUEVOS 
19447,LSGKB5419NV002167,2026-03-01,1385,656,173800.00,1228.01,2022,SEMINUEVOS 
19448,LSGKB5417NV057586,2026-03-01,1385,656,173800.00,1228.01,2022,SEMINUEVOS 
19449,LZWLLNGL3PB057810,2026-03-01,1385,655,238200.00,1651.19,2023,SEMINUEVOS 
19450,LZWLLNGL5RB027114,2026-03-01,1385,655,264400.00,1832.81,2024,SEMINUEVOS 
19451,LZWLLNGL4PB032964,2026-03-01,1385,655,240000.00,1695.75,2023,SEMINUEVOS 
19452,ML3ABT6J6RH007777,2026-03-01,1385,651,181500.00,1258.15,2024,SEMINUEVOS 
19453,MDHBD0FA6SG001919,2026-03-01,1385,677,300600.00,453.57,2025,SEMINUEVOS 
19454,MMBNLV566NH058057,2026-03-01,1385,675,325100.00,2253.58,2022,SEMINUEVOS 
19455,93Y1R5F54RJ741253,2026-03-01,1385,674,161000.00,1116.04,2024,SEMINUEVOS 
19456,VF1HR3NBXPC384221,2026-03-01,1385,673,345400.00,1644.30,2023,SEMINUEVOS 
19457,VF1HR3NB7PC385102,2026-03-01,1385,673,345400.00,1644.30,2023,SEMINUEVOS 
19458,LZWNNNGM9PC822184,2026-03-01,1385,699,178100.00,1233.05,2023,SEMINUEVOS 
19459,3N1AB8AE4NY239476,2026-03-01,1385,694,245100.00,1166.81,2022,SEMINUEVOS 
19460,3N1AB8AE4SY269640,2026-03-01,1385,694,286400.00,2012.44,2025,SEMINUEVOS 
19461,LSGEN53A8PD014356,2026-03-01,1385,684,220300.00,1048.75,2023,SEMINUEVOS 
19462,LSGEN53A7PD032539,2026-03-01,1385,684,220300.00,1048.75,2023,SEMINUEVOS 
19463,LSGEN53A6RD007649,2026-03-01,1385,684,200600.00,1390.55,2024,SEMINUEVOS 
19464,3N1CN8AE4SK603801,2026-03-01,1385,704,285800.00,431.24,2025,SEMINUEVOS 
19465,3N1CN8AE0RK590698,2026-03-01,1385,704,228300.00,1582.56,2024,SEMINUEVOS 
19466,3N1CN8AE2RK590699,2026-03-01,1385,704,228300.00,1582.56,2024,SEMINUEVOS 
19467,JN1BE6DS2P9081777,2026-03-01,1385,701,438800.00,2658.64,2023,SEMINUEVOS 
19468,JN1BE6DS5N9042050,2026-03-01,1385,701,249500.00,1187.76,2022,SEMINUEVOS 
19469,JN1BE6DS3M9041249,2026-03-01,1385,701,392500.00,1868.52,2021,SEMINUEVOS 
19470,JN1BE6DS3L9036017,2026-03-01,1385,701,358400.00,1706.18,2020,SEMINUEVOS 
19471,JN1BE6DS9M9041112,2026-03-01,1385,701,392500.00,1868.52,2021,SEMINUEVOS 
19472,JN1BE6DS0L9036959,2026-03-01,1385,701,358400.00,1706.18,2020,SEMINUEVOS 
19473,JN1BE6DS1L9036307,2026-03-01,1385,701,358400.00,1706.18,2020,SEMINUEVOS 
19474,9BWKB45UXPP034752,2026-03-01,1385,802,188100.00,40.70,2023,SEMINUEVOS 
19475,MHKMF5CF9JK000149,2026-03-01,1385,763,141000.00,60.79,2018,SEMINUEVOS 
19476,JN8BT27T5MW129774,2026-03-01,1385,706,233700.00,1112.54,2021,SEMINUEVOS 
19477,JN8BT27TXMW129205,2026-03-01,1385,706,229900.00,945.21,2021,SEMINUEVOS 
19478,JN8CT3MT3RW003743,2026-03-01,1385,706,540700.00,3748.10,2024,SEMINUEVOS 
19479,JN8CT3MT2RW002521,2026-03-01,1385,706,560200.00,2325.30,2024,SEMINUEVOS 
19480,9BWDL5BZXNP001422,2026-03-01,1385,705,193300.00,1273.97,2022,SEMINUEVOS 
19481,3N1CN7AE3SK417614,2026-03-01,1389,702,275746.56,130.98,2025,NUEVO 
19482,3N1CK3CE6TL200536,2026-03-01,1504,678,294633.49,1098.74,2026,NUEVO 
19483,3N6AD33A2SK836822,2026-03-01,1506,663,659969.56,3471.44,2025,NUEVO 
19484,3N6AD33A7TK813019,2026-03-01,1507,663,439774.04,208.89,2026,NUEVO 
19485,3N1AB8AEXPY205321,2026-03-01,1509,694,255600.00,1316.20,2023,SEMINUEVOS 
19486,3N1CK3CE7TL200321,2026-03-01,1510,678,294633.49,1168.67,2026,NUEVO 
19487,3N1CN8AE6SL902104,2026-03-01,1512,704,329447.60,159.95,2025,NUEVO 
19488,MDHBD0FA8TG009294,2026-03-01,1513,677,352850.41,1341.32,2026,NUEVO 
19489,3N8CP5HEXSL469645,2026-03-01,1514,672,418317.52,315.11,2025,NUEVO 
19490,3N8AP6HE0SL393088,2026-03-01,1515,672,387500.00,2347.82,2025,SEMINUEVOS 
19491,93YHSCCX0PJ283673,2026-03-01,1516,659,238400.00,1232.93,2023,SEMINUEVOS 
19492,3N8AP6HE8TL373768,2026-03-01,1517,672,483697.44,3113.20,2026,NUEVO 
19493,3N1CN8AE4SL897453,2026-03-01,1518,704,346452.04,910.94,2025,NUEVO 
19494,3N1AB8AE5RY231974,2026-03-01,1519,694,281300.00,125.96,2024,SEMINUEVOS 
19495,3VWWP6BU2KM018912,2026-03-01,1520,670,192500.00,1090.83,2019,SEMINUEVOS 
19496,MDHBD0FA6TG012095,2026-03-01,1521,677,370750.36,910.81,2026,NUEVO 
19497,3N8AP6HE9TL342450,2026-03-01,1522,672,506464.76,325.26,2026,NUEVO 
19498,3N8AP6HEXSL421804,2026-03-01,1524,672,538755.69,2941.61,2025,DEMO 
19499,3N8CP5HE8SL492017,2026-03-01,1524,672,429415.24,2507.43,2025,DEMO 
19500,MNTFP5CP1S6019385,2026-03-01,1524,672,567419.29,4565.74,2025,DEMO 
19501,3N1CK3CE3SL214439,2026-03-01,1524,678,308832.09,2541.07,2025,DEMO 
19502,MDHBD0FA6SG001919,2026-03-01,1524,677,409081.98,606.26,2025,DEMO 
19503,3N1AB8AE9SY390521,2026-03-01,1524,694,426000.21,3505.13,2025,DEMO 
19504,3N1CN8AE4SK603801,2026-03-01,1524,704,369485.38,379.46,2025,DEMO 
19505,3N1CN8AE9SL878025,2026-03-01,1524,704,408362.41,524.75,2025,DEMO 
19506,JN8CT3MT4SW010836,2026-03-01,1524,706,767735.99,5167.82,2025,DEMO 
19507,93YHSCCX6RJ530326,2026-03-01,1525,659,266700.00,570.07,2024,SEMINUEVOS 
19508,3N1AB8AE8NY259018,2026-03-01,1526,694,238500.00,1013.29,2022,SEMINUEVOS 
19509,3N1CN8AE0SL899295,2026-03-01,1527,704,379399.52,1004.14,2025,NUEVO 
19510,3N1AB8AE9SY426109,2026-03-01,1529,694,394609.32,1709.74,2025,NUEVO 
19511,1FDWF3G66KEF26591,2026-03-01,1530,661,446500.00,676.51,2019,SEMINUEVOS 
19512,3N8CP5HE0SL496370,2026-03-01,1531,672,398683.37,353.37,2025,NUEVO 
19513,MDHBD0FA8SG029091,2026-03-01,1532,677,352728.81,236.23,2025,NUEVO 
19514,3N1CN8AE4SK617536,2026-03-01,1533,704,328550.93,2976.31,2025,NUEVO 
19515,3N1CK3CEXML210035,2026-03-01,1534,678,141800.00,984.17,2021,SEMINUEVOS 
19516,3N1CN8AE2SL899086,2026-03-01,1535,704,361666.60,156.35,2025,NUEVO 
19517,3N8AP6HE6TL374420,2026-03-01,1536,672,483697.44,2057.60,2026,NUEVO 
19518,3N1CK3CE6TL201802,2026-03-01,1537,678,294633.49,1182.80,2026,NUEVO 
19519,3N8CP5HE9SL506698,2026-03-01,1538,672,429611.28,314.79,2025,NUEVO 
19520,LSGHD52H5LD115573,2026-03-01,1539,652,124900.00,88.99,2020,SEMINUEVOS 
19521,3N1CN8AE1SL898947,2026-03-01,1540,704,361666.60,2662.77,2025,NUEVO 
19522,JN6BE6CS7R9095057,2026-03-01,1541,701,423000.00,2562.91,2024,SEMINUEVOS 
19523,MDHBD0FA1TG000677,2026-03-01,1542,677,352728.80,2596.97,2026,NUEVO 
19524,3N1CN7AE9NK397261,2026-03-01,1543,704,177300.00,616.86,2022,SEMINUEVOS 
19525,3N8CP5HE8SL504344,2026-03-01,1544,672,429415.24,305.96,2025,NUEVO 
19526,3N8CP5HE0SL504001,2026-03-01,1545,672,398683.37,2002.19,2025,NUEVO 
19527,3N1CN8AE5SL908072,2026-03-01,1546,704,329447.60,179.37,2025,NUEVO 
19528,JN1BE6DS5L9036701,2026-03-01,1547,683,363200.00,2517.68,2020,SEMINUEVOS 
19529,MA6CC5FDXMT009448,2026-03-01,1548,654,147200.00,166.83,2021,SEMINUEVOS 
19530,3N1CN8AE2SK639535,2026-03-01,1549,704,379399.53,1738.12,2025,NUEVO 
19531,JTFJM9CP7M6003090,2026-03-01,1550,666,397000.00,1155.49,2021,SEMINUEVOS 
19532,JN1BE6DS4S9124394,2026-03-01,1551,701,696393.88,3307.87,2025,NUEVO 
19533,3N1CN8AE8SL908325,2026-03-01,1553,704,329447.60,312.98,2025,NUEVO 
19534,JTFAMHCP5L6002819,2026-03-01,1554,666,321400.00,1221.77,2020,SEMINUEVOS 
19535,AFAHR6CA1LP111027,2026-03-01,1555,690,226300.00,1566.75,2020,SEMINUEVOS 
19536,LSGHD52HXND114924,2026-03-01,1556,652,141500.00,765.48,2022,SEMINUEVOS 
19537,3N1CN8AE6SL891475,2026-03-01,1558,704,379399.52,0.47,2025,NUEVO 
19538,LSGHD52H1LD037597,2026-03-01,1559,652,124900.00,369.18,2020,SEMINUEVOS 
19539,3VWKP6BU1KM254904,2026-03-01,1560,670,181200.00,41.39,2019,SEMINUEVOS 
19540,LSGHD52H6LD071390,2026-03-01,1561,652,123000.00,714.22,2020,SEMINUEVOS 
19541,3N1CK3CE7TL202599,2026-03-01,1562,678,294633.49,197.40,2026,NUEVO 
19542,3N8AP6HE8TL374242,2026-03-01,1563,672,483697.44,3357.13,2026,NUEVO 
19543,3N1CN8AE6SL892514,2026-03-01,1564,704,346452.04,2788.73,2025,NUEVO 
19544,3N6AD31A4TK816351,2026-03-01,1565,682,439774.05,1812.90,2026,NUEVO 
19545,LZWLLNGL3NB000455,2026-03-01,1566,655,208400.00,1417.12,2022,SEMINUEVOS 
19546,WBA71AA07M3M39570,2026-03-01,1567,813,306200.00,198.01,2021,SEMINUEVOS 
19547,MDHBD0FA7TG010985,2026-03-01,1568,677,361800.96,161.60,2026,NUEVO 
19548,3N1CK3CE5NL204497,2026-03-01,1569,678,149700.00,712.66,2022,SEMINUEVOS 
19549,MBHWBA3S3RG542005,2026-03-01,1571,653,217400.00,1263.94,2024,SEMINUEVOS 
19550,3GCPW9EH8MG259272,2026-03-01,1572,695,438800.00,1763.98,2021,SEMINUEVOS 
19551,MDHBD0FA5TG003128,2026-03-01,1573,677,352728.80,2526.70,2026,NUEVO 
19552,3N8CP5HE9ML487184,2026-03-01,1574,672,191400.00,828.34,2021,SEMINUEVOS 
19553,3N8AP6HE0TL363266,2026-03-01,1575,672,538755.68,3966.59,2026,NUEVO 
19554,3N1CK3CE3SL227515,2026-03-01,1576,678,265870.33,1627.13,2025,FLOTILLA 
19555,3N1CK3CE6SL227539,2026-03-01,1576,678,265870.33,662.90,2025,FLOTILLA 
19556,3N1CN8AE3SL908491,2026-03-01,1577,704,361666.60,2662.77,2025,NUEVO 
19557,3N6AD35A2TK819940,2026-03-01,1578,682,438905.21,1572.26,2026,NUEVO 
19558,RN88561420260130,2026-03-01,1579,691,46565.76,65.06,2026,REFACC 
19559,RN88561520260130,2026-03-01,1580,691,393960.27,550.45,2026,REFACC 
19560,RN88663920260130,2026-03-01,1581,691,258188.09,360.75,2026,REFACC 
19561,RN88664020260130,2026-03-01,1582,691,40147.99,56.10,2026,REFACC 
19562,RN88664120260130,2026-03-01,1583,691,11853.94,16.56,2026,REFACC 
19563,RN88665320260130,2026-03-01,1584,691,6278.28,8.77,2026,REFACC 
19564,RN88665620260130,2026-03-01,1585,691,37838.99,52.87,2026,REFACC 
19565,RN88682120260131,2026-03-01,1586,691,6801.96,7.60,2026,REFACC 
19566,RN88682220260131,2026-03-01,1587,691,8190.01,9.15,2026,REFACC 
19567,RN88682820260131,2026-03-01,1588,691,1249.83,1.40,2026,REFACC 
19568,RN88822320260203,2026-03-01,1589,691,5674.81,1.58,2026,REFACC 
19569,JN1BE6DS8L9036658,2026-03-01,1590,701,360800.00,1611.57,2020,SEMINUEVOS 
19570,3N1CN8AE8SL890876,2026-03-01,1591,704,379399.52,538.31,2025,NUEVO 
19571,JN1BE6DS0N9043381,2026-03-01,1592,701,400300.00,1864.93,2022,SEMINUEVOS 
19572,LSGHD52H5ND124566,2026-03-01,1593,652,144400.00,290.61,2022,SEMINUEVOS 
19573,3N1CN8AEXML922357,2026-03-01,1594,704,189500.00,1148.16,2021,SEMINUEVOS 
19574,JN1BE6DS2N9042233,2026-03-01,1595,683,435100.00,1945.86,2022,SEMINUEVOS 
19575,JTFJM9CP3M6003653,2026-03-01,1596,666,345300.00,2092.13,2021,SEMINUEVOS 
19576,3N1CN8AE2SL906599,2026-03-01,1597,704,361666.60,362.18,2025,NUEVO 
19577,JN1BE6DS3R9101103,2026-03-01,1598,701,543000.00,3274.29,2024,SEMINUEVOS 
19578,3N1CN8AE7SL901351,2026-03-01,1599,704,329447.60,161.01,2025,NUEVO 
19579,LSGHD52H3ND124890,2026-03-01,1600,652,145300.00,823.37,2022,SEMINUEVOS 
19580,3N6AD33A6SK847600,2026-03-01,1601,663,439774.04,3328.72,2025,NUEVO 
19581,3N1CN9AG2TL816975,2026-03-01,1604,704,394584.88,528.74,2026,NUEVO 
19582,3N1CN7AE4SK418772,2026-03-01,1605,702,275746.56,61.58,2025,NUEVO 
19583,3N1CN7AE4SK418772,2026-03-01,1605,702,275746.56,1790.05,2025,FLOTILLA 
19584,3N8AP6HE7TL353138,2026-03-01,1607,672,538755.68,3827.32,2026,NUEVO 
19585,MDHBD0FA3TG006612,2026-03-01,1609,677,370750.36,959.01,2026,FLOTILLA 
19586,MDHBD0FA3TG013253,2026-03-01,1609,677,370750.36,879.09,2026,FLOTILLA 
19587,MDHBD0FA3TG006612,2026-03-01,1609,677,370750.36,79.92,2026,NUEVO 
19588,MDHBD0FA3TG013253,2026-03-01,1609,677,370750.36,79.92,2026,NUEVO 
19589,MDHBD0FAXSG028556,2026-03-01,1610,677,352728.80,326.08,2025,NUEVO 
19590,3N1CN8AE8SL901746,2026-03-01,1611,704,329447.60,234.73,2025,NUEVO 
19591,MDHBD0FA1TG006348,2026-03-01,1612,677,352728.80,1708.35,2026,NUEVO 
19592,3N8AP6HE5TL374571,2026-03-01,1614,672,540175.52,3749.12,2026,NUEVO 
19593,MDHBD0FA5TG007535,2026-03-01,1615,677,369734.40,18.57,2026,NUEVO 
19594,JTFAMHCP0N6005100,2026-03-01,1616,666,427700.00,2968.48,2022,SEMINUEVOS 
19595,LSGHD52H0LD022623,2026-03-01,1617,652,124100.00,333.00,2020,SEMINUEVOS 
20236,3N8AP6HE3SL344306,2025-03-01,1283,672,504082.22,5187.15,2025,NUEVO 
20237,3N1CN8AE5SK598981,2025-03-01,1283,704,336420.46,2529.88,2025,NUEVO 
20238,3N1CN8AE1SK598959,2025-03-01,1283,704,336420.46,2529.88,2025,NUEVO 
20239,3N1CN8AE8SK599185,2025-03-01,1283,704,336420.46,2213.65,2025,NUEVO 
20240,3N1AB8AE0SY296611,2025-03-01,1283,694,366701.10,344.70,2025,NUEVO 
20241,JN8CT3MT5SW008447,2025-03-01,1283,706,766671.71,7750.63,2025,NUEVO 
20242,JN8CT3MT2SW009443,2025-03-01,1283,706,766671.71,1202.18,2025,NUEVO 
20243,JN8CT3MT1SW009613,2025-03-01,1283,706,766671.71,1202.18,2025,NUEVO 
20244,3N8AP6HE4SL364726,2025-03-01,1290,672,473662.38,1619.93,2025,FLOTILLA 
20245,3N8AP6HE4SL364726,2025-03-01,1290,672,473662.38,2822.37,2025,NUEVO 
20246,3N1CK3CE0RL232701,2025-03-01,1290,678,276425.26,1040.28,2024,FLOTILLA 
20247,3N1CK3CE8SL200178,2025-03-01,1290,678,262208.30,1478.85,2025,FLOTILLA 
20248,3N1CK3CE2SL201858,2025-03-01,1290,678,262208.30,1478.85,2025,FLOTILLA 
20249,3N1CK3CE8SL201914,2025-03-01,1290,678,262208.30,1478.85,2025,FLOTILLA 
20250,3N1CK3CE9SL201873,2025-03-01,1290,678,262208.30,1478.85,2025,FLOTILLA 
20251,3N1CK3CE6SL200874,2025-03-01,1290,678,262208.30,1478.85,2025,FLOTILLA 
20252,3N1CK3CE4SL200811,2025-03-01,1290,678,262208.30,1478.85,2025,FLOTILLA 
20253,3N1CK3CE3SL200119,2025-03-01,1290,678,262208.30,1478.85,2025,FLOTILLA 
20254,3N1CN8AEXSK596496,2025-03-01,1290,704,384530.30,1447.12,2025,FLOTILLA 
20255,JN8CT3MT1SW009322,2025-03-01,1292,706,846752.06,7435.42,2025,FLOTILLA 
20256,3N1CK3CE8SL202335,2025-03-01,1305,678,262208.30,328.63,2025,FLOTILLA 
20257,3N1CK3CEXRL232561,2025-03-01,1305,678,256734.26,439.02,2024,FLOTILLA 
20258,3N1CK3CE3SL202341,2025-03-01,1305,678,262208.30,1561.01,2025,FLOTILLA 
20259,3N1CK3CE4SL202381,2025-03-01,1305,678,262208.30,1561.01,2025,FLOTILLA 
20260,3N1CK3CE6SL202365,2025-03-01,1305,678,262208.30,1561.01,2025,FLOTILLA 
20261,3N1CK3CE7SL202391,2025-03-01,1305,678,262208.30,1561.01,2025,FLOTILLA 
20262,3N1CK3CE5SL202390,2025-03-01,1305,678,262208.30,1561.01,2025,FLOTILLA 
20263,3N1CK3CE4SL202378,2025-03-01,1305,678,262208.30,1561.01,2025,FLOTILLA 
20264,3N1CK3CE7SL202326,2025-03-01,1305,678,262208.30,1561.01,2025,FLOTILLA 
20265,3N1CK3CE7SL202679,2025-03-01,1305,678,262208.30,1561.01,2025,FLOTILLA 
20266,3N1CK3CE3SL202565,2025-03-01,1305,678,262208.30,1561.01,2025,FLOTILLA 
20267,3N1CK3CE5SL202583,2025-03-01,1305,678,262208.30,1561.01,2025,FLOTILLA 
20268,3N1CK3CE7SL202505,2025-03-01,1305,678,262208.30,1561.01,2025,FLOTILLA 
20269,3N1CK3CE0SL202541,2025-03-01,1305,678,262208.30,1561.01,2025,FLOTILLA 
20270,3N1CK3CE3SL202436,2025-03-01,1305,678,262208.30,1561.01,2025,FLOTILLA 
20271,3N1CK3CEXRL232561,2025-03-01,1305,678,256734.26,1973.64,2024,FLOTILLA 
20272,3N1CN8AE3SK603210,2025-03-01,1305,704,321204.74,395.08,2025,FLOTILLA 
20273,3N1CN8AE7SK603209,2025-03-01,1305,704,321204.74,296.31,2025,FLOTILLA 
20274,3N1CN8AE4RK619457,2025-03-01,1305,704,315836.26,2719.35,2024,FLOTILLA 
20275,3N1CN8AE9RK619776,2025-03-01,1305,704,315836.26,1845.27,2024,FLOTILLA 
20276,MNTFP5CP4S6014987,2025-03-01,1331,672,533985.22,5379.90,2025,NUEVO 
20277,MNTFP5CPXS6015402,2025-03-01,1331,672,554109.92,695.10,2025,NUEVO 
20278,3N8AP6HE5SL376710,2025-03-01,1331,672,473662.38,2523.04,2025,NUEVO 
20279,3N8CP5HE8SL470468,2025-03-01,1331,672,417274.78,118.92,2025,FLOTILLA 
20280,3N8CP5HE4RL590357,2025-03-01,1331,672,417025.38,4054.30,2024,NUEVO 
20281,3N8AP6HE0SL367588,2025-03-01,1331,672,537806.90,5228.53,2025,NUEVO 
20282,3N8CP5HE2SL473141,2025-03-01,1331,672,417274.78,4056.72,2025,NUEVO 
20283,3N8CP5HE4SL474081,2025-03-01,1331,672,386542.90,3394.28,2025,NUEVO 
20284,3N8CP5HE8SL470468,2025-03-01,1331,672,417274.78,3552.05,2025,FLOTILLA 
20285,3N8CP5HEXSL473307,2025-03-01,1331,672,417274.78,4056.72,2025,NUEVO 
20286,3N8CP5HE7SL473989,2025-03-01,1331,672,417274.78,4056.72,2025,NUEVO 
20287,3N8CP5HE6SL474311,2025-03-01,1331,672,417274.78,4056.72,2025,NUEVO 
20288,3N8CP5HE9SL474674,2025-03-01,1331,672,386542.90,2909.38,2025,NUEVO 
20289,3N6AD33A5SK813745,2025-03-01,1331,663,473307.24,436.63,2025,NUEVO 
20290,3N6AD33A9SK815109,2025-03-01,1331,663,434377.16,400.71,2025,NUEVO 
20291,1N6ED1EK4SN607466,2025-03-01,1331,663,898831.90,7892.74,2025,NUEVO 
20292,3N6AD33A3SK812366,2025-03-01,1331,663,434377.15,2858.20,2025,NUEVO 
20293,3N6AD33A9RK840246,2025-03-01,1331,663,633507.16,6229.84,2024,NUEVO 
20294,3N6AD31A3SK813164,2025-03-01,1331,682,430036.02,2155.91,2025,NUEVO 
20295,3N6AD35A6SK813847,2025-03-01,1331,682,429167.75,1479.20,2025,NUEVO 
20296,3N6AD35AXSK815973,2025-03-01,1331,682,429167.75,131.97,2025,NUEVO 
20297,3N6AD31A0RK860811,2025-03-01,1331,682,418746.90,1312.77,2024,FLOTILLA 
20298,3N6AD31A5RK860884,2025-03-01,1331,682,418746.90,1312.77,2024,FLOTILLA 
20299,3N6AD31A9RK860662,2025-03-01,1331,682,418746.90,1312.77,2024,FLOTILLA 
20300,3N6AD35A1RK861301,2025-03-01,1331,682,413537.75,942.87,2024,FLOTILLA 
20301,3N6AD31A1RK842480,2025-03-01,1331,682,414406.18,4192.98,2024,NUEVO 
20302,3N6AD31A0RK860811,2025-03-01,1331,682,418746.90,2575.29,2024,FLOTILLA 
20303,3N6AD31A5RK860884,2025-03-01,1331,682,418746.90,2575.29,2024,FLOTILLA 
20304,3N6AD31A9RK860662,2025-03-01,1331,682,418746.90,2575.29,2024,FLOTILLA 
20305,3N6AD31A4RK841131,2025-03-01,1331,682,414406.18,4192.98,2024,NUEVO 
20306,3N6AD35A1RK861301,2025-03-01,1331,682,413537.75,2924.75,2024,FLOTILLA 
20307,3N6AD35A6RK865599,2025-03-01,1331,682,413537.75,4255.42,2024,NUEVO 
20308,3N6CD35AXRK832503,2025-03-01,1331,682,435164.58,4305.59,2024,NUEVO 
20309,3N6AD35A3SK807312,2025-03-01,1331,682,429167.75,4172.35,2025,NUEVO 
20310,3N1CK3CE0SL204855,2025-03-01,1331,678,262208.30,322.52,2025,NUEVO 
20311,3N1CK3CE3SL203988,2025-03-01,1331,678,307853.14,378.66,2025,NUEVO 
20312,3N1CK3CE9SL204482,2025-03-01,1331,678,307853.14,662.65,2025,NUEVO 
20313,3N1CK3CE6SL201331,2025-03-01,1331,678,287268.94,353.34,2025,NUEVO 
20314,3N1CK3CE7SL202004,2025-03-01,1331,678,262208.30,322.52,2025,NUEVO 
20315,3N1CK3CE9SL203297,2025-03-01,1331,678,262208.30,403.15,2025,NUEVO 
20316,3N1CK3CE7SL204822,2025-03-01,1331,678,287268.94,353.34,2025,NUEVO 
20317,3N1CN8AE1SK593471,2025-03-01,1331,704,321204.74,3139.33,2025,NUEVO 
20318,3N1CN8AE0SK591601,2025-03-01,1331,704,355215.94,3453.39,2025,FLOTILLA 
20319,3N1CN8AE3SK597313,2025-03-01,1331,704,321204.74,3122.73,2025,NUEVO 
20320,3N1CN8AEXSK599267,2025-03-01,1331,704,369465.38,2431.08,2025,NUEVO 
20321,3N1CN8AE6RK620979,2025-03-01,1331,704,346426.62,3564.83,2024,NUEVO 
20322,3N1CN8AE2RK615908,2025-03-01,1331,704,331050.82,215.18,2024,FLOTILLA 
20323,3N1CN7AE1SK391059,2025-03-01,1331,702,272874.50,671.27,2025,NUEVO 
20324,3N1CN7AE4SK391606,2025-03-01,1331,702,272874.50,671.27,2025,NUEVO 
20325,3N1AB8AEXSY297541,2025-03-01,1331,694,466504.02,292.34,2025,NUEVO 
20326,3N1AB8AE4SY269640,2025-03-01,1331,694,382024.70,1633.16,2025,FLOTILLA 
20327,3N1AB8AE7SY274346,2025-03-01,1331,694,416170.46,1779.13,2025,FLOTILLA 
20328,3N1AB8AE9SY244202,2025-03-01,1331,694,382024.70,3848.90,2025,NUEVO 
20329,3N1AB8AE2SY267966,2025-03-01,1331,694,397390.06,4003.70,2025,NUEVO 
20330,3N1AB8AE2SY262038,2025-03-01,1331,694,382024.70,3848.90,2025,NUEVO 
20331,3N1AB8AE1SY269045,2025-03-01,1331,694,382024.70,3848.90,2025,NUEVO 
20332,3N1AB8AE4SY269640,2025-03-01,1331,694,382024.70,1986.53,2025,FLOTILLA 
20333,3N1AB8AE7SY274346,2025-03-01,1331,694,416170.46,2164.09,2025,FLOTILLA 
20334,3N1AB8AE4SY285269,2025-03-01,1331,694,401055.66,3773.27,2025,NUEVO 
20335,3N1AB8AE6SY285001,2025-03-01,1331,694,401055.66,3773.27,2025,NUEVO 
20336,3N1AB8AE7SY281426,2025-03-01,1331,694,401055.66,2892.84,2025,NUEVO 
20337,3N1AB8AE6SY247610,2025-03-01,1331,694,397390.06,4089.25,2025,NUEVO 
20338,3N1AB8AE4SY267614,2025-03-01,1331,694,382024.70,3931.14,2025,NUEVO 
20339,3N1AB8AE2SY269572,2025-03-01,1331,694,397390.06,4017.39,2025,NUEVO 
20340,JN8AT3MT8SW038615,2025-03-01,1331,706,618791.93,6367.54,2025,NUEVO 
20341,JN8CT3MT9SW007642,2025-03-01,1331,706,758752.22,7461.49,2025,NUEVO 
20342,JN8CT3MTXSW009190,2025-03-01,1331,706,846752.05,8531.03,2025,NUEVO 
20343,JN8AT3MT9SW043435,2025-03-01,1331,706,668297.62,3040.75,2025,NUEVO 
20344,JN8CT3MTXSW009609,2025-03-01,1331,706,846752.06,4004.43,2025,NUEVO 
20345,JN8CT3MT9SW009486,2025-03-01,1331,706,846752.06,1327.75,2025,NUEVO 
20346,3N1CN8AE3SK604230,2025-03-01,1331,704,369465.38,113.61,2025,NUEVO 
20347,3N1CN8AE2RK615908,2025-03-01,1331,704,331050.82,2738.80,2024,FLOTILLA 
20348,3N1CN8AE0SK601043,2025-03-01,1331,704,321204.74,1107.09,2025,NUEVO 
20349,3N1CN8AE3SK594962,2025-03-01,1331,704,336420.46,1792.00,2025,NUEVO 
20350,3N1CN8AE3SL841410,2025-03-01,1331,704,398572.10,1498.63,2025,NUEVO 
20351,3N1CN8AE6SK600608,2025-03-01,1331,704,355215.94,1558.21,2025,NUEVO 
20352,3N1CN8AE9SK599941,2025-03-01,1331,704,369465.38,1968.02,2025,NUEVO 
20353,3N1CN8AE7SL841409,2025-03-01,1331,704,384530.30,1445.83,2025,NUEVO 
20354,3N1CN8AE8SK601128,2025-03-01,1331,704,321204.74,296.31,2025,NUEVO 
20355,9FB4SR4D1PM439565,2025-03-01,1385,676,195200.00,1776.32,2023,SEMINUEVOS 
20356,MMBML45G2MH005126,2025-03-01,1385,675,287200.00,2561.11,2021,SEMINUEVOS 
20357,VF1HR2NB0PC377658,2025-03-01,1385,673,280000.00,877.80,2023,SEMINUEVOS 
20358,3N8CP5HE9PL488548,2025-03-01,1385,672,291700.00,415.67,2023,SEMINUEVOS 
20359,MNTFP5CP3R6011329,2025-03-01,1385,672,415600.00,4040.44,2024,SEMINUEVOS 
20360,JTFAMHCP8L6003284,2025-03-01,1385,666,334200.00,2980.23,2020,SEMINUEVOS 
20361,1N6ED1EKXNN654571,2025-03-01,1385,663,459300.00,1701.71,2022,SEMINUEVOS 
20362,93YHSCCX0PJ447827,2025-03-01,1385,659,266700.00,1521.67,2023,SEMINUEVOS 
20363,93YHSCCX8NJ141293,2025-03-01,1385,659,245700.00,2342.14,2022,SEMINUEVOS 
20364,LSGKB5419NV017915,2025-03-01,1385,656,205100.00,1170.21,2022,SEMINUEVOS 
20365,LSGKB5411PV001386,2025-03-01,1385,656,223100.00,1272.91,2023,SEMINUEVOS 
20366,LSGKB5412PV000294,2025-03-01,1385,656,259200.00,1478.88,2023,SEMINUEVOS 
20367,LSGKB5412PV000442,2025-03-01,1385,656,223100.00,1272.91,2023,SEMINUEVOS 
20368,LSGKB5419PV001510,2025-03-01,1385,656,225500.00,2052.05,2022,SEMINUEVOS 
20369,LZWLLNGL8PB030912,2025-03-01,1385,655,273500.00,1560.47,2023,SEMINUEVOS 
20370,3KPA24AC4LE276501,2025-03-01,1385,693,161200.00,597.25,2020,SEMINUEVOS 
20371,MEX6A2609MT153319,2025-03-01,1385,687,168200.00,1603.37,2021,SEMINUEVOS 
20372,3G1MA5E29NL132389,2025-03-01,1385,684,167000.00,952.83,2022,SEMINUEVOS 
20373,JN6BE6CS4L9060211,2025-03-01,1385,683,329500.00,2938.32,2020,SEMINUEVOS 
20374,JN6BE6CS5N9067347,2025-03-01,1385,683,380200.00,3390.43,2022,SEMINUEVOS 
20375,JN6BE6CS7L9060476,2025-03-01,1385,683,329500.00,2938.32,2020,SEMINUEVOS 
20376,3N1CK3CDXLL217802,2025-03-01,1385,678,137100.00,507.96,2020,SEMINUEVOS 
20377,3N6CK34N7JL237746,2025-03-01,1385,678,126900.00,1240.27,2018,SEMINUEVOS 
20378,9FB5R2VD1PM318721,2025-03-01,1385,697,228300.00,1386.51,2023,SEMINUEVOS 
20379,9FB5R2VD5PM325185,2025-03-01,1385,697,228300.00,1386.51,2023,SEMINUEVOS 
20380,3N1AB8AE4PY213205,2025-03-01,1385,694,271600.00,1006.28,2023,SEMINUEVOS 
20381,3N1AB8AE3PY212045,2025-03-01,1385,694,310000.00,971.85,2023,SEMINUEVOS 
20382,3N1AB8AE2PY213395,2025-03-01,1385,694,310000.00,971.85,2023,SEMINUEVOS 
20383,3N1AB8AEXPY213094,2025-03-01,1385,694,284200.00,2760.53,2023,SEMINUEVOS 
20384,MK2L6Y1Y5PN004688,2025-03-01,1385,860,256900.00,1465.76,2023,SEMINUEVOS 
20385,MMEMC71X1LH005370,2025-03-01,1385,840,433800.00,4213.64,2020,SEMINUEVOS 
20386,JE4LS51A2LZ008571,2025-03-01,1385,824,314200.00,447.74,2020,SEMINUEVOS 
20387,JM3KFADL1P0173528,2025-03-01,1385,822,366500.00,1357.88,2023,SEMINUEVOS 
20388,3MZBPCCL8MM205951,2025-03-01,1385,815,205400.00,761.01,2021,SEMINUEVOS 
20389,VR3UPHNL2PT000622,2025-03-01,1385,814,263000.00,2570.46,2023,SEMINUEVOS 
20390,JN8AT3MT9PW010068,2025-03-01,1385,706,482200.00,1786.55,2023,SEMINUEVOS 
20391,JN8AT3MT6RW014162,2025-03-01,1385,706,518900.00,591.55,2024,SEMINUEVOS 
20392,JN8BT27TXJW084956,2025-03-01,1385,706,231600.00,264.02,2018,SEMINUEVOS 
20393,JN8AT3ML8PW000972,2025-03-01,1385,706,467400.00,4455.49,2025,SEMINUEVOS 
20394,JN8AT3MT6RW014162,2025-03-01,1385,706,739000.00,1475.54,2024,SEMINUEVOS 
20395,JN8AT3MT4RW017464,2025-03-01,1385,706,556500.00,4400.91,2024,SEMINUEVOS 
20396,MNTFP5CP7R6012709,2025-03-01,1524,672,519109.85,739.73,2024,FLOTILLA 
20397,MNTFP5CP7R6007574,2025-03-01,1524,672,481900.00,4385.29,2024,SEMINUEVOS 
20398,MNTFP5CP7R6012709,2025-03-01,1524,672,519109.85,4150.28,2024,FLOTILLA 
20399,3N8CP5HE9RL536777,2025-03-01,1524,672,445319.04,1306.47,2024,DEMO 
20400,MNTFP5CP0R6009800,2025-03-01,1524,672,547209.74,1605.39,2024,DEMO 
20401,3N6AD33A4RK840025,2025-03-01,1524,663,633507.16,4900.44,2024,DEMO 
20402,3N6AD35A6RK842436,2025-03-01,1524,682,409196.45,3258.80,2024,DEMO 
20403,3N1CN8AE7RL887025,2025-03-01,1524,704,352731.96,1034.84,2024,DEMO 
20404,3N1CN8AE3RL813973,2025-03-01,1524,704,418900.00,836.40,2024,SEMINUEVOS 
20405,3N1CN7AE4RK398081,2025-03-01,1524,702,264820.62,452.84,2024,FLOTILLA 
20406,3N1CN7AE4RK398081,2025-03-01,1524,702,264820.62,2035.81,2024,FLOTILLA 
20407,3N1CN7AE1RK399558,2025-03-01,1524,702,264820.62,2109.00,2024,DEMO 
20408,3N1AB8AE8RY328375,2025-03-01,1524,694,303500.00,345.99,2024,SEMINUEVOS 
20409,3N1AB8AE8RY328375,2025-03-01,1524,694,404320.64,1237.76,2024,DEMO 
20410,JN8CT3MTXRW004436,2025-03-01,1524,706,571400.00,5550.20,2024,SEMINUEVOS 
20411,JN8AT3MT4RW018663,2025-03-01,1524,706,691715.43,2029.34,2024,DEMO 
20412,JN8CT3MT8RW005701,2025-03-01,1524,706,835413.68,2450.92,2024,DEMO 
20413,JN8AT3MT1SW035409,2025-03-01,1524,706,693870.58,5435.32,2025,DEMO 
20414,JN8AT3MT5RW011950,2025-03-01,1524,706,527400.00,3203.00,2024,SEMINUEVOS 
20415,3N1CN8AEXRL887214,2025-03-01,1524,704,304303.12,2339.33,2024,FLOTILLA 
20416,3N1CN8AEXRL887214,2025-03-01,1524,704,240200.00,273.83,2024,SEMINUEVOS 
20417,3N1CN8AE3RL813973,2025-03-01,1524,704,313200.00,357.05,2024,SEMINUEVOS 
20418,3N6AD33B7RK861993,2025-03-01,1568,663,664869.29,6841.69,2024,NUEVO 
20419,3N1CK3CE2RL228780,2025-03-01,1568,678,277320.78,2860.87,2024,NUEVO 
20420,3N1CN8AE9SK591516,2025-03-01,1618,704,369465.38,600.38,2025,NUEVO 
20421,3N1CN8AE9SK591516,2025-03-01,1618,704,369465.38,210.80,2025,FLOTILLA 
20422,3N1AB8AE2RY237523,2025-03-01,1619,694,438900.00,553.50,2024,SEMINUEVOS 
20423,LSGEN53A9PD010901,2025-03-01,1620,684,259700.00,296.42,2023,SEMINUEVOS 
20424,3N1CN7AD2JL846825,2025-03-01,1621,704,144200.00,620.78,2018,SEMINUEVOS 
20425,LSGKB54H4MV142364,2025-03-01,1623,656,187400.00,919.85,2021,SEMINUEVOS 
20426,3N8CP5HE5SL474946,2025-03-01,1624,672,386542.90,440.66,2025,FLOTILLA 
20427,3N8CP5HE5SL474946,2025-03-01,1624,672,386542.90,1212.24,2025,NUEVO 
20428,3N1AB8AE7NY216080,2025-03-01,1625,694,303700.00,1961.14,2022,SEMINUEVOS 
20429,MNTFP5CP2P6002909,2025-03-01,1626,672,344900.00,424.23,2023,SEMINUEVOS 
20430,3N6AD33A5MK824568,2025-03-01,1627,663,305000.00,695.40,2021,SEMINUEVOS 
20431,9FB5R2VD4PM475384,2025-03-01,1630,697,215500.00,1095.70,2023,SEMINUEVOS 
20432,3N1CN8AE3SK600288,2025-03-01,1631,704,321204.74,100.64,2025,NUEVO 
20433,3N1CN8AE3RK623046,2025-03-01,1632,704,315836.26,1876.11,2024,NUEVO 
20434,3N6AD35A7SK812271,2025-03-01,1633,682,429167.74,2554.98,2025,NUEVO 
20435,3N8AP6HE3SL378570,2025-03-01,1634,672,473662.38,165.87,2025,NUEVO 
20436,3N1CN8AE1SK600290,2025-03-01,1635,704,321204.74,402.58,2025,NUEVO 
20437,LSJA24W93MN017068,2025-03-01,1636,830,288000.00,240.00,2021,SEMINUEVOS 
20438,LSJA24W93MN017068,2025-03-01,1636,816,279100.00,1034.07,2021,SEMINUEVOS 
20439,3N1CN7AE9SK390712,2025-03-01,1638,702,272874.50,927.26,2025,NUEVO 
20440,WMW31DK03N2P84505,2025-03-01,1640,839,376200.00,1472.20,2022,SEMINUEVOS 
20441,3N1CN8AE6RK624076,2025-03-01,1641,704,315836.26,1026.47,2024,NUEVO 
20442,3N8CP5HE5KL510084,2025-03-01,1642,672,205600.00,1959.88,2019,SEMINUEVOS 
20443,3N1CN8AE5RK624120,2025-03-01,1643,704,315836.26,1046.43,2024,NUEVO 
20444,3N6AD35A4SK805195,2025-03-01,1644,682,429167.74,4323.87,2025,NUEVO 
20445,3N1CN8AE2LL913392,2025-03-01,1645,704,177700.00,218.57,2020,SEMINUEVOS 
20446,3N1CN8AE4RK624187,2025-03-01,1646,704,315836.26,2944.61,2024,NUEVO 
20447,JN8AT3MT1SW041050,2025-03-01,1647,706,668297.62,5729.36,2025,NUEVO 
20448,3N6AD31A6RK852406,2025-03-01,1648,682,418746.90,557.40,2024,NUEVO 
20449,3N1CN7AE2SK391023,2025-03-01,1649,702,272874.50,1258.63,2025,NUEVO 
20450,3N1CN8AE7SK598092,2025-03-01,1650,704,369465.38,2493.36,2025,NUEVO 
20451,3N1CN8AE9SK599602,2025-03-01,1651,704,321204.74,1639.16,2025,NUEVO 
20452,3N8CP5HE4SL469110,2025-03-01,1652,672,417025.38,3909.02,2025,NUEVO 
20453,3N1AB8AE4SY267435,2025-03-01,1653,694,397390.06,3515.33,2025,NUEVO 
20454,3N1CK3CE8RL229075,2025-03-01,1654,678,297904.98,11.80,2024,NUEVO 
20455,3N1CN8AEXLL823049,2025-03-01,1655,704,177700.00,86.49,2020,SEMINUEVOS 
20456,3N6AD35A3RK858867,2025-03-01,1657,682,413537.75,2718.04,2024,NUEVO 
20457,3N6AD33A5SK808481,2025-03-01,1658,663,434377.16,2452.06,2025,NUEVO 
20458,3N1AB8AE1SY280921,2025-03-01,1659,694,366701.10,1035.01,2025,NUEVO 
20459,3N6AD33A7RK865906,2025-03-01,1660,663,434377.16,952.73,2024,FLOTILLA 
20460,3N6AD35A5RK861253,2025-03-01,1660,682,413537.75,890.14,2024,FLOTILLA 
20461,3N6AD35A6RK861178,2025-03-01,1660,682,413537.75,890.14,2024,FLOTILLA 
20462,3N1CN8AE7RK611840,2025-03-01,1660,704,331050.82,207.64,2024,FLOTILLA 
20463,3N1CN8AE1RK619660,2025-03-01,1660,704,331050.82,518.65,2024,FLOTILLA 
20464,3N1CN8AE3RK619711,2025-03-01,1660,704,331050.82,518.65,2024,FLOTILLA 
20465,3N1CN8AE3RK619823,2025-03-01,1660,704,331050.82,518.65,2024,FLOTILLA 
20466,3N1CN8AE4RK619703,2025-03-01,1660,704,331050.82,518.65,2024,FLOTILLA 
20467,3N1CN8AE4RK619751,2025-03-01,1660,704,331050.82,518.65,2024,FLOTILLA 
20468,3N1CN8AE5RK619791,2025-03-01,1660,704,331050.82,518.65,2024,FLOTILLA 
20469,3N1CN8AE7RK619761,2025-03-01,1660,704,331050.82,518.65,2024,FLOTILLA 
20470,3N1CN8AEXRK619673,2025-03-01,1660,704,331050.82,518.65,2024,FLOTILLA 
20471,3N1CN8AEXRK619687,2025-03-01,1660,704,331050.82,518.65,2024,FLOTILLA 
20472,3N1CN8AE7RK614611,2025-03-01,1660,704,331050.82,726.10,2024,FLOTILLA 
20473,3N1CN8AEXRK614635,2025-03-01,1660,704,331050.82,726.10,2024,FLOTILLA 
20474,3N1CN8AE0RK614725,2025-03-01,1660,704,331050.82,726.10,2024,FLOTILLA 
20475,3N1CN8AE1RK611736,2025-03-01,1660,704,331050.82,755.72,2024,FLOTILLA 
20476,3N1AB8AE5SY242589,2025-03-01,1660,694,477832.58,1087.07,2025,FLOTILLA 
20477,3N1AB8AE8SY244126,2025-03-01,1660,694,482412.26,1059.03,2025,FLOTILLA 
20478,3N1AB8AE0SY242757,2025-03-01,1660,694,477832.58,1028.53,2025,FLOTILLA 
20479,3N1CN8AE3RK624035,2025-03-01,1660,704,331050.82,472.21,2024,FLOTILLA 
20480,3N1CN8AE4RK624044,2025-03-01,1660,704,331050.82,472.21,2024,FLOTILLA 
20481,3N1CN8AE6RK624059,2025-03-01,1660,704,331050.82,472.21,2024,FLOTILLA 
20482,3N1CN8AE7RK611840,2025-03-01,1660,704,331050.82,472.21,2024,FLOTILLA 
20483,3N1CN8AE7RK624037,2025-03-01,1660,704,331050.82,472.21,2024,FLOTILLA 
20484,3N1CN8AE1RK619660,2025-03-01,1660,704,331050.82,188.88,2024,FLOTILLA 
20485,3N1CN8AE3RK619711,2025-03-01,1660,704,331050.82,188.88,2024,FLOTILLA 
20486,3N1CN8AE3RK619823,2025-03-01,1660,704,331050.82,188.88,2024,FLOTILLA 
20487,3N1CN8AE4RK619703,2025-03-01,1660,704,331050.82,188.88,2024,FLOTILLA 
20488,3N1CN8AE4RK619751,2025-03-01,1660,704,331050.82,188.88,2024,FLOTILLA 
20489,3N1CN8AE5RK619791,2025-03-01,1660,704,331050.82,188.88,2024,FLOTILLA 
20490,3N1CN8AE7RK619761,2025-03-01,1660,704,331050.82,188.88,2024,FLOTILLA 
20491,3N1CN8AEXRK619673,2025-03-01,1660,704,331050.82,188.88,2024,FLOTILLA 
20492,3N1CN8AEXRK619687,2025-03-01,1660,704,331050.82,188.88,2024,FLOTILLA 
20493,3N1CN8AE4RK624044,2025-03-01,1660,704,331050.82,215.18,2024,FLOTILLA 
20494,3N1CN8AE3RK624035,2025-03-01,1660,704,331050.82,215.18,2024,FLOTILLA 
20495,3N1CN8AE6RK624059,2025-03-01,1660,704,331050.82,215.18,2024,FLOTILLA 
20496,3N1CN8AE7RK624037,2025-03-01,1660,704,331050.82,215.18,2024,FLOTILLA 
20497,3N6AD31A0RK854927,2025-03-01,1661,682,418746.90,4233.30,2024,NUEVO 
20498,3N6CD35A2RK824525,2025-03-01,1662,682,435186.98,3346.54,2024,NUEVO 
20499,3N1CN8AE2SK600539,2025-03-01,1663,704,355215.94,333.90,2025,NUEVO 
20500,3N1CN8AE8SK600741,2025-03-01,1664,704,369465.38,9.06,2025,NUEVO 
20501,5N1DR3ML0RC251797,2025-03-01,1665,686,1000825.74,6394.16,2024,NUEVO 
20502,3N1CN8AE1SK590618,2025-03-01,1666,704,321204.74,1983.44,2025,NUEVO 
20503,LSGEN53A7PD007382,2025-03-01,1667,684,259700.00,296.42,2023,SEMINUEVOS 
20504,93YHSB154MJ004474,2025-03-01,1669,659,186200.00,185.89,2021,SEMINUEVOS 
20505,3N1CN8AE4LL865037,2025-03-01,1670,704,177700.00,218.57,2020,SEMINUEVOS 
20506,3N1CN8AE4LL865037,2025-03-01,1670,704,154800.00,573.53,2020,SEMINUEVOS 
20507,3N1CK3CE1RL233212,2025-03-01,1671,678,281794.90,1181.27,2024,NUEVO 
20508,3N8CP5HE9PL480952,2025-03-01,1672,672,293100.00,1376.15,2023,SEMINUEVOS 
20509,3N1CN8AE4MK855289,2025-03-01,1673,704,176600.00,1100.79,2021,SEMINUEVOS 
20510,LSGEN53A3PD030948,2025-03-01,1674,684,259700.00,211.73,2023,SEMINUEVOS 
20511,3N1CN8AE8RK604511,2025-03-01,1675,704,315836.26,1366.34,2024,NUEVO 
20512,3N1CN8AE4NL841002,2025-03-01,1676,704,218400.00,248.98,2022,SEMINUEVOS 
20513,JN1BE6DS4R9106391,2025-03-01,1677,701,634400.91,2586.42,2024,NUEVO 
20514,3N1CN8AE7SK599601,2025-03-01,1678,704,355215.94,556.51,2025,NUEVO 
20515,MMBMLV5G3NH032021,2025-03-01,1679,675,312800.00,2789.39,2022,SEMINUEVOS 
20516,3N1CK3CEXRL231765,2025-03-01,1680,678,277320.78,368.22,2024,NUEVO 
20517,3N1CK3CE2RL233266,2025-03-01,1681,678,281794.90,367.59,2024,NUEVO 
20518,3N1CK3CEXRL233113,2025-03-01,1681,678,315804.94,2078.31,2024,NUEVO 
20519,3N1CK3CE2RL232991,2025-03-01,1681,678,276425.26,359.35,2024,FLOTILLA 
20520,3N1CK3CE6RL232962,2025-03-01,1681,678,276425.26,359.35,2024,FLOTILLA 
20521,3N1CK3CE0RL232973,2025-03-01,1681,678,276425.26,359.35,2024,FLOTILLA 
20522,3N1CK3CE0RL232990,2025-03-01,1681,678,276425.26,359.35,2024,FLOTILLA 
20523,MNTFP5CP6S6016014,2025-03-01,1681,672,533985.22,1842.10,2025,NUEVO 
20524,MNTFP5CPXS6016565,2025-03-01,1681,672,524359.87,161.24,2025,FLOTILLA 
20525,3N8AP6HE1SL379152,2025-03-01,1681,672,448660.90,551.85,2025,NUEVO 
20526,3N8CP5HE6SL474678,2025-03-01,1681,672,386542.90,2666.93,2025,NUEVO 
20527,3N8AP6HE3SL375376,2025-03-01,1681,672,473662.38,1976.93,2025,NUEVO 
20528,3N8AP6HE8SL374837,2025-03-01,1681,672,537806.90,505.54,2025,NUEVO 
20529,3N8AP6HE4SL378349,2025-03-01,1681,672,537806.90,1098.08,2025,NUEVO 
20530,3N8AP6HE7SL381567,2025-03-01,1681,672,505481.18,96.31,2025,NUEVO 
20531,3N8AP6HE8SL379021,2025-03-01,1681,672,473662.38,582.60,2025,NUEVO 
20532,3N8AP6HE7SL369340,2025-03-01,1681,672,473662.38,3265.11,2025,NUEVO 
20533,3N8CP5HE7PL576563,2025-03-01,1681,672,308000.00,87.78,2023,SEMINUEVOS 
20534,3N8CP5HD4LL473649,2025-03-01,1681,672,215500.00,23.19,2020,SEMINUEVOS 
20535,3N8CP5HE4NL486607,2025-03-01,1681,672,233100.00,536.72,2022,SEMINUEVOS 
20536,3N8CP5HE5ML528281,2025-03-01,1681,672,212300.00,331.73,2021,SEMINUEVOS 
20537,3N8AP6HE0SL354226,2025-03-01,1681,672,504082.22,4193.69,2025,NUEVO 
20538,3N8AP6HE0SL359314,2025-03-01,1681,672,504082.22,837.45,2025,NUEVO 
20539,3N8AP6HE0SL354789,2025-03-01,1681,672,504082.22,3960.70,2025,NUEVO 
20540,3N8AP6HE2SL318165,2025-03-01,1681,672,535427.74,3492.18,2025,NUEVO 
20541,3N8AP6HE1SL329318,2025-03-01,1681,672,535427.74,5412.88,2025,NUEVO 
20542,3N8AP6HE3SL367598,2025-03-01,1681,672,505481.18,4914.26,2025,NUEVO 
20543,3N8AP6HE3SL367973,2025-03-01,1681,672,473662.38,3814.96,2025,NUEVO 
20544,3N8AP6HE6SL336782,2025-03-01,1681,672,535427.74,5394.43,2025,NUEVO 
20545,3N8AP6HE6SL353405,2025-03-01,1681,672,472263.42,613.94,2025,NUEVO 
20546,3N8AP6HE7SL365059,2025-03-01,1681,672,537806.90,5228.53,2025,NUEVO 
20547,3N8AP6HE8SL369637,2025-03-01,1681,672,505481.18,2853.44,2025,NUEVO 
20548,3N8CP5HE0SL469783,2025-03-01,1681,672,417025.38,2419.55,2025,NUEVO 
20549,3N8CP5HE0SL471209,2025-03-01,1681,672,417025.38,4201.53,2025,NUEVO 
20550,3N8CP5HE1SL472868,2025-03-01,1681,672,386542.90,3757.95,2025,NUEVO 
20551,3N8CP5HE1SL474099,2025-03-01,1681,672,417274.78,3554.14,2025,NUEVO 
20552,3N8CP5HE5SL474137,2025-03-01,1681,672,417274.78,4056.72,2025,NUEVO 
20553,3N8CP5HE1SL474314,2025-03-01,1681,672,386542.90,2909.38,2025,NUEVO 
20554,3N8CP5HE3SL474914,2025-03-01,1681,672,417274.78,3140.69,2025,NUEVO 
20555,3N8CP5HE7SL470719,2025-03-01,1681,672,417025.38,4201.53,2025,NUEVO 
20556,3N8CP5HE8SL471216,2025-03-01,1681,672,417025.38,4201.53,2025,NUEVO 
20557,3N8CP5HE9SL470625,2025-03-01,1681,672,386293.43,502.18,2025,NUEVO 
20558,3N8CP5HE8SL472950,2025-03-01,1681,672,417274.78,1447.13,2025,NUEVO 
20559,3N8CP5HE8SL472964,2025-03-01,1681,672,417274.78,4078.28,2025,NUEVO 
20560,3N8CP5HE7SL473068,2025-03-01,1681,672,417274.78,4056.72,2025,NUEVO 
20561,3N8CP5HEXSL473775,2025-03-01,1681,672,386542.90,3310.84,2025,NUEVO 
20562,MNTFP5CP3R6013193,2025-03-01,1681,672,548860.51,4245.66,2024,DEMO 
20563,MNTFP5CP8R6010676,2025-03-01,1681,672,528734.08,5177.19,2024,NUEVO 
20564,MNTFP5CP8P6001893,2025-03-01,1681,672,377600.00,313.09,2023,SEMINUEVOS 
20565,MNTFP5CP1R6010485,2025-03-01,1681,672,519109.84,5247.91,2024,FLOTILLA 
20566,MR0CX3DD5N1329772,2025-03-01,1681,667,327900.00,2338.56,2022,SEMINUEVOS 
20567,JTFAMHCP1L6002896,2025-03-01,1681,666,336100.00,3267.55,2020,SEMINUEVOS 
20568,JTFAMHCP0M6003720,2025-03-01,1681,666,370500.00,601.55,2021,SEMINUEVOS 
20569,JTFAMHCPXL6001634,2025-03-01,1681,666,347300.00,1585.62,2020,SEMINUEVOS 
20570,JTFAMHCPXL6002203,2025-03-01,1681,666,408100.00,3227.33,2020,SEMINUEVOS 
20571,JTFAMHCP1L6001408,2025-03-01,1681,666,464600.00,4190.11,2020,SEMINUEVOS 
20572,3N6AD33B1SK805411,2025-03-01,1681,663,675888.13,6570.95,2025,NUEVO 
20573,3N6AD33A9SK808287,2025-03-01,1681,663,434377.16,544.90,2025,NUEVO 
20574,3N6AD33A7SK808482,2025-03-01,1681,663,550441.12,4660.86,2025,NUEVO 
20575,3N6AD33A0SK816942,2025-03-01,1681,663,648765.22,199.50,2025,NUEVO 
20576,3N6AD33A8SK812573,2025-03-01,1681,663,434377.15,1769.36,2025,NUEVO 
20577,3N6AD33A8SK813061,2025-03-01,1681,663,648765.22,2236.08,2025,NUEVO 
20578,3N6AD33A2MK833504,2025-03-01,1681,663,301900.00,2950.65,2021,SEMINUEVOS 
20579,3N6AD33A2SK808227,2025-03-01,1681,663,569088.52,5532.65,2025,NUEVO 
20580,3N6AD33A3SK809256,2025-03-01,1681,663,550441.12,863.12,2025,NUEVO 
20581,3N6AD33A3SK808219,2025-03-01,1681,663,648765.22,6307.26,2025,NUEVO 
20582,3N6AD33A4SK811016,2025-03-01,1681,663,648765.22,4272.66,2025,NUEVO 
20583,3N6AD33A7SK811723,2025-03-01,1681,663,473307.23,4511.80,2025,FLOTILLA 
20584,3N6CD33B2RK820566,2025-03-01,1681,663,515790.01,4123.74,2024,NUEVO 
20585,3N6AD33B9RK855970,2025-03-01,1681,663,664869.29,6841.69,2024,NUEVO 
20586,3N6AD33B7SK808491,2025-03-01,1681,663,675888.13,2838.52,2025,NUEVO 
20587,3N6CD33B3RK860655,2025-03-01,1681,663,528402.53,1717.31,2024,NUEVO 
20588,3N6AD33A9RK840330,2025-03-01,1681,663,553831.62,2584.21,2024,DEMO 
20589,3N6AD33B4PK818581,2025-03-01,1681,663,529000.00,1121.33,2023,SEMINUEVOS 
20590,93YHSCCX6PJ320824,2025-03-01,1681,659,240900.00,2339.94,2023,SEMINUEVOS 
20591,93YHSCCX8PJ447798,2025-03-01,1681,659,267900.00,2553.76,2023,SEMINUEVOS 
20592,LSGKB5410NV018175,2025-03-01,1681,656,197900.00,1922.27,2022,SEMINUEVOS 
20593,LSGKB541XNV060434,2025-03-01,1681,656,197900.00,1922.27,2022,SEMINUEVOS 
20594,LZWLLNGL2NB019904,2025-03-01,1681,655,255000.00,2476.90,2022,SEMINUEVOS 
20595,LZWLLNGL8NB027859,2025-03-01,1681,655,252800.00,1632.46,2022,SEMINUEVOS 
20596,LZWLLNGLXPB011648,2025-03-01,1681,655,335000.00,1783.69,2023,SEMINUEVOS 
20597,ML3ABW6J1MH000486,2025-03-01,1681,651,158200.00,1536.65,2021,SEMINUEVOS 
20598,3KPA24AC6KE138067,2025-03-01,1681,693,162000.00,1573.56,2019,SEMINUEVOS 
20599,JTDKARFU3K3079427,2025-03-01,1681,688,239300.00,2024.48,2019,SEMINUEVOS 
20600,LSGEN53A6PD011570,2025-03-01,1681,684,235600.00,1814.71,2023,SEMINUEVOS 
20601,LSGEN53A2PD006334,2025-03-01,1681,684,235600.00,1613.07,2023,SEMINUEVOS 
20602,LSGEN53A7PD047235,2025-03-01,1681,684,197500.00,1918.38,2023,SEMINUEVOS 
20603,LSGEN53A9PD033093,2025-03-01,1681,684,197500.00,1918.38,2023,SEMINUEVOS 
20604,LSGEN53A7PD033108,2025-03-01,1681,684,197500.00,1918.38,2023,SEMINUEVOS 
20605,JN1BE6DS3L9036664,2025-03-01,1681,683,389800.00,2780.03,2020,SEMINUEVOS 
20606,JN1BE6DS6L9036416,2025-03-01,1681,683,389800.00,2780.03,2020,SEMINUEVOS 
20607,JN6BE6CS4N9067436,2025-03-01,1681,683,378400.00,2698.73,2022,SEMINUEVOS 
20608,JN6BE6CSXN9067392,2025-03-01,1681,683,378400.00,2698.73,2022,SEMINUEVOS 
20609,JN6BE6CS1M9062063,2025-03-01,1681,683,352000.00,2510.44,2021,SEMINUEVOS 
20610,JN1BE6DS5L9036892,2025-03-01,1681,683,332300.00,729.49,2020,SEMINUEVOS 
20611,JN1BE6DS9L9036099,2025-03-01,1681,683,332300.00,3230.60,2020,SEMINUEVOS 
20612,3N6AD35A5SK810437,2025-03-01,1681,682,429167.75,538.37,2025,FLOTILLA 
20613,3N6AD35A0SK813388,2025-03-01,1681,682,429167.75,1748.14,2025,NUEVO 
20614,3N6AD35A2SK813585,2025-03-01,1681,682,429167.75,1748.14,2025,NUEVO 
20615,3N6AD35A4SK813586,2025-03-01,1681,682,429167.75,1748.14,2025,NUEVO 
20616,3N6AD35A7SK813887,2025-03-01,1681,682,429167.75,1479.20,2025,NUEVO 
20617,3N6AD35A7SK814229,2025-03-01,1681,682,429167.75,263.94,2025,NUEVO 
20618,3N6AD35A3RK859016,2025-03-01,1681,682,404855.00,4078.91,2024,FLOTILLA 
20619,3N6CD35AXRK864528,2025-03-01,1681,682,439402.63,4426.98,2024,FLOTILLA 
20620,3N6AD35A8RK865474,2025-03-01,1681,682,419615.57,2368.73,2024,FLOTILLA 
20621,3N6AD35A3RK864460,2025-03-01,1681,682,419615.57,2368.73,2024,FLOTILLA 
20622,3N6AD35A2RK859380,2025-03-01,1681,682,419615.56,4079.48,2024,FLOTILLA 
20623,3N6AD35A3PK809598,2025-03-01,1681,682,287600.00,2793.55,2023,SEMINUEVOS 
20624,3N6AD35A9RK865452,2025-03-01,1681,682,404855.00,3932.49,2024,FLOTILLA 
20625,3N6AD35A1RK864702,2025-03-01,1681,682,404855.00,3932.49,2024,FLOTILLA 
20626,3N6AD35A3RK866435,2025-03-01,1681,682,419615.56,3999.99,2024,FLOTILLA 
20627,3N6AD31A8RK848227,2025-03-01,1681,682,418746.90,4319.84,2024,NUEVO 
20628,3N6AD31A9RK852724,2025-03-01,1681,682,418746.90,4319.84,2024,NUEVO 
20629,3N6AD31A3RK853044,2025-03-01,1681,682,418746.90,4319.84,2024,NUEVO 
20630,3N6AD31A8RK852780,2025-03-01,1681,682,418746.90,4305.42,2024,NUEVO 
20631,3N6AD31AXRK854787,2025-03-01,1681,682,418746.90,4233.30,2024,NUEVO 
20632,3N6AD31A6RK856536,2025-03-01,1681,682,418746.90,4233.30,2024,NUEVO 
20633,3N6AD35A1RK859483,2025-03-01,1681,682,413537.75,3904.76,2024,NUEVO 
20634,3N6AD35A6RK864789,2025-03-01,1681,682,404855.00,1188.25,2024,NUEVO 
20635,3N6AD35A6SK810267,2025-03-01,1681,682,429167.75,2826.43,2025,NUEVO 
20636,3N6CD35A8RK828577,2025-03-01,1681,682,435164.57,4305.59,2024,NUEVO 
20637,3N6AD35A3RK864524,2025-03-01,1681,682,413537.75,4255.42,2024,NUEVO 
20638,3N6AD35A5SK805268,2025-03-01,1681,682,429167.74,4323.87,2025,NUEVO 
20639,3N6AD35A5RK840659,2025-03-01,1681,682,409196.45,3258.80,2024,DEMO 
20640,3N6AD35A9RK849638,2025-03-01,1681,682,413537.74,4180.64,2024,FLOTILLA 
20641,3N6AD35A8RK853440,2025-03-01,1681,682,413537.74,4180.64,2024,FLOTILLA 
20642,3N6AD35A2RK856124,2025-03-01,1681,682,413537.75,4180.64,2024,FLOTILLA 
20643,LSJA36E98PZ036142,2025-03-01,1681,679,166900.00,1621.16,2023,SEMINUEVOS 
20644,LSJA36E92PZ041031,2025-03-01,1681,679,166900.00,1621.16,2023,SEMINUEVOS 
20645,LSJA36E9XNZ079507,2025-03-01,1681,679,161300.00,1415.14,2022,SEMINUEVOS 
20646,3N1CK3CD3JL238536,2025-03-01,1681,678,130700.00,763.61,2018,SEMINUEVOS 
20647,3N1CK3CE3RL233289,2025-03-01,1681,678,276425.26,1300.35,2024,FLOTILLA 
20648,3N1CK3CE1SL200586,2025-03-01,1681,678,262208.30,403.15,2025,NUEVO 
20649,3N1CK3CE3SL200394,2025-03-01,1681,678,307853.14,378.66,2025,NUEVO 
20650,3N1CK3CE3SL200797,2025-03-01,1681,678,307853.14,378.66,2025,NUEVO 
20651,3N1CK3CE3SL202873,2025-03-01,1681,678,281898.14,346.73,2025,NUEVO 
20652,3N1CK3CE0SL203513,2025-03-01,1681,678,262208.30,403.15,2025,NUEVO 
20653,3N1CK3CE3SL204042,2025-03-01,1681,678,287268.94,353.34,2025,NUEVO 
20654,3N1CK3CE1SL201284,2025-03-01,1681,678,281898.14,346.73,2025,NUEVO 
20655,3N1CK3CE1SL204654,2025-03-01,1681,678,262208.30,322.52,2025,NUEVO 
20656,3N1CK3CE7SL203752,2025-03-01,1681,678,262208.30,564.40,2025,NUEVO 
20657,3N1CK3CE6SL200180,2025-03-01,1681,678,262208.30,322.52,2025,NUEVO 
20658,3N1CK3CE8SL202626,2025-03-01,1681,678,287268.94,51.90,2025,NUEVO 
20659,3N1CK3CE5SL202633,2025-03-01,1681,678,281898.14,346.73,2025,NUEVO 
20660,3N1CK3CE5SL203412,2025-03-01,1681,678,262208.30,322.52,2025,NUEVO 
20661,3N1CK3CE6SL204021,2025-03-01,1681,678,307853.14,378.66,2025,NUEVO 
20662,3N1CK3CE9SL204630,2025-03-01,1681,678,287268.94,353.34,2025,NUEVO 
20663,3N1CK3CE7SL204187,2025-03-01,1681,678,307853.14,378.66,2025,NUEVO 
20664,3N1CK3CE6SL202270,2025-03-01,1681,678,262208.30,322.52,2025,NUEVO 
20665,3N1CK3CE3SL203523,2025-03-01,1681,678,281898.14,86.68,2025,NUEVO 
20666,3N1CK3CE8SL203095,2025-03-01,1681,678,262208.30,80.63,2025,NUEVO 
20667,3N1CK3CE1RL228558,2025-03-01,1681,678,276425.26,630.25,2024,FLOTILLA 
20668,3N1CK3CE2RL229427,2025-03-01,1681,678,276425.26,393.91,2024,FLOTILLA 
20669,3N1CK3CE4RL228585,2025-03-01,1681,678,276425.26,393.91,2024,FLOTILLA 
20670,3N1CK3CE4RL229655,2025-03-01,1681,678,276425.26,393.91,2024,FLOTILLA 
20671,3N1CK3CE6RL229480,2025-03-01,1681,678,276425.26,393.91,2024,FLOTILLA 
20672,3N1CK3CE2NL219961,2025-03-01,1681,678,163800.00,46.68,2022,SEMINUEVOS 
20673,3N1CK3CE8RL233854,2025-03-01,1681,678,281794.90,2236.94,2024,NUEVO 
20674,3N1CK3CE1RL234005,2025-03-01,1681,678,315804.94,524.23,2024,NUEVO 
20675,3N1CK3CE1RL233906,2025-03-01,1681,678,276425.26,359.35,2024,NUEVO 
20676,3N1CK3CE6RL234193,2025-03-01,1681,678,315804.94,2463.28,2024,NUEVO 
20677,3N1CK3CE4RL228585,2025-03-01,1681,678,276425.26,2004.47,2024,FLOTILLA 
20678,3N1CK3CE1RL228558,2025-03-01,1681,678,276425.26,2004.47,2024,FLOTILLA 
20679,3N1CK3CE2RL229427,2025-03-01,1681,678,276425.26,2004.47,2024,FLOTILLA 
20680,3N1CK3CE6RL229480,2025-03-01,1681,678,276425.26,2004.47,2024,FLOTILLA 
20681,3N1CK3CE4RL229655,2025-03-01,1681,678,276425.26,2004.47,2024,FLOTILLA 
20682,3N1CK3CEXRL230423,2025-03-01,1681,678,276425.26,610.06,2024,FLOTILLA 
20683,3N1CK3CE3RL232790,2025-03-01,1681,678,276425.26,610.06,2024,FLOTILLA 
20684,3N1CK3CE8RL231876,2025-03-01,1681,678,276425.26,2600.70,2024,FLOTILLA 
20685,3N1CK3CE6RL229320,2025-03-01,1681,678,271949.98,340.84,2024,FLOTILLA 
20686,3N1CK3CE4SL202204,2025-03-01,1681,678,281898.14,953.52,2025,FLOTILLA 
20687,3N1CK3CE5NL216634,2025-03-01,1681,678,165000.00,1572.86,2022,SEMINUEVOS 
20688,3N1CK3CE8RL217119,2025-03-01,1681,678,273741.02,2117.50,2024,DEMO 
20689,3N1CK3CE7RL221601,2025-03-01,1681,678,273741.02,2295.68,2024,NUEVO 
20690,3N1CK3CEXRL229594,2025-03-01,1681,678,252260.14,2595.83,2024,FLOTILLA 
20691,3N1CK3CE1RL224459,2025-03-01,1681,678,277320.78,368.22,2024,NUEVO 
20692,3N1CK3CE0RL230981,2025-03-01,1681,678,311330.82,1343.48,2024,NUEVO 
20693,3N1CK3CE7RL232260,2025-03-01,1681,678,311330.82,753.76,2024,NUEVO 
20694,3N1CK3CE1RL221061,2025-03-01,1681,678,276425.26,360.58,2024,NUEVO 
20695,3N1CK3CEXRL231118,2025-03-01,1681,678,276425.26,2778.14,2024,NUEVO 
20696,3N1CK3CE8RL232557,2025-03-01,1681,678,302380.26,394.44,2024,NUEVO 
20697,3N1CN8AE2SK590918,2025-03-01,1681,704,321204.74,3031.79,2025,NUEVO 
20698,3N1CN8AE3SK592175,2025-03-01,1681,704,321204.74,1341.20,2025,NUEVO 
20699,3N1CN8AE5SK592825,2025-03-01,1681,704,355215.94,3078.42,2025,NUEVO 
20700,3N1CN8AE3SK594217,2025-03-01,1681,704,321204.74,2942.67,2025,NUEVO 
20701,3N1CN8AE6SK594521,2025-03-01,1681,704,369465.38,3611.01,2025,NUEVO 
20702,3N1CN8AE2SK597335,2025-03-01,1681,704,321204.74,3122.73,2025,NUEVO 
20703,3N1CN8AE6SK597807,2025-03-01,1681,704,369465.38,1415.94,2025,NUEVO 
20704,3N1CN8AE2SK598212,2025-03-01,1681,704,336420.46,3165.16,2025,NUEVO 
20705,3N1CN8AE5SK598169,2025-03-01,1681,704,369465.38,3476.05,2025,NUEVO 
20706,3N1CN8AE7RK614530,2025-03-01,1681,704,315836.26,411.99,2024,NUEVO 
20707,3N1CN8AE7RK617721,2025-03-01,1681,704,315836.26,945.81,2024,NUEVO 
20708,3N1CN8AE7SK590512,2025-03-01,1681,704,336420.46,3389.44,2025,NUEVO 
20709,3N1CN8AE7SK590705,2025-03-01,1681,704,321204.74,7.98,2025,NUEVO 
20710,3N1CN8AE8SK593662,2025-03-01,1681,704,321204.74,405.07,2025,NUEVO 
20711,3N1CN8AE8SK594178,2025-03-01,1681,704,355215.94,1985.58,2025,NUEVO 
20712,3N1CN8AE8SK594794,2025-03-01,1681,704,321204.74,3122.73,2025,NUEVO 
20713,3N1CN8AE8SK598182,2025-03-01,1681,704,336420.46,2848.64,2025,NUEVO 
20714,3N1CN8AEXRK623142,2025-03-01,1681,704,315836.26,2951.06,2024,NUEVO 
20715,3N1CN8AEXSK596143,2025-03-01,1681,704,369465.38,3591.92,2025,NUEVO 
20716,3N1CN8AEXSK592223,2025-03-01,1681,704,336420.46,540.70,2025,NUEVO 
20717,3N1CN8AE8RK602984,2025-03-01,1681,704,326575.54,3113.08,2024,FLOTILLA 
20718,3N1CN8AE4RL902631,2025-03-01,1681,704,323890.14,3204.62,2024,NUEVO 
20719,3N1CN8AE0RK600873,2025-03-01,1681,704,326575.54,414.39,2024,NUEVO 
20720,3N1CN8AE3RK610670,2025-03-01,1681,704,315836.26,3247.32,2024,NUEVO 
20721,3N1CN8AE4RL908686,2025-03-01,1681,704,323890.14,3330.13,2024,FLOTILLA 
20722,3N1CN8AE3RK622818,2025-03-01,1681,704,346426.62,1822.14,2024,NUEVO 
20723,MEX5N2603NT036966,2025-03-01,1681,703,181200.00,1727.29,2022,SEMINUEVOS 
20724,3N1CN7AE0SK391120,2025-03-01,1681,702,272874.50,1539.01,2025,NUEVO 
20725,3N1CN7AE9SK392041,2025-03-01,1681,702,272874.50,311.38,2025,FLOTILLA 
20726,3N1CN7AE9SK392038,2025-03-01,1681,702,272874.50,622.76,2025,FLOTILLA 
20727,3N1CN7AE5RK413168,2025-03-01,1681,702,272874.50,2652.87,2024,FLOTILLA 
20728,3N1CN7AE9RK407745,2025-03-01,1681,702,268400.38,2607.06,2024,FLOTILLA 
20729,3N1CN7AE1RK409652,2025-03-01,1681,702,268400.38,2607.06,2024,FLOTILLA 
20730,3N1CN7AE0RK413367,2025-03-01,1681,702,272874.50,2650.52,2024,FLOTILLA 
20731,3N1CN7AE2RK413547,2025-03-01,1681,702,272874.50,2650.52,2024,FLOTILLA 
20732,3N1CN7AEXRK413649,2025-03-01,1681,702,272874.50,2650.52,2024,FLOTILLA 
20733,3N1CN7AE6RK408299,2025-03-01,1681,702,268400.38,2607.06,2024,FLOTILLA 
20734,3N1CN7AE8RK409549,2025-03-01,1681,702,268400.38,2607.06,2024,FLOTILLA 
20735,3N1CN7AE3RK412343,2025-03-01,1681,702,272874.50,2650.52,2024,FLOTILLA 
20736,3N1CN7AE5RK398171,2025-03-01,1681,702,264820.62,1980.23,2024,FLOTILLA 
20737,3N1CN7AE5RK399479,2025-03-01,1681,702,264820.62,1348.72,2024,DEMO 
20738,3N1CN7AE3RK412939,2025-03-01,1681,702,268400.38,44.29,2024,NUEVO 
20739,3N1CN7AE0RK413224,2025-03-01,1681,702,272874.50,2758.61,2024,NUEVO 
20740,JN6BE6CS5R9100840,2025-03-01,1681,701,521032.30,5249.40,2024,FLOTILLA 
20741,JN6BE6CSXR9100512,2025-03-01,1681,701,521032.30,5249.40,2024,FLOTILLA 
20742,JN6BE6CS9R9099840,2025-03-01,1681,701,524384.25,5098.03,2024,FLOTILLA 
20743,JN1BE6DSXL9037102,2025-03-01,1681,701,332300.00,2084.26,2020,SEMINUEVOS 
20744,JN1BE6DS7L9036702,2025-03-01,1681,701,332300.00,416.85,2020,SEMINUEVOS 
20745,JN1BE6DSXL9036452,2025-03-01,1681,701,332300.00,416.85,2020,SEMINUEVOS 
20746,JN1BE6DS0R9105397,2025-03-01,1681,701,664744.87,6720.20,2024,NUEVO 
20747,JN1BE6DS3R9106401,2025-03-01,1681,701,634400.91,1193.73,2024,NUEVO 
20748,JN1BE6DS7L9036103,2025-03-01,1681,701,391800.00,511.08,2020,SEMINUEVOS 
20749,3N1AB8AE3SY238282,2025-03-01,1681,694,382024.70,1127.42,2025,FLOTILLA 
20750,3N1AB8AE6MY336418,2025-03-01,1681,694,240000.00,638.17,2021,SEMINUEVOS 
20751,3N1AB8AE1PY202369,2025-03-01,1681,694,280800.00,640.22,2023,SEMINUEVOS 
20752,3N1AB7ADXJL622377,2025-03-01,1681,694,150000.00,42.75,2018,SEMINUEVOS 
20753,3N1AB8AEXNY280453,2025-03-01,1681,694,257600.00,73.42,2022,SEMINUEVOS 
20754,3N1AB8AE4RY269714,2025-03-01,1681,694,272500.00,77.66,2024,SEMINUEVOS 
20755,3N1AB8AE2SY250097,2025-03-01,1681,694,477832.58,4323.89,2025,NUEVO 
20756,3N1AB8AE5SY284390,2025-03-01,1681,694,401055.66,251.55,2025,NUEVO 
20757,3N1AB8AE5NY223187,2025-03-01,1681,694,258200.00,2507.98,2022,SEMINUEVOS 
20758,3N1AB7AE8KY422109,2025-03-01,1681,694,174300.00,1693.03,2019,SEMINUEVOS 
20759,3N1AB8AE1RY394332,2025-03-01,1681,694,393122.42,261.64,2024,DEMO 
20760,3N1AB8AE3SY238282,2025-03-01,1681,694,382024.70,380.43,2025,NUEVO 
20761,3N1AB8AE0SY267545,2025-03-01,1681,694,382024.70,3931.14,2025,NUEVO 
20762,3N1AB8AE4SY259819,2025-03-01,1681,694,416170.46,3795.49,2025,NUEVO 
20763,3N1AB8AE7SY238110,2025-03-01,1681,694,363235.02,3672.10,2025,NUEVO 
20764,3N1AB8AE9SY272369,2025-03-01,1681,694,397390.06,3915.64,2025,NUEVO 
20765,TMCJB3UEXNJ044087,2025-03-01,1681,854,412500.00,117.56,2022,SEMINUEVOS 
20766,WV1DLY7HXJH138494,2025-03-01,1681,853,275800.00,78.60,2018,SEMINUEVOS 
20767,U6YPG3AA3ML966999,2025-03-01,1681,851,246800.00,1366.04,2021,SEMINUEVOS 
20768,JTMY23FV6KJ019408,2025-03-01,1681,848,342800.00,781.58,2019,SEMINUEVOS 
20769,93Y9S2MH7LJ541722,2025-03-01,1681,844,216400.00,1696.64,2020,SEMINUEVOS 
20770,3KPFC4AA8RE037513,2025-03-01,1681,831,255900.00,72.93,2024,SEMINUEVOS 
20771,5NPD74AF6LH582152,2025-03-01,1681,825,190200.00,417.17,2020,SEMINUEVOS 
20772,1HGRW1891KL910774,2025-03-01,1681,821,355300.00,3454.21,2019,SEMINUEVOS 
20773,1HGRW1894KL912891,2025-03-01,1681,821,355300.00,3454.21,2019,SEMINUEVOS 
20774,3HGRU5894LM000775,2025-03-01,1681,777,268200.00,2607.43,2020,SEMINUEVOS 
20775,MHKMF5CF5MK018586,2025-03-01,1681,763,217600.00,477.69,2021,SEMINUEVOS 
20776,JN8CT3MT9SW009536,2025-03-01,1681,706,846752.06,482.65,2025,FLOTILLA 
20777,JN8CT3MT8PW000298,2025-03-01,1681,706,543700.00,2014.41,2023,SEMINUEVOS 
20778,JN8AT3MT6RW012492,2025-03-01,1681,706,461200.00,131.44,2024,SEMINUEVOS 
20779,JN8AT3MT4SW043097,2025-03-01,1681,706,618791.93,6015.86,2025,FLOTILLA 
20780,JN8CT3MT4SW009492,2025-03-01,1681,706,846752.06,1857.21,2025,FLOTILLA 
20781,JN8CT3MT3SW008317,2025-03-01,1681,706,846752.05,8224.78,2025,FLOTILLA 
20782,JN8BT27T7JW073719,2025-03-01,1681,706,238700.00,527.83,2018,SEMINUEVOS 
20783,JN8BT27T8HW037399,2025-03-01,1681,706,210500.00,2044.66,2017,SEMINUEVOS 
20784,JN8AT3MT6SW039584,2025-03-01,1681,706,584356.48,5907.52,2025,NUEVO 
20785,JN8AT3MT8SW042552,2025-03-01,1681,706,586749.56,184.01,2025,NUEVO 
20786,JN8CT3MT0SW007951,2025-03-01,1681,706,846752.06,8735.19,2025,NUEVO 
20787,JN8CT3MTXSW008055,2025-03-01,1681,706,766671.71,7909.07,2025,NUEVO 
20788,JN8CT3MT4SW008844,2025-03-01,1681,706,846752.06,8735.19,2025,NUEVO 
20789,JN8CT3MT9SW008872,2025-03-01,1681,706,766671.71,7889.26,2025,NUEVO 
20790,JN8CT3MT6SW009090,2025-03-01,1681,706,846752.05,1023.87,2025,NUEVO 
20791,JN8CT3MT9SW009018,2025-03-01,1681,706,846752.05,6604.67,2025,NUEVO 
20792,JN8CT3MT6SW009607,2025-03-01,1681,706,846752.05,1858.86,2025,NUEVO 
20793,JN8CT3MT8RW005696,2025-03-01,1681,706,835413.68,2557.48,2024,DEMO 
20794,JN8AT3MT0SW035451,2025-03-01,1681,706,693870.58,5457.97,2025,DEMO 
20795,3N1CN8AE8RK599049,2025-03-01,1681,704,308675.58,1619.35,2024,FLOTILLA 
20796,3N1CN8AE2SK600511,2025-03-01,1681,704,369465.38,1504.96,2025,NUEVO 
20797,3N1CN8AE1SK600872,2025-03-01,1681,704,355215.94,550.78,2025,NUEVO 
20798,3N1CN8AE3SK600856,2025-03-01,1681,704,369465.38,1273.42,2025,NUEVO 
20799,3N1CN8AE5SK600227,2025-03-01,1681,704,336420.46,1686.59,2025,NUEVO 
20800,3N1CN8AE9SK598286,2025-03-01,1681,704,369465.38,1968.02,2025,NUEVO 
20801,3N1CN8AE9SK600358,2025-03-01,1681,704,336420.46,1581.18,2025,NUEVO 
20802,3N1CN8AE7SK600830,2025-03-01,1681,704,369465.38,1504.96,2025,NUEVO 
20803,3N1CN8AE9SL841153,2025-03-01,1681,704,398572.10,980.49,2025,NUEVO 
20804,3N1CN8AE0NL827601,2025-03-01,1681,704,218400.00,62.24,2022,SEMINUEVOS 
20805,3N1CN7ADXKK405984,2025-03-01,1681,704,147300.00,41.98,2019,SEMINUEVOS 
20806,3N1CN8AE2SK590773,2025-03-01,1681,704,336420.46,3389.44,2025,NUEVO 
20807,3N1CN8AE1RK622901,2025-03-01,1681,704,315836.26,305.82,2024,NUEVO 
20808,3N6AD35A1SK808667,2025-03-01,1683,682,429167.74,942.14,2025,NUEVO 
20809,3N6AD33B3SK815194,2025-03-01,1684,663,675888.13,207.84,2025,NUEVO 
20810,3N8AP6HE6SL377722,2025-03-01,1685,672,473662.38,1310.86,2025,NUEVO 
20811,93YHSCCX4PJ449032,2025-03-01,1686,659,245800.00,2236.78,2023,SEMINUEVOS 
20812,3N1CK3CE2RL228780,2025-04-01,,678,277320.78,8.46,2024,NUEVO 
20813,3N1CK3CEXRL229594,2025-04-01,,678,252260.14,2512.09,2024,FLOTILLA 
20814,3N6CK34N7JL237746,2025-04-01,,678,126900.00,820.18,2018,SEMINUEVOS 
20815,3N1CK3CE8RL231876,2025-04-01,,678,276425.26,86.69,2024,FLOTILLA 
20816,3N1CK3CE3SL202341,2025-04-01,,678,262208.30,2053.97,2025,FLOTILLA 
20817,3N1CK3CE4SL202381,2025-04-01,,678,262208.30,2053.97,2025,FLOTILLA 
20818,3N1CK3CE6SL202365,2025-04-01,,678,262208.30,2053.97,2025,FLOTILLA 
20819,3N1CK3CE7SL202391,2025-04-01,,678,262208.30,2053.97,2025,FLOTILLA 
20820,3N1CK3CE5SL202390,2025-04-01,,678,262208.30,2053.97,2025,FLOTILLA 
20821,3N1CK3CE4SL202378,2025-04-01,,678,262208.30,2053.97,2025,FLOTILLA 
20822,3N1CK3CE7SL202326,2025-04-01,,678,262208.30,2053.97,2025,FLOTILLA 
20823,3N1CK3CE7SL202679,2025-04-01,,678,262208.30,2053.97,2025,FLOTILLA 
20824,3N1CK3CE3SL202565,2025-04-01,,678,262208.30,2053.97,2025,FLOTILLA 
20825,3N1CK3CE5SL202583,2025-04-01,,678,262208.30,2053.97,2025,FLOTILLA 
20826,3N1CK3CE7SL202505,2025-04-01,,678,262208.30,2053.97,2025,FLOTILLA 
20827,3N1CK3CE0SL202541,2025-04-01,,678,262208.30,2053.97,2025,FLOTILLA 
20828,3N1CK3CE3SL202436,2025-04-01,,678,262208.30,2053.97,2025,FLOTILLA 
20829,3N1CK3CE8SL200178,2025-04-01,,678,262208.30,2218.28,2025,FLOTILLA 
20830,3N1CK3CE2SL201858,2025-04-01,,678,262208.30,2218.28,2025,FLOTILLA 
20831,3N1CK3CE8SL201914,2025-04-01,,678,262208.30,2218.28,2025,FLOTILLA 
20832,3N1CK3CE9SL201873,2025-04-01,,678,262208.30,2218.28,2025,FLOTILLA 
20833,3N1CK3CE6SL200874,2025-04-01,,678,262208.30,2218.28,2025,FLOTILLA 
20834,3N1CK3CE4SL200811,2025-04-01,,678,262208.30,2218.28,2025,FLOTILLA 
20835,3N1CK3CE3SL200119,2025-04-01,,678,262208.30,2218.28,2025,FLOTILLA 
20836,3N1CK3CE4SL202204,2025-04-01,,678,281898.14,2600.51,2025,FLOTILLA 
20837,3N1CK3CE5NL216634,2025-04-01,,678,165000.00,202.95,2022,SEMINUEVOS 
20838,3N1CK3CE3RL233289,2025-04-01,,678,276425.26,86.69,2024,FLOTILLA 
20839,3N1CK3CE1SL200586,2025-04-01,,678,262208.30,161.26,2025,NUEVO 
20840,3N1CK3CE3SL200394,2025-04-01,,678,307853.14,2839.95,2025,NUEVO 
20841,3N1CK3CE3SL200797,2025-04-01,,678,307853.14,2195.06,2025,NUEVO 
20842,3N1CK3CE3SL202873,2025-04-01,,678,281898.14,1386.94,2025,NUEVO 
20843,3N1CK3CE1SL202600,2025-04-01,,678,262208.30,1935.10,2025,FLOTILLA 
20844,3N1CK3CE0SL204855,2025-04-01,,678,262208.30,80.63,2025,NUEVO 
20845,3N1CK3CE3SL204042,2025-04-01,,678,287268.94,2385.05,2025,NUEVO 
20846,3N1CK3CE3SL203988,2025-04-01,,678,307853.14,2839.95,2025,NUEVO 
20847,3N1CK3CE1SL201284,2025-04-01,,678,281898.14,2600.51,2025,NUEVO 
20848,3N1CK3CE1SL204654,2025-04-01,,678,262208.30,161.26,2025,NUEVO 
20849,3N1CK3CE8SL202402,2025-04-01,,678,262208.30,1971.81,2025,FLOTILLA 
20850,3N1CK3CE8SL202335,2025-04-01,,678,262208.30,2053.97,2025,FLOTILLA 
20851,3N1CK3CE9SL204482,2025-04-01,,678,307853.14,2839.95,2025,NUEVO 
20852,3N1CK3CE7SL203752,2025-04-01,,678,262208.30,161.26,2025,NUEVO 
20853,3N1CK3CE6SL200180,2025-04-01,,678,262208.30,161.26,2025,NUEVO 
20854,3N1CK3CE5SL202633,2025-04-01,,678,281898.14,173.37,2025,NUEVO 
20855,3N1CK3CE6SL201331,2025-04-01,,678,287268.94,2650.06,2025,NUEVO 
20856,3N1CK3CE7SL202004,2025-04-01,,678,262208.30,1854.47,2025,NUEVO 
20857,3N1CK3CE5SL203412,2025-04-01,,678,262208.30,161.26,2025,NUEVO 
20858,3N1CK3CE9SL203297,2025-04-01,,678,262208.30,2418.87,2025,NUEVO 
20859,3N1CK3CE6SL204021,2025-04-01,,678,307853.14,2839.95,2025,NUEVO 
20860,3N1CK3CE7SL204822,2025-04-01,,678,287268.94,2650.06,2025,NUEVO 
20861,3N1CK3CE9SL204630,2025-04-01,,678,287268.94,13.22,2025,NUEVO 
20862,3N1CK3CE7SL204187,2025-04-01,,678,307853.14,2839.95,2025,NUEVO 
20863,3N1CK3CE6SL202270,2025-04-01,,678,262208.30,161.26,2025,NUEVO 
20864,3N1CK3CE8SL205185,2025-04-01,,678,262228.30,149.62,2025,NUEVO 
20865,3N1CK3CE5SL205693,2025-04-01,,678,262228.30,971.56,2025,FLOTILLA 
20866,3N1CK3CDXLL217802,2025-04-01,,678,137100.00,1172.21,2020,SEMINUEVOS 
20867,3N1CK3CE2SL204226,2025-04-01,,678,307853.14,2650.62,2025,NUEVO 
20868,3N1CK3CE4SL203594,2025-04-01,,678,262208.30,483.77,2025,FLOTILLA 
20869,3N1CK3CE3SL203523,2025-04-01,,678,281898.14,2600.51,2025,NUEVO 
20870,3N1CK3CEXSL202403,2025-04-01,,678,262208.30,1643.17,2025,FLOTILLA 
20871,3N1CK3CE9SL202621,2025-04-01,,678,262208.30,1643.17,2025,FLOTILLA 
20872,3N1CK3CE9SL202568,2025-04-01,,678,262208.30,1643.17,2025,FLOTILLA 
20873,3N1CK3CE8SL202531,2025-04-01,,678,262208.30,1643.17,2025,FLOTILLA 
20874,3N1CK3CE8SL202514,2025-04-01,,678,262208.30,1643.17,2025,FLOTILLA 
20875,3N1CK3CEXSL202689,2025-04-01,,678,262208.30,1643.17,2025,FLOTILLA 
20876,3N1CK3CE8SL203095,2025-04-01,,678,262208.30,322.52,2025,NUEVO 
20877,MDHBD0FA1SG002119,2025-04-01,,677,392491.66,783.02,2025,NUEVO 
20878,MDHBD0FA7SG001833,2025-04-01,,677,392491.66,783.02,2025,NUEVO 
20879,MDHBD0FA3SG003742,2025-04-01,,677,409081.98,349.77,2025,NUEVO 
20880,MDHBD0FAXSG002264,2025-04-01,,677,365953.18,417.19,2025,NUEVO 
20881,MDHBD0FA6SG002309,2025-04-01,,677,352563.30,401.92,2025,NUEVO 
20882,MDHBD0FA8SG002232,2025-04-01,,677,392491.66,447.44,2025,NUEVO 
20883,9FB4SR4D6RM629929,2025-04-01,,676,222500.00,998.47,2024,SEMINUEVOS 
20884,9FB4SR4D1PM439565,2025-04-01,,676,195200.00,1284.66,2023,SEMINUEVOS 
20885,MMBMLV5G3NH032021,2025-04-01,,675,312800.00,96.19,2022,SEMINUEVOS 
20886,MMBML45G2MH005126,2025-04-01,,675,287200.00,706.51,2021,SEMINUEVOS 
20887,VF1HR2NB0PC377658,2025-04-01,,673,280000.00,1276.80,2023,SEMINUEVOS 
20888,VF1HR3NB1PC389260,2025-04-01,,673,347100.00,1557.61,2023,SEMINUEVOS 
20889,MNTFP5CP5S6016585,2025-04-01,,672,524359.87,3708.54,2025,FLOTILLA 
20890,MNTFP5CP3S6016391,2025-04-01,,672,524379.86,3440.66,2025,FLOTILLA 
20891,3N8AP6HE4SL364726,2025-04-01,,672,473662.38,4049.81,2025,FLOTILLA 
20892,3N8CP5HE9PL488548,2025-04-01,,672,291700.00,1745.82,2023,SEMINUEVOS 
20893,MNTFP5CP7R6012709,2025-04-01,,672,519109.85,3994.55,2024,FLOTILLA 
20894,3N8CP5HE7PL576563,2025-04-01,,672,308000.00,2576.97,2023,SEMINUEVOS 
20895,3N8CP5HE8SL470468,2025-04-01,,672,417274.78,3567.70,2025,FLOTILLA 
20896,3N8AP6HE3SL344306,2025-04-01,,672,504082.22,4524.14,2025,FLOTILLA 
20897,3N8CP5HE9RL536777,2025-04-01,,672,339300.00,2436.17,2024,SEMINUEVOS 
20898,MNTFP5CP0R6009800,2025-04-01,,672,410000.00,2943.80,2024,SEMINUEVOS 
20899,3N8AP6HE7SL387532,2025-04-01,,672,448680.90,1919.98,2025,NUEVO 
20900,3N8AP6HE5SL389277,2025-04-01,,672,537826.90,1994.59,2025,NUEVO 
20901,3N8AP6HE0SL393088,2025-04-01,,672,473682.38,270.00,2025,NUEVO 
20902,3N8AP6HE7SL388681,2025-04-01,,672,505501.18,1728.81,2025,NUEVO 
20903,MNTFP5CPXS6016565,2025-04-01,,672,524359.87,1289.93,2025,FLOTILLA 
20904,MNTFP5CP6S6016238,2025-04-01,,672,524379.87,1196.75,2025,FLOTILLA 
20905,MNTFP5CP6S6016692,2025-04-01,,672,524379.87,747.24,2025,FLOTILLA 
20906,MNTFP5CP7R6012709,2025-04-01,,672,519109.85,444.27,2024,FLOTILLA 
20907,MNTFP5CP3R6013193,2025-04-01,,672,548860.51,1024.85,2024,DEMO 
20908,MNTFP5CP1R6010485,2025-04-01,,672,519109.84,2539.31,2024,FLOTILLA 
20909,MNTFP5CP7R6007574,2025-04-01,,672,481900.00,3171.50,2024,SEMINUEVOS 
20910,3N8CP5HE4RL590357,2025-04-01,,672,417025.38,3923.51,2024,NUEVO 
20911,MNTFP5CP3R6011329,2025-04-01,,672,415600.00,3910.10,2024,SEMINUEVOS 
20912,3N8AP6HE1SL328685,2025-04-01,,672,472263.42,1555.50,2025,DEMO 
20913,3N8AP6HE3SL322189,2025-04-01,,672,535427.74,942.89,2025,DEMO 
20914,3N8AP6HE1SL329318,2025-04-01,,672,535427.74,5238.27,2025,NUEVO 
20915,3N8AP6HE0SL367588,2025-04-01,,672,537806.90,5059.87,2025,NUEVO 
20916,3N8AP6HE3SL367598,2025-04-01,,672,505481.18,4755.74,2025,NUEVO 
20917,3N8AP6HEXSL328524,2025-04-01,,672,472263.42,1401.49,2025,DEMO 
20918,3N8AP6HE6SL336782,2025-04-01,,672,535427.74,5220.42,2025,NUEVO 
20919,3N8AP6HE7SL365059,2025-04-01,,672,537806.90,168.66,2025,NUEVO 
20920,3N8CP5HE0SL471209,2025-04-01,,672,417025.38,3252.80,2025,NUEVO 
20921,3N8CP5HE2SL473141,2025-04-01,,672,417274.78,835.92,2025,NUEVO 
20922,3N8CP5HE1SL472868,2025-04-01,,672,386542.90,3636.72,2025,NUEVO 
20923,3N8CP5HE5SL474137,2025-04-01,,672,417274.78,3925.86,2025,NUEVO 
20924,3N8CP5HE4SL474081,2025-04-01,,672,386542.90,3341.99,2025,NUEVO 
20925,3N8CP5HE1SL474314,2025-04-01,,672,386542.90,3394.28,2025,NUEVO 
20926,3N8CP5HE3SL474914,2025-04-01,,672,417274.78,3925.86,2025,NUEVO 
20927,3N8CP5HE7SL470719,2025-04-01,,672,417025.38,4066.00,2025,NUEVO 
20928,3N8CP5HE8SL472964,2025-04-01,,672,417274.78,263.11,2025,NUEVO 
20929,3N8CP5HE7SL473068,2025-04-01,,672,417274.78,2501.50,2025,NUEVO 
20930,3N8CP5HEXSL473307,2025-04-01,,672,417274.78,3925.86,2025,NUEVO 
20931,3N8CP5HE7SL473989,2025-04-01,,672,417274.78,3925.86,2025,NUEVO 
20932,3N8CP5HE6SL474311,2025-04-01,,672,417274.78,3676.48,2025,NUEVO 
20933,3N8CP5HE9SL474674,2025-04-01,,672,386542.90,2909.38,2025,NUEVO 
20934,MNTFP5CP4S6014987,2025-04-01,,672,533985.22,5206.36,2025,NUEVO 
20935,MNTFP5CP6S6016014,2025-04-01,,672,533985.22,2532.61,2025,NUEVO 
20936,MNTFP5CPXS6015402,2025-04-01,,672,554109.92,5213.25,2025,NUEVO 
20937,3N8CP5HE5KL510084,2025-04-01,,672,205600.00,189.67,2019,SEMINUEVOS 
20938,3N8AP6HE1SL379152,2025-04-01,,672,448660.90,4138.90,2025,NUEVO 
20939,3N8CP5HE6SL474678,2025-04-01,,672,386542.90,1091.02,2025,NUEVO 
20940,3N8AP6HE5SL376710,2025-04-01,,672,473662.38,296.83,2025,NUEVO 
20941,3N8AP6HE8SL379021,2025-04-01,,672,473662.38,4369.54,2025,NUEVO 
20942,MNTFP5CP5S6016571,2025-04-01,,672,524359.86,3708.54,2025,FLOTILLA 
20943,MNTFP5CPXS6016453,2025-04-01,,672,524359.86,3708.54,2025,FLOTILLA 
20944,MNTFP5CP9S6016430,2025-04-01,,672,524359.86,3708.54,2025,FLOTILLA 
20945,MR0CX3DD5N1329772,2025-04-01,,667,327900.00,2806.28,2022,SEMINUEVOS 
20946,JTFAMHCPXL6001634,2025-04-01,,666,347300.00,651.24,2020,SEMINUEVOS 
20947,JTFAMHCPXL6002203,2025-04-01,,666,408100.00,1563.76,2020,SEMINUEVOS 
20948,JTFAMHCP1L6001408,2025-04-01,,666,464600.00,1245.71,2020,SEMINUEVOS 
20949,JTFAMHCP1L6002896,2025-04-01,,666,336100.00,1159.45,2020,SEMINUEVOS 
20950,JTFAMHCP8L6003284,2025-04-01,,666,334200.00,1313.32,2020,SEMINUEVOS 
20951,3N6AD33A5SK814622,2025-04-01,,663,550441.12,3385.21,2025,NUEVO 
20952,3N6AD33A7SK815819,2025-04-01,,663,648765.22,1701.15,2025,NUEVO 
20953,3N6AD33A1SK817551,2025-04-01,,663,569108.51,3084.73,2025,NUEVO 
20954,3N6AD33A9SK817779,2025-04-01,,663,473327.23,135.03,2025,NUEVO 
20955,3N6AD33A9SK818429,2025-04-01,,663,550461.12,2041.45,2025,NUEVO 
20956,3N6AD33A4SK818516,2025-04-01,,663,473327.24,2160.48,2025,NUEVO 
20957,3N6AD33A4SK818712,2025-04-01,,663,569108.52,2435.31,2025,NUEVO 
20958,3N6AD33A0SK819081,2025-04-01,,663,550461.12,2198.48,2025,NUEVO 
20959,3N6CD33B2RK820566,2025-04-01,,663,433800.00,129.78,2024,SEMINUEVOS 
20960,3N6AD33AXRK810740,2025-04-01,,663,448200.00,2145.38,2024,SEMINUEVOS 
20961,3N6AD33A9PK869081,2025-04-01,,663,458100.00,3289.16,2023,SEMINUEVOS 
20962,3N6AD33BXSK821686,2025-04-01,,663,675908.12,192.63,2025,NUEVO 
20963,3N6AD33B1PK831918,2025-04-01,,663,496400.00,148.51,2023,SEMINUEVOS 
20964,3N6AD33B4SK807010,2025-04-01,,663,675888.13,3437.45,2025,FLOTILLA 
20965,3N6CD33B7RK841445,2025-04-01,,663,522469.13,298.10,2024,FLOTILLA 
20966,3N6AD33A4RK840025,2025-04-01,,663,633507.16,4135.39,2024,DEMO 
20967,3N6AD33A9RK840246,2025-04-01,,663,633507.16,6028.88,2024,NUEVO 
20968,3N6AD33A2MK833504,2025-04-01,,663,301900.00,1856.06,2021,SEMINUEVOS 
20969,1N6ED1EK4SN607466,2025-04-01,,663,898831.90,1973.19,2025,NUEVO 
20970,3N6AD33A2SK808227,2025-04-01,,663,569088.52,713.89,2025,NUEVO 
20971,3N6AD33A3SK808219,2025-04-01,,663,648765.22,6103.80,2025,NUEVO 
20972,3N6AD33A3SK812366,2025-04-01,,663,434377.15,3266.52,2025,NUEVO 
20973,3N6AD33A7SK811723,2025-04-01,,663,473307.23,4366.26,2025,FLOTILLA 
20974,3N6AD33B7RK861993,2025-04-01,,663,664869.29,6620.99,2024,NUEVO 
20975,1N6ED1EK0SN602815,2025-04-01,,663,898831.90,2090.79,2025,NUEVO 
20976,3N6AD33B1SK805411,2025-04-01,,663,675888.13,6358.98,2025,NUEVO 
20977,3N6AD33A7SK808482,2025-04-01,,663,550441.12,5178.73,2025,NUEVO 
20978,3N6AD33A0SK816942,2025-04-01,,663,648765.22,5984.86,2025,NUEVO 
20979,3N6AD33A5SK813745,2025-04-01,,663,473307.24,1892.05,2025,NUEVO 
20980,3N6AD33B4SK807010,2025-04-01,,663,675888.13,2755.56,2025,FLOTILLA 
20981,3N6AD33A9SK815109,2025-04-01,,663,434377.16,3205.70,2025,NUEVO 
20982,3N6AD33B3SK815194,2025-04-01,,663,675888.13,8.67,2025,NUEVO 
20983,1N6ED1EKXNN654571,2025-04-01,,663,459300.00,3927.02,2022,SEMINUEVOS 
20984,93YHSCCX4PJ449032,2025-04-01,,659,245800.00,59.91,2023,SEMINUEVOS 
20985,93YHSCCX6PJ320824,2025-04-01,,659,240900.00,2188.98,2023,SEMINUEVOS 
20986,93YHSCCX8PJ447798,2025-04-01,,659,267900.00,2471.38,2023,SEMINUEVOS 
20987,93YHSCCX8NJ141293,2025-04-01,,659,245700.00,2266.58,2022,SEMINUEVOS 
20988,93YHSCCX0PJ447827,2025-04-01,,659,266700.00,2282.51,2023,SEMINUEVOS 
20989,LSGKB5419PV001510,2025-04-01,,656,225500.00,1484.07,2022,SEMINUEVOS 
20990,LSGKB5410NV018175,2025-04-01,,656,197900.00,1860.26,2022,SEMINUEVOS 
20991,LSGKB541XNV060434,2025-04-01,,656,197900.00,1860.26,2022,SEMINUEVOS 
20992,LSGKB5419NV017915,2025-04-01,,656,205100.00,1755.31,2022,SEMINUEVOS 
20993,LSGKB5411PV001386,2025-04-01,,656,223100.00,1909.36,2023,SEMINUEVOS 
20994,LSGKB5412PV000294,2025-04-01,,656,259200.00,2218.32,2023,SEMINUEVOS 
20995,LSGKB5412PV000442,2025-04-01,,656,223100.00,1909.36,2023,SEMINUEVOS 
20996,LZWLLNGL7PB009615,2025-04-01,,655,262700.00,1886.19,2023,SEMINUEVOS 
20997,LZWLLNGL2NB019904,2025-04-01,,655,255000.00,2397.00,2022,SEMINUEVOS 
20998,LZWLLNGL8PB030912,2025-04-01,,655,273500.00,2340.70,2023,SEMINUEVOS 
20999,ML3ABW6J1MH000486,2025-04-01,,651,158200.00,148.71,2021,SEMINUEVOS 
21000,3N1AB8AE7SY281426,2025-04-01,,694,401055.66,3773.27,2025,NUEVO 
21001,3N1AB8AEXPY213094,2025-04-01,,694,284200.00,2671.48,2023,SEMINUEVOS 
21002,3N1AB8AE5NY223187,2025-04-01,,694,258200.00,2427.08,2022,SEMINUEVOS 
21003,3N1AB7AE8KY422109,2025-04-01,,694,174300.00,163.84,2019,SEMINUEVOS 
21004,3N1AB8AE8SY302297,2025-04-01,,694,401055.66,3206.44,2025,NUEVO 
21005,3N1AB8AE3SY303499,2025-04-01,,694,401055.66,2466.49,2025,NUEVO 
21006,3N1AB8AEXSY297541,2025-04-01,,694,466504.02,1169.37,2025,NUEVO 
21007,3N1AB8AE4PY213205,2025-04-01,,694,271600.00,2322.18,2023,SEMINUEVOS 
21008,3N1AB8AE4SY269640,2025-04-01,,694,382024.70,1633.16,2025,FLOTILLA 
21009,3N1AB8AE7SY274346,2025-04-01,,694,416170.46,1779.13,2025,FLOTILLA 
21010,3KPA24AC6KE138067,2025-04-01,,693,162000.00,1472.04,2019,SEMINUEVOS 
21011,3KPA24AC4LE276501,2025-04-01,,693,161200.00,689.13,2020,SEMINUEVOS 
21012,MEX6A2609MT153319,2025-04-01,,687,168200.00,155.16,2021,SEMINUEVOS 
21013,5N1AR2MM1JC668100,2025-04-01,,686,305600.00,1919.93,2018,SEMINUEVOS 
21014,LSGEN53A7PD047235,2025-04-01,,684,197500.00,263.98,2023,SEMINUEVOS 
21015,LSGEN53A9PD033093,2025-04-01,,684,197500.00,1856.50,2023,SEMINUEVOS 
21016,LSGEN53A7PD033108,2025-04-01,,684,197500.00,1856.50,2023,SEMINUEVOS 
21017,LSGEN53A6PD011570,2025-04-01,,684,235600.00,268.85,2023,SEMINUEVOS 
21018,3G1MA5E29NL132389,2025-04-01,,684,167000.00,1429.24,2022,SEMINUEVOS 
21019,JN1BE6DS4N9043142,2025-04-01,,683,380400.00,108.52,2022,SEMINUEVOS 
21020,JN1BE6DS9L9036099,2025-04-01,,683,332300.00,2944.02,2020,SEMINUEVOS 
21021,JN6BE6CS4L9060211,2025-04-01,,683,329500.00,3039.64,2020,SEMINUEVOS 
21022,JN6BE6CS5N9067347,2025-04-01,,683,380200.00,3507.35,2022,SEMINUEVOS 
21023,JN6BE6CS7L9060476,2025-04-01,,683,329500.00,3039.64,2020,SEMINUEVOS 
21024,JN1BE6DS3L9036664,2025-04-01,,683,389800.00,3336.04,2020,SEMINUEVOS 
21025,JN1BE6DS6L9036416,2025-04-01,,683,389800.00,1668.02,2020,SEMINUEVOS 
21026,JN6BE6CS4N9067436,2025-04-01,,683,378400.00,3238.47,2022,SEMINUEVOS 
21027,JN6BE6CSXN9067392,2025-04-01,,683,378400.00,3238.47,2022,SEMINUEVOS 
21028,JN6BE6CS1M9062063,2025-04-01,,683,352000.00,3012.53,2021,SEMINUEVOS 
21029,3N6AD35A8SK816619,2025-04-01,,682,429167.74,527.88,2025,NUEVO 
21030,3N6AD31A0RK860811,2025-04-01,,682,418746.90,2386.86,2024,FLOTILLA 
21031,3N6AD31A5RK860884,2025-04-01,,682,418746.90,2386.86,2024,FLOTILLA 
21032,3N6AD31A9RK860662,2025-04-01,,682,418746.90,2386.86,2024,FLOTILLA 
21033,3N6AD31A2SK818355,2025-04-01,,682,430056.02,2331.02,2025,NUEVO 
21034,3N6AD35A4SK817735,2025-04-01,,682,429187.74,2326.32,2025,NUEVO 
21035,3N6AD35A7SK817664,2025-04-01,,682,429187.74,2326.32,2025,NUEVO 
21036,3N6AD35A6SK818854,2025-04-01,,682,429187.75,1959.00,2025,NUEVO 
21037,3N6AD35A3SK818990,2025-04-01,,682,429187.75,1714.13,2025,NUEVO 
21038,3N6AD35A1RK861301,2025-04-01,,682,413537.75,2592.88,2024,FLOTILLA 
21039,3N6CD35A0SK811066,2025-04-01,,682,454659.01,388.73,2025,FLOTILLA 
21040,3N6CD35A0SK811195,2025-04-01,,682,454659.01,388.73,2025,FLOTILLA 
21041,3N6CD35A3SK811238,2025-04-01,,682,454659.01,388.73,2025,FLOTILLA 
21042,3N6AD31A1SK819108,2025-04-01,,682,430056.02,1838.49,2025,FLOTILLA 
21043,3N6AD35A0SK817683,2025-04-01,,682,429187.74,2439.57,2025,FLOTILLA 
21044,3N6AD31A7SK819260,2025-04-01,,682,430056.02,981.48,2025,NUEVO 
21045,3N6AD35A1SK819376,2025-04-01,,682,429187.74,734.63,2025,NUEVO 
21046,3N6AD35A5SK819445,2025-04-01,,682,429187.75,366.96,2025,NUEVO 
21047,3N6AD35A6SK819325,2025-04-01,,682,429187.74,1346.82,2025,NUEVO 
21048,3N6AD35A8SK820492,2025-04-01,,682,429187.74,244.64,2025,NUEVO 
21049,3N6AD35A9SK821439,2025-04-01,,682,429187.74,122.32,2025,NUEVO 
21050,3N6AD35A7SK821617,2025-04-01,,682,429187.74,122.32,2025,NUEVO 
21051,3N6AD31A0RK860811,2025-04-01,,682,418746.90,1194.59,2024,FLOTILLA 
21052,3N6AD31A5RK860884,2025-04-01,,682,418746.90,1194.59,2024,FLOTILLA 
21053,3N6AD31A9RK860662,2025-04-01,,682,418746.90,1194.59,2024,FLOTILLA 
21054,3N6AD35A1RK861301,2025-04-01,,682,413537.75,943.79,2024,FLOTILLA 
21055,3N6CD35AXRK832503,2025-04-01,,682,435164.58,372.43,2024,NUEVO 
21056,3N6AD35A6RK842436,2025-04-01,,682,409196.45,2764.63,2024,DEMO 
21057,3N6AD35A5RK840659,2025-04-01,,682,409196.45,747.92,2024,DEMO 
21058,3N6AD35A9RK849638,2025-04-01,,682,413537.74,4045.78,2024,FLOTILLA 
21059,3N6AD35A8RK853440,2025-04-01,,682,413537.74,4045.78,2024,FLOTILLA 
21060,3N6AD35A2RK856124,2025-04-01,,682,413537.75,4045.78,2024,FLOTILLA 
21061,3N6AD35A3RK859016,2025-04-01,,682,404855.00,3947.34,2024,FLOTILLA 
21062,3N6CD35AXRK864528,2025-04-01,,682,439402.63,4284.18,2024,FLOTILLA 
21063,3N6AD35A2RK859380,2025-04-01,,682,419615.56,3947.88,2024,FLOTILLA 
21064,3N6AD35A3PK809598,2025-04-01,,682,287600.00,2703.44,2023,SEMINUEVOS 
21065,3N6AD35A9RK865452,2025-04-01,,682,404855.00,3805.64,2024,FLOTILLA 
21066,3N6AD35A1RK864702,2025-04-01,,682,404855.00,3805.64,2024,FLOTILLA 
21067,3N6AD31A1RK842480,2025-04-01,,682,414406.18,4057.73,2024,NUEVO 
21068,3N6AD31A0RK854927,2025-04-01,,682,418746.90,25.51,2024,NUEVO 
21069,3N6AD35A3RK866435,2025-04-01,,682,419615.56,3870.95,2024,FLOTILLA 
21070,3N6AD31A4RK841131,2025-04-01,,682,414406.18,4057.73,2024,NUEVO 
21071,3N6AD31A8RK848227,2025-04-01,,682,418746.90,4180.49,2024,NUEVO 
21072,3N6AD31A9RK852724,2025-04-01,,682,418746.90,4180.49,2024,NUEVO 
21073,3N6AD31A3RK853044,2025-04-01,,682,418746.90,4180.49,2024,NUEVO 
21074,3N6AD31A8RK852780,2025-04-01,,682,418746.90,138.88,2024,NUEVO 
21075,3N6AD31AXRK854787,2025-04-01,,682,418746.90,4096.74,2024,NUEVO 
21076,3N6AD31A6RK856536,2025-04-01,,682,418746.90,4096.74,2024,NUEVO 
21077,3N6AD35A6RK865599,2025-04-01,,682,413537.75,4118.15,2024,NUEVO 
21078,3N6CD35A8RK828577,2025-04-01,,682,435164.57,1388.90,2024,NUEVO 
21079,3N6CD35AXRK832503,2025-04-01,,682,435164.58,3750.03,2024,NUEVO 
21080,3N6AD35A3RK864524,2025-04-01,,682,413537.75,397.28,2024,NUEVO 
21081,3N6AD35A4SK805195,2025-04-01,,682,429167.74,4184.39,2025,NUEVO 
21082,3N6AD35A5SK805268,2025-04-01,,682,429167.74,4184.39,2025,NUEVO 
21083,3N6AD35A3SK807312,2025-04-01,,682,429167.75,4037.75,2025,NUEVO 
21084,3N6AD31A3SK813164,2025-04-01,,682,430036.02,4042.34,2025,NUEVO 
21085,3N6AD35A0SK813388,2025-04-01,,682,429167.75,2151.56,2025,NUEVO 
21086,3N6AD35A4SK813586,2025-04-01,,682,429167.75,268.95,2025,NUEVO 
21087,3N6AD35A7SK812271,2025-04-01,,682,429167.74,3.21,2025,NUEVO 
21088,3N6AD35A7SK813887,2025-04-01,,682,429167.75,1479.20,2025,NUEVO 
21089,3N6AD35A6SK813847,2025-04-01,,682,429167.75,134.47,2025,NUEVO 
21090,3N6AD35A7SK814229,2025-04-01,,682,429167.75,131.97,2025,NUEVO 
21091,3N6AD35AXSK815973,2025-04-01,,682,429167.75,41.13,2025,NUEVO 
21092,3N6AD31AXSK815834,2025-04-01,,682,430036.02,1586.83,2025,NUEVO 
21093,LSJA36E95PZ117762,2025-04-01,,679,172500.00,774.09,2023,SEMINUEVOS 
21094,LSJA36E99PZ040409,2025-04-01,,679,172500.00,774.09,2023,SEMINUEVOS 
21095,LSJA36E98PZ036142,2025-04-01,,679,166900.00,1568.86,2023,SEMINUEVOS 
21096,LSJA36E92PZ041031,2025-04-01,,679,166900.00,1568.86,2023,SEMINUEVOS 
21097,3N1CK3CE6SL205671,2025-04-01,,678,262228.30,822.09,2025,FLOTILLA 
21098,3N1CK3CE8SL202464,2025-04-01,,678,262208.30,1150.22,2025,FLOTILLA 
21099,3N1CK3CE5SL202289,2025-04-01,,678,262208.30,1370.69,2025,FLOTILLA 
21100,3N1CK3CE2SL205408,2025-04-01,,678,281918.14,1688.92,2025,NUEVO 
21101,3N1CK3CE2SL205926,2025-04-01,,678,262228.30,523.15,2025,FLOTILLA 
21102,3N1CK3CE8SL206028,2025-04-01,,678,262228.30,523.15,2025,FLOTILLA 
21103,3N1CK3CE3SL205997,2025-04-01,,678,262228.30,523.15,2025,FLOTILLA 
21104,3N1CK3CE1SL206081,2025-04-01,,678,281918.14,482.08,2025,FLOTILLA 
21105,3N1CK3CE3SL206079,2025-04-01,,678,262228.30,448.41,2025,FLOTILLA 
21106,3N1CK3CE6SL206075,2025-04-01,,678,262228.30,448.41,2025,FLOTILLA 
21107,3N1CK3CE1RL228558,2025-04-01,,678,276425.26,1733.19,2024,FLOTILLA 
21108,3N1CK3CE7SL206098,2025-04-01,,678,307873.14,965.18,2025,NUEVO 
21109,3N1CK3CE6SL205881,2025-04-01,,678,262228.30,448.41,2025,FLOTILLA 
21110,3N1CK3CEXRL232561,2025-04-01,,678,256734.26,219.51,2024,FLOTILLA 
21111,3N1CK3CE2SL206140,2025-04-01,,678,262228.30,373.68,2025,FLOTILLA 
21112,3N1CK3CE5SL206066,2025-04-01,,678,262228.30,373.68,2025,FLOTILLA 
21113,3N1CK3CE1SL206193,2025-04-01,,678,262228.30,298.94,2025,FLOTILLA 
21114,3N1CK3CE9SL206281,2025-04-01,,678,262228.30,224.21,2025,FLOTILLA 
21115,3N1CK3CE8SL206286,2025-04-01,,678,262228.30,224.21,2025,FLOTILLA 
21116,3N1CK3CE2NL219961,2025-04-01,,678,163800.00,466.83,2022,SEMINUEVOS 
21117,3N1CK3CE8SL206353,2025-04-01,,678,281918.14,160.69,2025,FLOTILLA 
21118,3N1CK3CE0SL206380,2025-04-01,,678,262228.30,149.47,2025,FLOTILLA 
21119,3N1CK3CE5SL206343,2025-04-01,,678,262228.30,149.47,2025,FLOTILLA 
21120,3N1CK3CE2SL206350,2025-04-01,,678,262228.30,149.47,2025,FLOTILLA 
21121,3N1CK3CE4SL206351,2025-04-01,,678,262228.30,149.47,2025,FLOTILLA 
21122,3N1CK3CE3SL206342,2025-04-01,,678,262228.30,149.47,2025,FLOTILLA 
21123,3N1CK3CE2SL206378,2025-04-01,,678,262228.30,74.74,2025,FLOTILLA 
21124,3N1CK3CE5SL206374,2025-04-01,,678,262228.30,74.74,2025,FLOTILLA 
21125,3N1CK3CE8SL206384,2025-04-01,,678,262228.30,74.74,2025,FLOTILLA 
21126,3N1CK3CE0SL206394,2025-04-01,,678,262228.30,74.74,2025,FLOTILLA 
21127,3N1CK3CE5SL206388,2025-04-01,,678,262228.30,74.74,2025,FLOTILLA 
21128,3N1CK3CE7SL206389,2025-04-01,,678,262228.30,74.74,2025,FLOTILLA 
21129,3N1CK3CE0SL203513,2025-04-01,,678,262208.30,1971.57,2025,FLOTILLA 
21130,3N1CK3CE1SL205724,2025-04-01,,678,307873.14,1052.93,2025,NUEVO 
21131,3N1CK3CE2SL205943,2025-04-01,,678,281918.14,803.47,2025,NUEVO 
21132,3N1CK3CE3SL205594,2025-04-01,,678,287288.94,1065.44,2025,NUEVO 
21133,3N1CK3CEXSL206046,2025-04-01,,678,262228.30,523.15,2025,NUEVO 
21134,3N1CK3CE5SL206102,2025-04-01,,678,307873.14,614.21,2025,NUEVO 
21135,3N1CK3CE8SL206188,2025-04-01,,678,281918.14,321.39,2025,NUEVO 
21136,3N1CK3CD4LL209209,2025-04-01,,678,151400.00,1087.05,2020,SEMINUEVOS 
21137,3N1CK3CD5LL202219,2025-04-01,,678,135800.00,893.79,2020,SEMINUEVOS 
21138,3N1CK3CE6SL206299,2025-04-01,,678,307873.14,175.49,2025,NUEVO 
21139,3N1CK3CE1RL228558,2025-04-01,,678,276425.26,630.86,2024,FLOTILLA 
21140,3N1CK3CE3SL204042,2025-04-01,,678,287268.94,245.85,2025,FLOTILLA 
21141,3N1CK3CE2SL201858,2025-04-01,,678,262208.30,224.41,2025,FLOTILLA 
21142,3N1CK3CE3SL200119,2025-04-01,,678,262208.30,224.41,2025,FLOTILLA 
21143,3N1CK3CE4SL200811,2025-04-01,,678,262208.30,224.41,2025,FLOTILLA 
21144,3N1CK3CE6SL200874,2025-04-01,,678,262208.30,224.41,2025,FLOTILLA 
21145,3N1CK3CE8SL200178,2025-04-01,,678,262208.30,224.41,2025,FLOTILLA 
21146,3N1CK3CE8SL201914,2025-04-01,,678,262208.30,224.41,2025,FLOTILLA 
21147,3N1CK3CE9SL201873,2025-04-01,,678,262208.30,224.41,2025,FLOTILLA 
21148,3N1CN8AE2SK603666,2025-04-01,,704,369485.38,1158.34,2025,FLOTILLA 
21149,3N1CN8AE9SK602725,2025-04-01,,704,336420.46,1551.74,2025,FLOTILLA 
21150,3N1CN8AE4SK601529,2025-04-01,,704,336420.46,1551.74,2025,FLOTILLA 
21151,3N1CN8AE7SK604862,2025-04-01,,704,369485.38,2002.71,2025,NUEVO 
21152,3N1CN8AE3SK603384,2025-04-01,,704,369485.38,1686.50,2025,NUEVO 
21153,3N1CN8AE6SK605467,2025-04-01,,704,369485.38,1686.50,2025,NUEVO 
21154,3N1CN8AE4SK605242,2025-04-01,,704,369485.38,1686.50,2025,NUEVO 
21155,3N1CN8AE1SK605215,2025-04-01,,704,369485.38,1475.68,2025,NUEVO 
21156,3N1CN8AE2SK605482,2025-04-01,,704,369485.38,1686.50,2025,NUEVO 
21157,3N1CN8AE0SK605500,2025-04-01,,704,369485.38,1475.68,2025,NUEVO 
21158,3N1CN8AE7SK608555,2025-04-01,,704,336440.46,479.43,2025,FLOTILLA 
21159,3N1CN8AEXRL887214,2025-04-01,,704,240200.00,2053.71,2024,SEMINUEVOS 
21160,3N1CN8AE3RL813973,2025-04-01,,704,313200.00,2677.86,2024,SEMINUEVOS 
21161,3N1CN8AE4NL841002,2025-04-01,,704,218400.00,62.24,2022,SEMINUEVOS 
21162,3N1CN8AE4SK608528,2025-04-01,,704,321224.74,274.65,2025,FLOTILLA 
21163,3N1CN8AEXSK608579,2025-04-01,,704,321224.74,274.65,2025,FLOTILLA 
21164,3N1CN8AE0NL827601,2025-04-01,,704,218400.00,1755.50,2022,SEMINUEVOS 
21165,3N1CN7ADXKK405984,2025-04-01,,704,147300.00,507.53,2019,SEMINUEVOS 
21166,3N1CN8AE5SK598981,2025-04-01,,704,336420.46,3019.37,2025,FLOTILLA 
21167,3N1CN8AE1SK598959,2025-04-01,,704,336420.46,3019.37,2025,FLOTILLA 
21168,3N1CN8AE8SK599185,2025-04-01,,704,336420.46,3019.37,2025,FLOTILLA 
21169,3N1CN8AE2SK604610,2025-04-01,,704,321224.74,1729.80,2025,FLOTILLA 
21170,3N1CN8AE0SK591601,2025-04-01,,704,355215.94,3081.79,2025,FLOTILLA 
21171,3N1CN8AE2RK615908,2025-04-01,,704,331050.82,2872.14,2024,FLOTILLA 
21172,3N1CN8AE1SK606557,2025-04-01,,704,336440.46,767.08,2025,NUEVO 
21173,3N1CN8AE0SK608848,2025-04-01,,704,321224.74,91.55,2025,NUEVO 
21174,3N1CN8AE0SK608784,2025-04-01,,704,369485.38,105.30,2025,NUEVO 
21175,3N1CN8AE0SK608820,2025-04-01,,704,321224.74,91.55,2025,NUEVO 
21176,3N1CN8AE7RL887025,2025-04-01,,704,280100.00,2011.12,2024,SEMINUEVOS 
21177,3N1CN7AE6SK390103,2025-04-01,,704,200100.00,239.45,2025,SEMINUEVOS 
21178,3N1CN7AD5KK435958,2025-04-01,,704,145900.00,392.84,2019,SEMINUEVOS 
21179,3N1CN8AE4SK605287,2025-04-01,,704,384550.30,876.77,2025,NUEVO 
21180,3N1CN8AE2SK606826,2025-04-01,,704,321224.74,732.39,2025,NUEVO 
21181,3N1CN8AE1SL849974,2025-04-01,,704,384550.30,438.39,2025,NUEVO 
21182,3N1CN8AE1SK608891,2025-04-01,,704,355235.94,101.24,2025,NUEVO 
21183,3N1CN8AE5SK604276,2025-04-01,,704,336440.46,767.08,2025,NUEVO 
21184,3N1CN8AE7SK603131,2025-04-01,,704,321224.74,457.75,2025,NUEVO 
21185,3N1CN8AE6SK601869,2025-04-01,,704,336440.46,767.08,2025,NUEVO 
21186,3N1CN8AE7SK606790,2025-04-01,,704,336440.46,1054.74,2025,NUEVO 
21187,3N1CN8AE6SK606506,2025-04-01,,704,321224.74,1007.04,2025,NUEVO 
21188,3N1CN8AE5SK606707,2025-04-01,,704,321224.74,1007.04,2025,NUEVO 
21189,3N1CN8AE6SK605176,2025-04-01,,704,355235.94,418.49,2025,NUEVO 
21190,3N1CN8AE4SK607007,2025-04-01,,704,355235.94,809.94,2025,NUEVO 
21191,3N1CN8AE6SK607428,2025-04-01,,704,336440.46,479.43,2025,NUEVO 
21192,3N1CN8AE6SK607753,2025-04-01,,704,384550.30,328.79,2025,NUEVO 
21193,3N1CN8AE5SK607680,2025-04-01,,704,336440.46,287.66,2025,NUEVO 
21194,3N1CN8AE7SK607020,2025-04-01,,704,336440.46,767.08,2025,NUEVO 
21195,3N1CN8AE9SK605530,2025-04-01,,704,321224.74,1007.04,2025,NUEVO 
21196,3N1CN8AE9SK606659,2025-04-01,,704,355235.94,506.21,2025,NUEVO 
21197,3N1CN8AE8SK608029,2025-04-01,,704,321224.74,274.65,2025,NUEVO 
21198,3N1CN8AE7SL850093,2025-04-01,,704,398592.10,340.80,2025,NUEVO 
21199,3N1CN8AE9SK608704,2025-04-01,,704,384550.30,219.19,2025,NUEVO 
21200,3N1CN8AE8SK608869,2025-04-01,,704,321224.74,91.55,2025,NUEVO 
21201,3N1CN8AE8SK609259,2025-04-01,,704,336440.46,95.89,2025,NUEVO 
21202,3N1CN8AE8SK609102,2025-04-01,,704,321224.74,91.55,2025,NUEVO 
21203,3N1CN8AEXSK607772,2025-04-01,,704,321224.74,732.39,2025,NUEVO 
21204,3N1CN8AE9PL823498,2025-04-01,,704,217900.00,1434.15,2023,SEMINUEVOS 
21205,3N1CN8AE2SK598212,2025-04-01,,704,336420.46,1439.60,2025,FLOTILLA 
21206,3N1CN8AE6SK607364,2025-04-01,,704,336440.46,479.89,2025,FLOTILLA 
21207,3N1CN8AE8SK607706,2025-04-01,,704,336440.46,479.89,2025,FLOTILLA 
21208,3N1CN8AE4RL902631,2025-04-01,,704,323890.14,1184.80,2024,NUEVO 
21209,3N1CN8AE3RK610670,2025-04-01,,704,315836.26,3142.57,2024,NUEVO 
21210,3N1CN8AE4RL908686,2025-04-01,,704,323890.14,3115.28,2024,FLOTILLA 
21211,3N1CN8AE6RK620979,2025-04-01,,704,346426.62,2062.39,2024,NUEVO 
21212,3N1CN8AE2SK590773,2025-04-01,,704,336420.46,3280.10,2025,NUEVO 
21213,3N1CN8AE1SK593471,2025-04-01,,704,321204.74,101.27,2025,NUEVO 
21214,3N1CN8AE6SK594521,2025-04-01,,704,369465.38,3494.53,2025,NUEVO 
21215,3N1CN8AE0SK591601,2025-04-01,,704,355215.94,111.40,2025,FLOTILLA 
21216,3N1CN8AE3SK597313,2025-04-01,,704,321204.74,3022.00,2025,NUEVO 
21217,3N1CN8AE2SK597335,2025-04-01,,704,321204.74,3022.00,2025,NUEVO 
21218,3N1CN8AE2SK598212,2025-04-01,,704,336420.46,1582.58,2025,NUEVO 
21219,3N1CN8AE5SK598169,2025-04-01,,704,369465.38,3476.05,2025,NUEVO 
21220,3N1CN8AE7SK590512,2025-04-01,,704,336420.46,3280.10,2025,NUEVO 
21221,3N1CN8AE8SK594794,2025-04-01,,704,321204.74,2326.55,2025,NUEVO 
21222,3N1CN8AE8SK598182,2025-04-01,,704,336420.46,3165.16,2025,NUEVO 
21223,3N1CN8AEXSK596143,2025-04-01,,704,369465.38,3476.05,2025,NUEVO 
21224,3N1CN8AEXSK599267,2025-04-01,,704,369465.38,115.77,2025,NUEVO 
21225,3N1CN8AE8RK602984,2025-04-01,,704,326575.54,3012.66,2024,FLOTILLA 
21226,3N1CN8AE3SK603210,2025-04-01,,704,321204.74,2469.26,2025,FLOTILLA 
21227,3N1CN8AE7SK603209,2025-04-01,,704,321204.74,2765.57,2025,FLOTILLA 
21228,3N1CN8AE3SK604230,2025-04-01,,704,369465.38,3408.32,2025,NUEVO 
21229,3N1CN8AE2RK615908,2025-04-01,,704,331050.82,94.44,2024,FLOTILLA 
21230,3N1CN8AE0SK601043,2025-04-01,,704,321204.74,2339.95,2025,NUEVO 
21231,3N1CN8AE3SK594962,2025-04-01,,704,336420.46,3162.35,2025,NUEVO 
21232,3N1CN8AE2SK600511,2025-04-01,,704,369465.38,2337.01,2025,NUEVO 
21233,3N1CN8AE3SK600856,2025-04-01,,704,369465.38,1696.19,2025,NUEVO 
21234,3N1CN8AE1SK603111,2025-04-01,,704,321204.74,2370.49,2025,FLOTILLA 
21235,3N1CN8AE5SK600227,2025-04-01,,704,336420.46,3162.35,2025,NUEVO 
21236,3N1CN8AE3SL841410,2025-04-01,,704,398572.10,3746.58,2025,NUEVO 
21237,3N1CN8AE6SK600608,2025-04-01,,704,355215.94,1131.61,2025,NUEVO 
21238,3N1CN8AE5SK603242,2025-04-01,,704,321204.74,2370.49,2025,FLOTILLA 
21239,3N1CN8AE4SK603488,2025-04-01,,704,369465.38,3181.10,2025,NUEVO 
21240,3N1CN8AE4SK603958,2025-04-01,,704,355215.94,3167.64,2025,NUEVO 
21241,3N1CN8AE9SK598286,2025-04-01,,704,369465.38,3472.97,2025,NUEVO 
21242,3N1CN8AE9SK599941,2025-04-01,,704,369465.38,3472.97,2025,NUEVO 
21243,3N1CN8AE7SL841409,2025-04-01,,704,384530.30,3512.95,2025,NUEVO 
21244,3N1CN8AE9SK600358,2025-04-01,,704,336420.46,3162.35,2025,NUEVO 
21245,3N1CN8AE7SK600830,2025-04-01,,704,369465.38,3472.97,2025,NUEVO 
21246,3N1CN8AE8SK601128,2025-04-01,,704,321204.74,2963.11,2025,NUEVO 
21247,3N1CN8AE9SL841153,2025-04-01,,704,398572.10,3676.83,2025,NUEVO 
21248,3N1CN8AE9SK604006,2025-04-01,,704,384530.30,3429.05,2025,NUEVO 
21249,3N1CN8AE4SK603510,2025-04-01,,704,369485.38,1897.31,2025,FLOTILLA 
21250,3N1CN8AE4LL865037,2025-04-01,,704,154800.00,176.47,2020,SEMINUEVOS 
21251,3N1CN8AE6SK603136,2025-04-01,,704,384530.30,3192.56,2025,NUEVO 
21252,3N1CN8AE8SK603834,2025-04-01,,704,321204.74,2271.72,2025,NUEVO 
21253,3N1CN8AE4SK603667,2025-04-01,,704,321204.74,2271.72,2025,NUEVO 
21254,3N1CN8AE2SK603585,2025-04-01,,704,369465.38,568.05,2025,NUEVO 
21255,3N1CN8AE1SK604405,2025-04-01,,704,369485.38,2424.34,2025,NUEVO 
21256,3N1CN8AEXSK604449,2025-04-01,,704,355235.94,2330.84,2025,NUEVO 
21257,MEX5N2603NT036966,2025-04-01,,703,181200.00,1671.57,2022,SEMINUEVOS 
21258,3N1CN7AE5SK393610,2025-04-01,,702,272894.50,1167.76,2025,FLOTILLA 
21259,3N1CN7AE4SK393663,2025-04-01,,702,272894.50,1167.76,2025,FLOTILLA 
21260,3N1CN7AE4SK393646,2025-04-01,,702,272894.50,1167.76,2025,FLOTILLA 
21261,3N1CN7AE6SK393664,2025-04-01,,702,272894.50,1167.76,2025,FLOTILLA 
21262,3N1CN7AEXSK393635,2025-04-01,,702,272894.50,1167.76,2025,FLOTILLA 
21263,3N1CN7AE4RK398081,2025-04-01,,702,264820.62,1811.37,2024,FLOTILLA 
21264,3N1CN7AE0SK393630,2025-04-01,,702,272894.50,467.10,2025,FLOTILLA 
21265,3N1CN7AE3SK393606,2025-04-01,,702,272894.50,77.77,2025,FLOTILLA 
21266,3N1CN7AE8SK394881,2025-04-01,,702,272894.50,311.10,2025,NUEVO 
21267,3N1CN7AE4SK394845,2025-04-01,,702,272894.50,155.55,2025,NUEVO 
21268,3N1CN7AE1SK395046,2025-04-01,,702,272894.50,155.55,2025,NUEVO 
21269,3N1CN7AE6SK395060,2025-04-01,,702,272894.50,155.55,2025,NUEVO 
21270,3N1CN7AE4RK398081,2025-04-01,,702,264820.62,453.28,2024,FLOTILLA 
21271,3N1CN7AE1RK399558,2025-04-01,,702,264820.62,1789.19,2024,DEMO 
21272,3N1CN7AE0RK413224,2025-04-01,,702,272874.50,1156.84,2024,NUEVO 
21273,3N1CN7AE5RK413168,2025-04-01,,702,272874.50,2567.29,2024,FLOTILLA 
21274,3N1CN7AE9RK407745,2025-04-01,,702,268400.38,2522.96,2024,FLOTILLA 
21275,3N1CN7AE1RK409652,2025-04-01,,702,268400.38,2522.96,2024,FLOTILLA 
21276,3N1CN7AE0RK413367,2025-04-01,,702,272874.50,2565.02,2024,FLOTILLA 
21277,3N1CN7AE2RK413547,2025-04-01,,702,272874.50,2565.02,2024,FLOTILLA 
21278,3N1CN7AEXRK413649,2025-04-01,,702,272874.50,2565.02,2024,FLOTILLA 
21279,3N1CN7AE6RK408299,2025-04-01,,702,268400.38,2522.96,2024,FLOTILLA 
21280,3N1CN7AE8RK409549,2025-04-01,,702,268400.38,2522.96,2024,FLOTILLA 
21281,3N1CN7AE3RK412343,2025-04-01,,702,272874.50,2565.02,2024,FLOTILLA 
21282,3N1CN7AE0SK391120,2025-04-01,,702,272874.50,85.50,2025,NUEVO 
21283,3N1CN7AE1SK391059,2025-04-01,,702,272874.50,1174.72,2025,NUEVO 
21284,3N1CN7AE4SK391606,2025-04-01,,702,272874.50,2517.27,2025,NUEVO 
21285,3N1CN7AE9SK392041,2025-04-01,,702,272874.50,2335.35,2025,FLOTILLA 
21286,3N1CN7AE9SK392038,2025-04-01,,702,272874.50,2335.35,2025,FLOTILLA 
21287,JN6BE6CS3S9120767,2025-04-01,,701,527756.73,451.67,2025,NUEVO 
21288,JN6BE6CS2S9120274,2025-04-01,,701,529432.89,302.07,2025,NUEVO 
21289,JN6BE6CS4S9120583,2025-04-01,,701,529432.89,302.07,2025,NUEVO 
21290,JN6BE6CS5S9121290,2025-04-01,,701,529432.89,604.14,2025,NUEVO 
21291,JN6BE6CS3S9120784,2025-04-01,,701,527756.73,150.56,2025,NUEVO 
21292,JN6BE6CS3S9120798,2025-04-01,,701,527756.73,150.56,2025,NUEVO 
21293,JN6BE6CS5S9120527,2025-04-01,,701,527756.73,150.56,2025,NUEVO 
21294,JN6BE6CSXS9121771,2025-04-01,,701,527756.73,150.56,2025,NUEVO 
21295,JN6BE6CS2N9066821,2025-04-01,,701,380400.00,108.52,2022,SEMINUEVOS 
21296,JN6BE6CS5R9100840,2025-04-01,,701,521032.30,5080.06,2024,FLOTILLA 
21297,JN6BE6CSXR9100512,2025-04-01,,701,521032.30,5080.06,2024,FLOTILLA 
21298,JN6BE6CS9R9099840,2025-04-01,,701,524384.25,3782.41,2024,FLOTILLA 
21299,JN1BE6DS0R9105397,2025-04-01,,701,664744.87,6503.42,2024,NUEVO 
21300,9FB5R2VD1PM318721,2025-04-01,,697,228300.00,778.73,2023,SEMINUEVOS 
21301,9FB5R2VD5PM325185,2025-04-01,,697,228300.00,759.73,2023,SEMINUEVOS 
21302,3N1AB8AE3PY212045,2025-04-01,,694,310000.00,2208.75,2023,SEMINUEVOS 
21303,3N1AB8AE2PY213395,2025-04-01,,694,310000.00,2650.50,2023,SEMINUEVOS 
21304,3N1AB8AE1PY202369,2025-04-01,,694,280800.00,2400.84,2023,SEMINUEVOS 
21305,3N1AB8AE8RY328375,2025-04-01,,694,303500.00,2594.93,2024,SEMINUEVOS 
21306,3N1AB7ADXJL622377,2025-04-01,,694,150000.00,1026.00,2018,SEMINUEVOS 
21307,3N1AB8AEXNY280453,2025-04-01,,694,257600.00,2202.48,2022,SEMINUEVOS 
21308,3N1AB8AE4RY269714,2025-04-01,,694,272500.00,2329.88,2024,SEMINUEVOS 
21309,3N1AB8AE0SY296611,2025-04-01,,694,366701.10,3291.14,2025,FLOTILLA 
21310,3N1AB8AE3SY314390,2025-04-01,,694,366721.10,548.55,2025,FLOTILLA 
21311,3N1AB8AE9SY312983,2025-04-01,,694,401075.66,114.42,2025,NUEVO 
21312,3N1AB7AD3KY388118,2025-04-01,,694,152000.00,727.57,2019,SEMINUEVOS 
21313,3N1AB8AE8RY337674,2025-04-01,,694,361200.00,2377.30,2024,SEMINUEVOS 
21314,3N1AB8AE9MY277252,2025-04-01,,694,230600.00,1517.73,2021,SEMINUEVOS 
21315,3N1AB8AEXSY297541,2025-04-01,,694,466504.02,3070.37,2025,FLOTILLA 
21316,3N1AB8AE4SY269640,2025-04-01,,694,382024.70,1634.75,2025,FLOTILLA 
21317,3N1AB8AE7SY274346,2025-04-01,,694,416170.46,1780.86,2025,FLOTILLA 
21318,3N1AB8AE1RY394332,2025-04-01,,694,393122.42,3506.04,2024,DEMO 
21319,3N1AB8AE6SY247610,2025-04-01,,694,397390.06,2797.52,2025,NUEVO 
21320,3N1AB8AE0SY267545,2025-04-01,,694,382024.70,546.92,2025,NUEVO 
21321,3N1AB8AE4SY267614,2025-04-01,,694,382024.70,3804.33,2025,NUEVO 
21322,3N1AB8AE7SY238110,2025-04-01,,694,363235.02,118.46,2025,NUEVO 
21323,3N1AB8AE2SY269572,2025-04-01,,694,397390.06,2783.98,2025,NUEVO 
21324,3N1AB8AE2SY250097,2025-04-01,,694,477832.58,4184.41,2025,NUEVO 
21325,3N1AB8AE9SY244202,2025-04-01,,694,382024.70,3724.74,2025,NUEVO 
21326,3N1AB8AE2SY267966,2025-04-01,,694,397390.06,3874.55,2025,NUEVO 
21327,3N1AB8AE2SY262038,2025-04-01,,694,382024.70,3724.74,2025,NUEVO 
21328,3N1AB8AE1SY269045,2025-04-01,,694,382024.70,3724.74,2025,NUEVO 
21329,3N1AB8AE4SY285269,2025-04-01,,694,401055.66,1727.15,2025,NUEVO 
21330,3N1AB8AE6SY285001,2025-04-01,,694,401055.66,3773.27,2025,NUEVO 
21331,MK2L6Y1Y5PN004688,2025-04-01,,860,256900.00,2198.64,2023,SEMINUEVOS 
21332,TMCJB3UEXNJ044087,2025-04-01,,854,412500.00,3526.88,2022,SEMINUEVOS 
21333,WV1DLY7HXJH138494,2025-04-01,,853,275800.00,1100.44,2018,SEMINUEVOS 
21334,JTMY23FV6KJ019408,2025-04-01,,848,342800.00,2344.75,2019,SEMINUEVOS 
21335,MMEMC71X1LH005370,2025-04-01,,840,433800.00,4077.72,2020,SEMINUEVOS 
21336,3KPFC4AA8RE037513,2025-04-01,,831,255900.00,2187.95,2024,SEMINUEVOS 
21337,JE4LS51A2LZ008571,2025-04-01,,824,314200.00,2686.41,2020,SEMINUEVOS 
21338,JM3KFADL1P0173528,2025-04-01,,822,366500.00,2193.50,2023,SEMINUEVOS 
21339,1HGRW1891KL910774,2025-04-01,,821,355300.00,2952.79,2019,SEMINUEVOS 
21340,1HGRW1894KL912891,2025-04-01,,821,355300.00,2952.79,2019,SEMINUEVOS 
21341,LSJA24W93MN017068,2025-04-01,,816,279100.00,238.63,2021,SEMINUEVOS 
21342,3MZBPCCL8MM205951,2025-04-01,,815,205400.00,1697.63,2021,SEMINUEVOS 
21343,VR3UPHNL2PT000622,2025-04-01,,814,263000.00,1513.25,2023,SEMINUEVOS 
21344,3HGRU5894LM000775,2025-04-01,,777,268200.00,2523.32,2020,SEMINUEVOS 
21345,JN8AT3MT6RW014162,2025-04-01,,706,518900.00,4436.60,2024,SEMINUEVOS 
21346,JN8BT27TXJW084956,2025-04-01,,706,231600.00,924.08,2018,SEMINUEVOS 
21347,JN8AT3MT6RW012492,2025-04-01,,706,461200.00,3943.26,2024,SEMINUEVOS 
21348,JN8CT3MT5SW008447,2025-04-01,,706,766671.71,6880.88,2025,FLOTILLA 
21349,JN8CT3MT2SW009443,2025-04-01,,706,766671.71,6880.88,2025,FLOTILLA 
21350,JN8CT3MT1SW009613,2025-04-01,,706,766671.71,6880.88,2025,FLOTILLA 
21351,JN8CT3MTXSW009447,2025-04-01,,706,766671.71,6192.79,2025,FLOTILLA 
21352,JN8CT3MT4SW010044,2025-04-01,,706,766671.71,1376.18,2025,FLOTILLA 
21353,JN8CT3MT8RW005701,2025-04-01,,706,567700.00,4076.09,2024,SEMINUEVOS 
21354,JN8AT3MT4RW018663,2025-04-01,,706,548600.00,3938.95,2024,SEMINUEVOS 
21355,JN8AT3MT3PW000975,2025-04-01,,706,478600.00,3436.35,2023,SEMINUEVOS 
21356,JN8CT3MT8RW005696,2025-04-01,,706,627600.00,4506.17,2024,SEMINUEVOS 
21357,JN8CT3MT9SW009388,2025-04-01,,706,766691.71,1749.76,2025,FLOTILLA 
21358,JN8CT3MT8SW009348,2025-04-01,,706,766691.71,1749.76,2025,FLOTILLA 
21359,JN8CT3MT4SW009797,2025-04-01,,706,766691.71,1749.76,2025,FLOTILLA 
21360,JN8AT3MT7SW045359,2025-04-01,,706,670922.70,802.87,2025,NUEVO 
21361,JN8AT3ML5PW000766,2025-04-01,,706,445000.00,2928.84,2023,SEMINUEVOS 
21362,JN8CT3MT1SW009322,2025-04-01,,706,846752.06,1519.92,2025,FLOTILLA 
21363,JN8AT3MT4RW013320,2025-04-01,,706,548600.00,3446.58,2024,SEMINUEVOS 
21364,JN8AT3MT8RW019220,2025-04-01,,706,548600.00,3446.58,2024,SEMINUEVOS 
21365,JN8AT3MT7RW012453,2025-04-01,,706,548600.00,2891.64,2024,SEMINUEVOS 
21366,JN8AT3MT7SW045359,2025-04-01,,706,670922.70,3612.92,2025,FLOTILLA 
21367,JN8AT3MT1SW035409,2025-04-01,,706,693870.58,4574.73,2025,DEMO 
21368,JN8AT3MT0SW035451,2025-04-01,,706,693870.58,951.18,2025,DEMO 
21369,JN8AT3MT5RW011950,2025-04-01,,706,527400.00,1798.95,2024,SEMINUEVOS 
21370,JN8AT3MT4RW017464,2025-04-01,,706,556500.00,2812.95,2024,SEMINUEVOS 
21371,JN8AT3MT4SW043097,2025-04-01,,706,618791.93,776.24,2025,FLOTILLA 
21372,JN8CT3MT4SW009492,2025-04-01,,706,846752.06,7959.47,2025,FLOTILLA 
21373,JN8CT3MT3SW008317,2025-04-01,,706,846752.05,2918.47,2025,FLOTILLA 
21374,JN8CT3MTXRW004436,2025-04-01,,706,571400.00,5371.16,2024,SEMINUEVOS 
21375,JN8BT27T8HW037399,2025-04-01,,706,210500.00,1978.70,2017,SEMINUEVOS 
21376,JN8AT3MT8SW038615,2025-04-01,,706,618791.93,6162.14,2025,NUEVO 
21377,JN8AT3MT6SW039584,2025-04-01,,706,584356.48,5716.95,2025,NUEVO 
21378,JN8CT3MT9SW007642,2025-04-01,,706,758752.22,7220.79,2025,NUEVO 
21379,JN8CT3MT0SW007951,2025-04-01,,706,846752.06,7889.85,2025,NUEVO 
21380,JN8CT3MTXSW008055,2025-04-01,,706,766671.71,7653.94,2025,NUEVO 
21381,JN8CT3MT6SW008005,2025-04-01,,706,846752.05,6790.90,2025,DEMO 
21382,JN8CT3MT9SW008046,2025-04-01,,706,846752.05,7044.51,2025,DEMO 
21383,JN8CT3MT4SW008844,2025-04-01,,706,846752.06,8453.41,2025,NUEVO 
21384,JN8CT3MT9SW008872,2025-04-01,,706,766671.71,6561.25,2025,NUEVO 
21385,JN8CT3MTXSW009190,2025-04-01,,706,846752.05,8255.83,2025,NUEVO 
21386,JN8AT3MT9SW043435,2025-04-01,,706,668297.62,6515.90,2025,NUEVO 
21387,JN8CT3MT9SW009018,2025-04-01,,706,846752.05,23.70,2025,NUEVO 
21388,JN8CT3MTXSW009609,2025-04-01,,706,846752.06,8008.86,2025,NUEVO 
21389,JN8CT3MT6SW009607,2025-04-01,,706,846752.05,22.86,2025,NUEVO 
21390,JN8CT3MT9SW009486,2025-04-01,,706,846752.06,7966.53,2025,NUEVO 
21391,JN8CT3MT1SW009322,2025-04-01,,706,846752.06,2124.41,2025,FLOTILLA 
21392,JN8AT3ML8PW000972,2025-04-01,,706,467400.00,1293.53,2025,SEMINUEVOS 
21393,JN8CT3MT9SW009469,2025-04-01,,706,766671.71,3122.91,2025,NUEVO 
21394,JN8CT3MT8SW009768,2025-04-01,,706,766671.71,1414.51,2025,NUEVO 
21395,JN8CT3MT3SW010049,2025-04-01,,706,766671.71,1414.51,2025,NUEVO 
21396,JN8CT3MT8SW009947,2025-04-01,,706,766671.71,1414.51,2025,NUEVO 
21397,JN8CT3MT9SW009536,2025-04-01,,706,846752.06,7239.73,2025,FLOTILLA 
21398,JN8AT3MT9PW010068,2025-04-01,,706,482200.00,4122.81,2023,SEMINUEVOS 
21399,JN8CT3MT8PW000298,2025-04-01,,706,543700.00,4648.64,2023,SEMINUEVOS 
21400,JN8AT3MT4SW045609,2025-04-01,,706,670922.70,4951.41,2025,FLOTILLA 
21401,1N4BL4AP7PN341286,2025-10-01,,650,345000.00,1942.57,2023,SEMINUEVOS 
21402,1N4BL4AP7PN341286,2025-09-01,1692,650,345000.00,2853.89,2023,SEMINUEVOS 
21403,ML3ABW6J9NH003783,2025-10-01,,651,162400.00,826.51,2022,SEMINUEVOS 
21404,ML3ABT6J5RH003946,2025-10-01,,651,184900.00,541.81,2024,SEMINUEVOS 
21405,ML3ABW6J9NH003783,2025-09-01,1681,651,162400.00,1408.96,2022,SEMINUEVOS 
21406,LSGHD52H0ND067032,2025-10-01,,652,149900.00,1390.20,2022,SEMINUEVOS 
21407,LSGHD52H6ND038702,2025-10-01,,652,149900.00,1076.28,2022,SEMINUEVOS 
21408,LSGHD52H9ND041187,2025-10-01,,652,162000.00,1141.92,2022,SEMINUEVOS 
21409,LSGHD52H4JD095023,2025-10-01,,652,119600.00,843.05,2018,SEMINUEVOS 
21410,LSGHD52H8LD071519,2025-10-01,,652,127400.00,1069.38,2020,SEMINUEVOS 
21411,LSGHD52H9LD108254,2025-10-01,,652,126900.00,135.22,2020,SEMINUEVOS 
21412,LSGHD52H1LD032576,2025-10-01,,652,126900.00,135.22,2020,SEMINUEVOS 
21413,LSGHD52H6ND038702,2025-09-01,1681,652,149900.00,1300.51,2022,SEMINUEVOS 
21414,LSGHD52H9ND113781,2025-09-01,1775,652,149900.00,997.58,2022,SEMINUEVOS 
21415,LSGHD52H0MD121606,2025-09-01,1729,652,139000.00,1061.81,2021,SEMINUEVOS 
21416,LSGHD52H7LD068739,2025-09-01,1681,652,128300.00,196.01,2020,SEMINUEVOS 
21417,LSGHD52H1ND037795,2025-09-01,1764,652,149900.00,1145.07,2022,SEMINUEVOS 
21418,LSGHD52H8LD071519,2025-09-01,1385,652,127400.00,457.79,2020,SEMINUEVOS 
21419,LSGHD52H0ND067032,2025-09-01,1681,652,149900.00,1300.51,2022,SEMINUEVOS 
21420,LZWLLNGL1PB058860,2025-10-01,,655,247300.00,724.66,2023,SEMINUEVOS 
21421,LZWLLNGL6PB014319,2025-10-01,,655,247300.00,1475.01,2023,SEMINUEVOS 
21422,LZWLLNGL7NB013452,2025-10-01,,655,215400.00,1343.14,2022,SEMINUEVOS 
21423,LZWLLNGL1NB002558,2025-10-01,,655,215400.00,57.38,2022,SEMINUEVOS 
21424,LZWLLNGL4PB019907,2025-09-01,1768,655,250700.00,1466.07,2023,SEMINUEVOS 
21425,LSGKB5417NV058009,2025-10-01,,656,209900.00,122.67,2022,SEMINUEVOS 
21426,LSGKB5416NV002904,2025-10-01,,656,209900.00,866.62,2022,SEMINUEVOS 
21427,LSGKB541XNV000640,2025-10-01,,656,207000.00,1459.12,2022,SEMINUEVOS 
21428,LSGKB5411NV000073,2025-10-01,,656,209100.00,1671.87,2022,SEMINUEVOS 
21429,LSGKB5416NV002904,2025-09-01,1738,656,209900.00,1925.83,2022,SEMINUEVOS 
21430,LSGKB5417NV058009,2025-09-01,1681,656,209900.00,1840.12,2022,SEMINUEVOS 
21431,LSGKB5411NV000073,2025-09-01,1681,656,209100.00,477.68,2022,SEMINUEVOS 
21432,MAKGN2658N4302751,2025-10-01,,657,214600.00,571.67,2022,SEMINUEVOS 
21433,MAKGN2663M4300364,2025-09-01,1745,657,225900.00,1757.13,2021,SEMINUEVOS 
21434,2HGFE2640NH851995,2025-10-01,,658,302500.00,1804.24,2022,SEMINUEVOS 
21435,19XFC2641LE601663,2025-10-01,,658,239700.00,63.85,2020,SEMINUEVOS 
21436,3N6AD33A9SK841578,2025-10-01,,663,438036.86,2096.74,2025,FLOTILLA 
21437,3N6AD33A6SK841540,2025-10-01,,663,438036.86,2096.74,2025,FLOTILLA 
21438,3N6AD33AXSK841444,2025-10-01,,663,438036.86,2096.74,2025,FLOTILLA 
21439,3N6AD33A0SK841386,2025-10-01,,663,438036.86,2096.74,2025,FLOTILLA 
21440,3N6AD33A3SK841477,2025-10-01,,663,438036.86,2096.74,2025,FLOTILLA 
21441,3N6AD33A2SK841356,2025-10-01,,663,438036.86,2096.74,2025,FLOTILLA 
21442,3N6AD33A3SK841480,2025-10-01,,663,438036.86,3276.15,2025,FLOTILLA 
21443,3N6AD33A1SK841350,2025-10-01,,663,438036.86,3276.15,2025,FLOTILLA 
21444,3N6AD33A2SK841387,2025-10-01,,663,438036.86,2227.78,2025,FLOTILLA 
21445,3N6AD33A8SK841443,2025-10-01,,663,438036.86,2096.74,2025,FLOTILLA 
21446,3N6AD33BXSK841291,2025-10-01,,663,687094.21,6443.23,2025,NUEVO 
21447,3N6AD33A2SK836822,2025-10-01,,663,659969.56,5978.59,2025,NUEVO 
21448,3N6AD33A9SK839796,2025-10-01,,663,659969.56,6251.38,2025,NUEVO 
21449,3N6AD33A3SK838885,2025-10-01,,663,483665.93,2807.95,2025,NUEVO 
21450,3N6AD33A3SK838739,2025-10-01,,663,483665.94,2968.10,2025,NUEVO 
21451,3N6AD33A5SK837611,2025-10-01,,663,483665.93,3993.99,2025,NUEVO 
21452,3N6AD33AXSK834316,2025-10-01,,663,659969.56,5978.59,2025,NUEVO 
21453,3N6AD33B6SK837058,2025-10-01,,663,687094.20,6203.34,2025,NUEVO 
21454,3N6AD33A7SK834855,2025-10-01,,663,659969.55,4220.69,2025,NUEVO 
21455,3N6AD33A3SK828342,2025-10-01,,663,561646.63,4841.24,2025,NUEVO 
21456,3N6AD33A5SK835244,2025-10-01,,663,483665.93,4169.07,2025,NUEVO 
21457,3N6AD33A0SK834311,2025-10-01,,663,659969.56,5688.75,2025,NUEVO 
21458,3N6AD33A8SK830569,2025-10-01,,663,659969.55,5995.64,2025,NUEVO 
21459,3N6AD33A0SK830355,2025-10-01,,663,483665.93,4393.97,2025,NUEVO 
21460,3N6AD33A4SK827247,2025-10-01,,663,483665.94,4393.97,2025,NUEVO 
21461,3N6AD33A5SK827676,2025-10-01,,663,580294.60,5271.82,2025,NUEVO 
21462,3N6AD33A7SK827288,2025-10-01,,663,561646.62,3778.48,2025,NUEVO 
21463,3N6AD33A0SK825589,2025-10-01,,663,659969.56,5836.51,2025,NUEVO 
21464,3N6AD33A9SK817328,2025-10-01,,663,648785.22,2654.51,2025,DEMO 
21465,3N6AD33A2PK884098,2025-10-01,,663,379700.00,1011.48,2023,SEMINUEVOS 
21466,3N6AD33AXPK816566,2025-10-01,,663,489900.00,1305.04,2023,SEMINUEVOS 
21467,3N6AD33A7PK817447,2025-10-01,,663,489900.00,1305.04,2023,SEMINUEVOS 
21468,3N6AD33A4MK834508,2025-10-01,,663,257400.00,68.57,2021,SEMINUEVOS 
21469,3N6AD33A3SK838885,2025-10-01,,663,483665.93,1030.75,2025,FLOTILLA 
21470,3N6AD33B4SK807010,2025-10-01,,663,675888.13,3481.57,2025,FLOTILLA 
21471,3N6AD33A6SK843059,2025-10-01,,663,662512.61,1785.47,2025,NUEVO 
21472,3N6AD33A0SK846135,2025-10-01,,663,486208.85,1164.74,2025,NUEVO 
21473,3N6AD33A9SK846148,2025-10-01,,663,582836.85,1396.22,2025,NUEVO 
21474,3N6AD33A0SK846295,2025-10-01,,663,439774.05,1448.57,2025,NUEVO 
21475,3N6AD33A3SK845920,2025-10-01,,663,486208.85,1601.52,2025,NUEVO 
21476,3N6AD33A9SK844349,2025-10-01,,663,564188.69,1856.65,2025,NUEVO 
21477,3N6AD33A3SK846906,2025-10-01,,663,439774.05,953.82,2025,NUEVO 
21478,3N6AD33A4SK843982,2025-10-01,,663,564188.68,3544.52,2025,NUEVO 
21479,3N6AD33A9SK844190,2025-10-01,,663,662512.60,4955.04,2025,NUEVO 
21480,3N6AD33A8SK844018,2025-10-01,,663,662512.60,4162.24,2025,NUEVO 
21481,3N6AD33A9MK832561,2025-10-01,,663,259800.00,741.87,2021,SEMINUEVOS 
21482,3N6AD33A0SK827486,2025-10-01,,663,561646.63,5213.64,2025,FLOTILLA 
21483,3N6AD33B4SK807010,2025-10-01,,663,675888.13,2426.44,2025,FLOTILLA 
21484,3N6AD33A6RK844805,2025-10-01,,663,433500.00,4020.35,2024,SEMINUEVOS 
21485,3N6AD33A3SK843553,2025-10-01,,663,561646.63,4247.45,2025,NUEVO 
21486,3N6AD33AXSK841430,2025-10-01,,663,438036.86,3710.17,2025,NUEVO 
21487,3N6AD33A3SK841415,2025-10-01,,663,483665.94,2194.63,2025,NUEVO 
21488,3N6AD33A7SK841420,2025-10-01,,663,483665.94,4535.58,2025,NUEVO 
21489,3N6AD33A5SK842257,2025-10-01,,663,483665.94,4535.58,2025,NUEVO 
21490,3N6AD33A9SK841371,2025-10-01,,663,438036.86,4107.69,2025,NUEVO 
21491,3N6AD33A3SK841592,2025-10-01,,663,438036.86,4107.69,2025,NUEVO 
21492,3N6AD33A2SK841583,2025-10-01,,663,483665.94,4535.58,2025,NUEVO 
21493,3N6AD33A2SK841549,2025-10-01,,663,483665.94,3218.80,2025,NUEVO 
21494,3N6AD33A7SK834855,2025-09-01,1681,663,659969.55,5505.25,2025,NUEVO 
21495,3N6AD33A3SK828342,2025-09-01,1331,663,561646.63,4685.07,2025,NUEVO 
21496,3N6AD33A5SK835244,2025-09-01,1331,663,483665.93,4034.58,2025,NUEVO 
21497,3N6AD33A6SK834510,2025-09-01,1681,663,659969.56,4376.29,2025,NUEVO 
21498,3N6AD33A0SK834311,2025-09-01,1681,663,659969.56,5505.25,2025,NUEVO 
21499,3N6AD33A8SK830569,2025-09-01,1331,663,659969.55,5802.23,2025,NUEVO 
21500,3N6AD33B1SK825030,2025-09-01,1681,663,687094.20,3588.97,2025,NUEVO 
21501,3N6AD33A0SK830355,2025-09-01,1331,663,483665.93,4252.23,2025,NUEVO 
21502,3N6AD33A4SK827247,2025-09-01,1681,663,483665.94,4252.23,2025,NUEVO 
21503,3N6AD33A0SK827486,2025-09-01,1752,663,561646.63,2962.69,2025,NUEVO 
21504,3N6AD33A5SK827676,2025-09-01,1331,663,580294.60,5101.76,2025,NUEVO 
21505,3N6AD33B4SK827628,2025-09-01,1699,663,687094.20,4524.51,2025,NUEVO 
21506,3N6AD33A7SK827288,2025-09-01,1331,663,561646.62,4928.45,2025,NUEVO 
21507,3N6AD33A0SK825589,2025-09-01,1331,663,659969.56,5648.24,2025,NUEVO 
21508,3N6AD33A9SK817328,2025-09-01,1681,663,648785.22,3164.94,2025,DEMO 
21509,3N6AD33AXSK841444,2025-10-01,,663,438036.86,1050.19,2025,FLOTILLA 
21510,3N6AD33A9SK841578,2025-10-01,,663,438036.86,1050.19,2025,FLOTILLA 
21511,3N6AD33A8SK841443,2025-10-01,,663,438036.86,1050.19,2025,FLOTILLA 
21512,3N6AD33A6SK841540,2025-10-01,,663,438036.86,1050.19,2025,FLOTILLA 
21513,3N6AD33A3SK841477,2025-10-01,,663,438036.86,1050.19,2025,FLOTILLA 
21514,3N6AD33A2SK841356,2025-10-01,,663,438036.86,1050.19,2025,FLOTILLA 
21515,3N6AD33A0SK841386,2025-10-01,,663,438036.86,1050.19,2025,FLOTILLA 
21516,3N6AD33BXSK841291,2025-09-01,1331,663,687094.21,1247.08,2025,NUEVO 
21517,3N6AD33A2SK836822,2025-09-01,1331,663,659969.56,1157.15,2025,NUEVO 
21518,3N6AD33A9MK832561,2025-09-01,1707,663,262400.00,158.75,2021,SEMINUEVOS 
21519,3N6AD33A1MK832862,2025-09-01,1707,663,262400.00,317.50,2021,SEMINUEVOS 
21520,3N6AD33A9SK839796,2025-09-01,1331,663,659969.56,3428.18,2025,NUEVO 
21521,3N6AD33B4SK807010,2025-09-01,1331,663,675888.13,2478.26,2025,FLOTILLA 
21522,3N6AD33A3SK838885,2025-09-01,1681,663,483665.93,3546.88,2025,NUEVO 
21523,3N6AD33A3SK838739,2025-09-01,1331,663,483665.94,4098.80,2025,NUEVO 
21524,3N6AD33A3SK837817,2025-09-01,1713,663,580294.59,306.35,2025,NUEVO 
21525,3N6AD33A5SK837611,2025-09-01,1331,663,483665.93,4098.80,2025,NUEVO 
21526,3N6AD33AXSK834316,2025-09-01,1681,663,659969.56,5785.73,2025,NUEVO 
21527,3N6AD33B6SK837058,2025-09-01,1331,663,687094.20,6023.53,2025,NUEVO 
21528,3N6AD33B5SK837133,2025-09-01,1681,663,687094.20,5220.39,2025,NUEVO 
21529,3N6AD33B8SK835148,2025-09-01,1681,663,687094.20,1910.50,2025,NUEVO 
21530,3N6AD33A9MK832561,2025-09-01,1707,663,259800.00,519.31,2021,SEMINUEVOS 
21531,3N6AD33A0SK827486,2025-09-01,1752,663,561646.63,2018.18,2025,FLOTILLA 
21532,3N6AD33B4SK807010,2025-09-01,1331,663,675888.13,3639.66,2025,FLOTILLA 
21533,3N6AD33A1NK825475,2025-09-01,1681,663,391600.00,1537.93,2022,SEMINUEVOS 
21534,3N6AD33A6RK844805,2025-09-01,1681,663,433500.00,2464.09,2024,SEMINUEVOS 
21535,3N6AD33A3SK841415,2025-09-01,1331,663,483665.94,438.93,2025,NUEVO 
21536,3N6AD33A7SK841420,2025-09-01,1331,663,483665.94,438.93,2025,NUEVO 
21537,3N6AD33A5SK842257,2025-09-01,1331,663,483665.94,438.93,2025,NUEVO 
21538,3N6AD33A9SK841371,2025-09-01,1331,663,438036.86,397.52,2025,NUEVO 
21539,3N6AD33A3SK841592,2025-09-01,1331,663,438036.86,397.52,2025,NUEVO 
21540,3N6AD33A2SK841583,2025-09-01,1681,663,483665.94,146.31,2025,NUEVO 
21541,3N6AD33A2SK841549,2025-09-01,1681,663,483665.94,146.31,2025,NUEVO 
21542,9BHCP4AC5PP430534,2025-10-01,,665,225400.00,240.18,2023,SEMINUEVOS 
21543,JTFJM9CP3M6003846,2025-10-01,,666,351800.00,1052.47,2021,SEMINUEVOS 
21544,JTFAMHCP2L6001515,2025-10-01,,666,373700.00,3504.37,2020,SEMINUEVOS 
21545,JTFJM9CPXM6003391,2025-10-01,,666,350900.00,2092.92,2021,SEMINUEVOS 
21546,JTFAMHCP1L6002588,2025-10-01,,666,324100.00,1933.08,2020,SEMINUEVOS 
21547,JTFAMHCP5N6005156,2025-10-01,,666,378100.00,2255.16,2022,SEMINUEVOS 
21548,JTFJM9CP2M6004065,2025-10-01,,666,350900.00,2092.92,2021,SEMINUEVOS 
21549,JTFJM9CP8M6003406,2025-10-01,,666,350900.00,95.13,2021,SEMINUEVOS 
21550,JTFAMHCP7L6002465,2025-10-01,,666,372600.00,3298.34,2020,SEMINUEVOS 
21551,JTFAMHCP2L6001515,2025-09-01,1385,666,373700.00,3391.33,2020,SEMINUEVOS 
21552,JTFAMHCP6L6002828,2025-09-01,1744,666,373700.00,913.49,2020,SEMINUEVOS 
21553,JTFAMHCP7N6004915,2025-09-01,1736,666,433300.00,1191.58,2022,SEMINUEVOS 
21554,JTFJM9CPXM6003178,2025-09-01,1737,666,402200.00,122.89,2021,SEMINUEVOS 
21555,JTFJM9CP1M6003098,2025-09-01,1734,666,426100.00,1120.64,2021,SEMINUEVOS 
21556,JTFAMHCP7N6004879,2025-09-01,1681,666,460000.00,703.42,2022,SEMINUEVOS 
21557,JTFAMHCP7L6002465,2025-09-01,1385,666,372600.00,212.80,2020,SEMINUEVOS 
21558,JTFAMHCP8N6004938,2025-09-01,1727,666,379200.00,1815.10,2022,SEMINUEVOS 
21559,JTFJM9CP3M6003846,2025-09-01,1723,666,351800.00,2841.66,2021,SEMINUEVOS 
21560,MR0CX3DD0N1326228,2025-10-01,,667,326100.00,347.48,2022,SEMINUEVOS 
21561,JS2FH81S4M6303034,2025-10-01,,669,135600.00,955.83,2021,SEMINUEVOS 
21562,JS2FH81S5N6303822,2025-09-01,1763,669,163500.00,750.06,2022,SEMINUEVOS 
21563,MNTFP5CP5S6018840,2025-10-01,,672,536794.13,1948.56,2025,FLOTILLA 
21564,3N8CP5HE0SL496370,2025-10-01,,672,398683.37,3776.42,2025,NUEVO 
21565,3N8CP5HE3SL487694,2025-10-01,,672,429415.25,2114.72,2025,NUEVO 
21566,MNTFP5CP7S6018984,2025-10-01,,672,567419.29,4642.75,2025,NUEVO 
21567,MNTFP5CPXS6019143,2025-10-01,,672,546418.65,4470.92,2025,NUEVO 
21568,3N8AP6HE2SL443585,2025-10-01,,672,482601.25,4371.83,2025,NUEVO 
21569,3N8AP6HEXSL443639,2025-10-01,,672,506464.77,42.71,2025,NUEVO 
21570,3N8AP6HE1SL443559,2025-10-01,,672,506464.77,4588.01,2025,NUEVO 
21571,MNTFP5CP7R6007574,2025-10-01,,672,327200.00,3068.32,2024,SEMINUEVOS 
21572,MNTFP5CP0S6019328,2025-10-01,,672,546418.65,3512.86,2025,NUEVO 
21573,3N8AP6HE0SL443861,2025-10-01,,672,506464.76,2321.30,2025,NUEVO 
21574,3N8CP5HE8NL531743,2025-10-01,,672,222000.00,2102.83,2022,SEMINUEVOS 
21575,MNTFP5CP1S6019287,2025-10-01,,672,536794.12,4862.76,2025,NUEVO 
21576,MNTFP5CP7R6012709,2025-10-01,,672,374300.00,1521.94,2024,SEMINUEVOS 
21577,3N8AP6HEXSL441986,2025-10-01,,672,482601.24,2344.77,2025,NUEVO 
21578,3N8CP5HE5SL492380,2025-10-01,,672,398683.37,3611.63,2025,NUEVO 
21579,3N8CP5HE0SL492271,2025-10-01,,672,398683.36,3779.85,2025,NUEVO 
21580,3N8CP5HE8SL488016,2025-10-01,,672,429415.25,3701.44,2025,NUEVO 
21581,MNTFP5CP5S6018885,2025-10-01,,672,561293.33,4838.19,2025,NUEVO 
21582,MNTFP5CP2S6018939,2025-10-01,,672,541168.49,4664.72,2025,NUEVO 
21583,MNTFP5CP3S6018576,2025-10-01,,672,561293.33,4838.19,2025,NUEVO 
21584,MNTFP5CP2S6018522,2025-10-01,,672,561293.33,4838.19,2025,NUEVO 
21585,MNTFP5CP7S6018810,2025-10-01,,672,561293.33,3267.11,2025,NUEVO 
21586,3N8CP5HE9SL494021,2025-10-01,,672,398683.36,2131.87,2025,NUEVO 
21587,3N8AP6HE5SL434007,2025-10-01,,672,506464.76,3379.81,2025,NUEVO 
21588,MNTFP5CP4S6018098,2025-10-01,,672,531543.96,3666.79,2025,NUEVO 
21589,MNTFP5CP0S6018096,2025-10-01,,672,541168.48,4697.34,2025,NUEVO 
21590,MNTFP5CP0S6017983,2025-10-01,,672,541168.48,4697.34,2025,NUEVO 
21591,MNTFP5CPXS6018090,2025-10-01,,672,541168.48,4697.34,2025,NUEVO 
21592,MNTFP5CP3S6017623,2025-10-01,,672,531543.96,4199.07,2025,NUEVO 
21593,MNTFP5CP8S6017455,2025-10-01,,672,531543.96,4613.80,2025,NUEVO 
21594,MNTFP5CP7S6017298,2025-10-01,,672,561293.32,4872.03,2025,NUEVO 
21595,MNTFP5CP2S6017175,2025-10-01,,672,531543.96,4613.80,2025,NUEVO 
21596,MNTFP5CP8S6018234,2025-10-01,,672,561293.32,4872.03,2025,NUEVO 
21597,MNTFP5CP9S6018047,2025-10-01,,672,541168.48,4916.37,2025,NUEVO 
21598,MNTFP5CP0S6017031,2025-10-01,,672,561293.32,3114.34,2025,NUEVO 
21599,MNTFP5CP4S6017324,2025-10-01,,672,561293.32,5099.19,2025,NUEVO 
21600,MNTFP5CP3S6017380,2025-10-01,,672,561293.33,4934.70,2025,NUEVO 
21601,MNTFP5CP2S6017340,2025-10-01,,672,561293.33,3455.46,2025,NUEVO 
21602,3N8CP5HE9SL487537,2025-10-01,,672,398683.37,3621.93,2025,NUEVO 
21603,MNTFP5CP9S6016735,2025-10-01,,672,541168.48,4748.75,2025,NUEVO 
21604,3N8CP5HE0SL485465,2025-10-01,,672,429415.25,2501.35,2025,NUEVO 
21605,MNTFP5CP0S6017675,2025-10-01,,672,541168.49,4785.88,2025,NUEVO 
21606,MNTFP5CP4S6017470,2025-10-01,,672,541168.49,4785.88,2025,NUEVO 
21607,3N8AP6HE7SL387532,2025-10-01,,672,448680.90,1862.08,2025,NUEVO 
21608,MNTFP5CP6S6016594,2025-10-01,,672,534005.22,4722.53,2025,NUEVO 
21609,MNTFP5CP6S6015039,2025-10-01,,672,554109.92,3187.52,2025,DEMO 
21610,MNTFP5CP4S6014987,2025-10-01,,672,533985.22,1892.35,2025,NUEVO 
21611,MNTFP5CP0S6015036,2025-10-01,,672,554109.92,1728.82,2025,DEMO 
21612,3N8CP5HE4RL590357,2025-10-01,,672,417025.38,4054.30,2024,NUEVO 
21613,3N8CP5HE6NL498127,2025-10-01,,672,254100.00,473.83,2022,SEMINUEVOS 
21614,3N8CP5HD3LL565609,2025-10-01,,672,202800.00,540.24,2020,SEMINUEVOS 
21615,3N8CP5HE7ML520330,2025-10-01,,672,177900.00,142.17,2018,SEMINUEVOS 
21616,3N8CP5HE5PL477031,2025-10-01,,672,235600.00,62.76,2023,SEMINUEVOS 
21617,3N8CP5HE4PL566847,2025-10-01,,672,289200.00,77.04,2023,SEMINUEVOS 
21618,3N8AP6HE5SL420432,2025-10-01,,672,482601.25,2485.93,2025,FLOTILLA 
21619,MNTFP5CP5S6018840,2025-10-01,,672,536794.13,2619.56,2025,FLOTILLA 
21620,MNTFP5CP5S6018840,2025-10-01,,672,536794.13,145.53,2025,NUEVO 
21621,3N8CP5HE9KL541824,2025-10-01,,672,193900.00,998.80,2019,SEMINUEVOS 
21622,3N8CP5HE5SL503927,2025-10-01,,672,398683.37,1074.45,2025,NUEVO 
21623,3N8CP5HE0SL504001,2025-10-01,,672,398683.37,1074.45,2025,NUEVO 
21624,3N8CP5HE3SL500749,2025-10-01,,672,398683.37,785.28,2025,NUEVO 
21625,3N8CP5HE4SL501201,2025-10-01,,672,398683.37,955.07,2025,NUEVO 
21626,3N8CP5HE0SL493940,2025-10-01,,672,429415.25,2183.93,2025,NUEVO 
21627,3N8AP6HE6SL445565,2025-10-01,,672,482601.25,1155.03,2025,NUEVO 
21628,3N8AP6HE8SL445485,2025-10-01,,672,482601.25,1732.54,2025,NUEVO 
21629,MNTFP5CP5S6018837,2025-10-01,,672,536794.13,4074.86,2025,NUEVO 
21630,MNTFP5CP5S6018823,2025-10-01,,672,536794.13,4074.86,2025,NUEVO 
21631,MNTFP5CP5S6018790,2025-10-01,,672,536794.13,4074.86,2025,NUEVO 
21632,MNTFP5CP5S6018787,2025-10-01,,672,536794.13,4074.86,2025,NUEVO 
21633,MNTFP5CP5S6018739,2025-10-01,,672,536794.13,4074.86,2025,NUEVO 
21634,3N8CP5HE8SL470468,2025-10-01,,672,417274.78,3336.34,2025,FLOTILLA 
21635,3N8CP5HE0SL501244,2025-10-01,,672,398683.37,2504.73,2025,NUEVO 
21636,3N8CP5HE1SL500538,2025-10-01,,672,398683.37,2504.73,2025,NUEVO 
21637,3N8CP5HE4SL501702,2025-10-01,,672,429415.25,2697.80,2025,NUEVO 
21638,3N8CP5HE6SL501281,2025-10-01,,672,429415.25,2697.80,2025,NUEVO 
21639,3N8CP5HE4SL500873,2025-10-01,,672,429415.25,2697.80,2025,NUEVO 
21640,3N8CP5HE6SL494011,2025-10-01,,672,429415.25,540.35,2025,NUEVO 
21641,3N8CP5HEXSL501414,2025-10-01,,672,398683.37,2653.24,2025,NUEVO 
21642,3N8CP5HE6SL501250,2025-10-01,,672,398683.37,2894.44,2025,NUEVO 
21643,3N8CP5HE2SL501424,2025-10-01,,672,398683.37,786.69,2025,NUEVO 
21644,3N8AP6HE7SL445008,2025-10-01,,672,482601.25,1172.42,2025,NUEVO 
21645,3N8AP6HE4SL444883,2025-10-01,,672,482601.24,4052.40,2025,NUEVO 
21646,3N8AP6HE5SL420432,2025-10-01,,672,482601.25,1732.54,2025,FLOTILLA 
21647,3N8AP6HE6SL444917,2025-10-01,,672,482601.25,1644.63,2025,NUEVO 
21648,3N8AP6HE0SL444895,2025-10-01,,672,482601.25,3941.65,2025,NUEVO 
21649,3N8AP6HE1SL444372,2025-10-01,,672,482601.25,4525.59,2025,NUEVO 
21650,3N8AP6HE7SL444442,2025-10-01,,672,482601.25,4525.59,2025,NUEVO 
21651,3N8AP6HE3SL444065,2025-10-01,,672,482601.25,3941.65,2025,NUEVO 
21652,MNTFP5CP4S6017808,2025-10-01,,672,541168.49,485.70,2025,FLOTILLA 
21653,3N8AP6HE5SL434007,2025-09-01,1681,672,506464.76,4224.76,2025,NUEVO 
21654,3N8CP5HE8SL493605,2025-09-01,1681,672,398683.36,1018.06,2025,NUEVO 
21655,3N8AP6HE7SL432730,2025-09-01,1681,672,538755.69,1647.84,2025,NUEVO 
21656,3N8AP6HE9SL428369,2025-09-01,1681,672,538755.69,1198.43,2025,NUEVO 
21657,MNTFP5CP4S6018098,2025-09-01,1331,672,531543.96,4464.97,2025,NUEVO 
21658,MNTFP5CP0S6018096,2025-09-01,1331,672,541168.48,4545.82,2025,NUEVO 
21659,MNTFP5CP0S6017983,2025-09-01,1681,672,541168.48,4545.82,2025,NUEVO 
21660,MNTFP5CPXS6018090,2025-09-01,1681,672,541168.48,4545.82,2025,NUEVO 
21661,MNTFP5CP3S6017623,2025-09-01,1681,672,531543.96,4464.97,2025,NUEVO 
21662,MNTFP5CP8S6017455,2025-09-01,1331,672,531543.96,4464.97,2025,NUEVO 
21663,MNTFP5CP7S6017298,2025-09-01,1681,672,561293.32,4714.86,2025,NUEVO 
21664,MNTFP5CP2S6017175,2025-09-01,1681,672,531543.96,4464.97,2025,NUEVO 
21665,MNTFP5CP8S6018234,2025-09-01,1681,672,561293.32,4714.86,2025,NUEVO 
21666,MNTFP5CP9S6018047,2025-09-01,1681,672,541168.48,4757.77,2025,NUEVO 
21667,MNTFP5CP3S6017511,2025-09-01,1740,672,531543.96,3519.50,2025,NUEVO 
21668,MNTFP5CP0S6017031,2025-09-01,1681,672,561293.32,4934.70,2025,NUEVO 
21669,MNTFP5CP4S6017324,2025-09-01,1331,672,561293.32,4934.70,2025,NUEVO 
21670,MNTFP5CP3S6017380,2025-09-01,1681,672,561293.33,4934.70,2025,NUEVO 
21671,MNTFP5CP2S6017340,2025-09-01,1681,672,561293.33,4934.70,2025,NUEVO 
21672,3N8AP6HE7SL418648,2025-09-01,1681,672,506464.76,3858.98,2025,NUEVO 
21673,3N8CP5HE4SL485422,2025-09-01,1681,672,398683.36,116.84,2025,NUEVO 
21674,3N8CP5HE9SL487537,2025-09-01,1331,672,398683.37,3505.09,2025,NUEVO 
21675,MNTFP5CP9S6016735,2025-09-01,1331,672,541168.48,4748.75,2025,NUEVO 
21676,3N8CP5HE0SL485465,2025-09-01,1331,672,429415.25,3675.08,2025,NUEVO 
21677,3N8AP6HE6SL405373,2025-09-01,1714,672,461919.60,3953.26,2025,NUEVO 
21678,MNTFP5CP0S6017546,2025-09-01,1681,672,541168.49,313.08,2025,NUEVO 
21679,MNTFP5CP0S6017675,2025-09-01,1331,672,541168.49,4631.50,2025,NUEVO 
21680,MNTFP5CP4S6017470,2025-09-01,1681,672,541168.49,4631.50,2025,NUEVO 
21681,MNTFP5CPXS6016940,2025-09-01,1681,672,561293.33,3207.56,2025,NUEVO 
21682,3N8AP6HE5SL395371,2025-09-01,1747,672,537826.90,2493.15,2025,NUEVO 
21683,3N8AP6HE7SL387532,2025-09-01,1681,672,448680.90,3839.96,2025,NUEVO 
21684,MNTFP5CP6S6016594,2025-09-01,1681,672,534005.22,4570.19,2025,NUEVO 
21685,MNTFP5CP6S6015039,2025-09-01,1712,672,554109.92,3637.73,2025,DEMO 
21686,MNTFP5CP4S6014987,2025-09-01,1331,672,533985.22,5206.36,2025,NUEVO 
21687,MNTFP5CP0S6015036,2025-09-01,1681,672,554109.92,3637.73,2025,DEMO 
21688,3N8AP6HE3SL322189,2025-09-01,1681,672,535427.74,2060.39,2025,DEMO 
21689,3N8CP5HE4RL590357,2025-09-01,1331,672,417025.38,3923.51,2024,NUEVO 
21690,3N8CP5HE8SL470468,2025-10-01,,672,417274.78,333.47,2025,FLOTILLA 
21691,MNTFP5CP9S6016735,2025-10-01,,672,541168.48,144.16,2025,FLOTILLA 
21692,MNTFP5CP5S6018837,2025-10-01,,672,536794.13,428.99,2025,FLOTILLA 
21693,MNTFP5CP5S6018823,2025-10-01,,672,536794.13,428.99,2025,FLOTILLA 
21694,MNTFP5CP5S6018790,2025-10-01,,672,536794.13,428.99,2025,FLOTILLA 
21695,MNTFP5CP5S6018787,2025-10-01,,672,536794.13,428.99,2025,FLOTILLA 
21696,MNTFP5CP5S6018739,2025-10-01,,672,536794.13,428.99,2025,FLOTILLA 
21697,3N8AP6HE3SL444065,2025-10-01,,672,482601.25,385.68,2025,FLOTILLA 
21698,3N8CP5HE8SL470468,2025-09-01,1331,672,417274.78,3534.32,2025,FLOTILLA 
21699,MNTFP5CP5S6018840,2025-09-01,1283,672,536794.13,974.28,2025,FLOTILLA 
21700,MNTFP5CP5S6018837,2025-09-01,1283,672,536794.13,974.28,2025,FLOTILLA 
21701,MNTFP5CP5S6018823,2025-09-01,1283,672,536794.13,974.28,2025,FLOTILLA 
21702,MNTFP5CP5S6018790,2025-09-01,1283,672,536794.13,974.28,2025,FLOTILLA 
21703,MNTFP5CP5S6018787,2025-09-01,1283,672,536794.13,974.28,2025,FLOTILLA 
21704,MNTFP5CP5S6018739,2025-09-01,1283,672,536794.13,974.28,2025,FLOTILLA 
21705,3N8CP5HE0SL496370,2025-09-01,1331,672,398683.37,1583.66,2025,NUEVO 
21706,3N8CP5HE3SL487694,2025-09-01,1331,672,429415.25,1705.73,2025,NUEVO 
21707,3N8AP6HE2SL443585,2025-09-01,1681,672,482601.25,3807.72,2025,NUEVO 
21708,3N8AP6HEXSL443639,2025-09-01,1741,672,506464.77,3996.01,2025,NUEVO 
21709,3N8AP6HE1SL443559,2025-09-01,1681,672,506464.77,3996.01,2025,NUEVO 
21710,MNTFP5CP7R6007574,2025-09-01,1756,672,327200.00,2969.34,2024,SEMINUEVOS 
21711,3N8AP6HE5SL420432,2025-09-01,1331,672,482601.25,1769.54,2025,FLOTILLA 
21712,3N8CP5HE6SL493893,2025-09-01,1681,672,429415.25,1968.15,2025,NUEVO 
21713,3N8AP6HE6SL443864,2025-09-01,1681,672,506464.77,1720.34,2025,NUEVO 
21714,3N8AP6HE0SL443861,2025-09-01,1331,672,506464.76,3095.06,2025,NUEVO 
21715,3N8AP6HE3SL443644,2025-09-01,1681,672,538755.69,1163.24,2025,NUEVO 
21716,3N8CP5HE8NL531743,2025-09-01,1681,672,222000.00,2035.00,2022,SEMINUEVOS 
21717,MNTFP5CP4S6018814,2025-09-01,1290,672,561293.33,2572.59,2025,FLOTILLA 
21718,3N8AP6HE2SL443053,2025-09-01,1681,672,482601.24,228.26,2025,NUEVO 
21719,MNTFP5CP7R6012709,2025-09-01,1712,672,374300.00,3431.08,2024,SEMINUEVOS 
21720,3N8AP6HEXSL441986,2025-09-01,1331,672,482601.24,4230.80,2025,NUEVO 
21721,3N8CP5HE5SL492380,2025-09-01,1681,672,398683.37,3495.12,2025,NUEVO 
21722,3N8AP6HE0SL427689,2025-09-01,1709,672,538755.68,240.38,2025,NUEVO 
21723,MNTFP5CP4S6017808,2025-09-01,1681,672,541168.49,300.95,2025,FLOTILLA 
21724,3N8CP5HE0SL492271,2025-09-01,1331,672,398683.36,3657.92,2025,NUEVO 
21725,3N8CP5HE8SL488016,2025-09-01,1681,672,429415.25,3582.04,2025,NUEVO 
21726,MNTFP5CP5S6018885,2025-09-01,1681,672,561293.33,4682.12,2025,NUEVO 
21727,MNTFP5CP2S6018939,2025-09-01,1681,672,541168.49,4514.25,2025,NUEVO 
21728,MNTFP5CP3S6018576,2025-09-01,1681,672,561293.33,4682.12,2025,NUEVO 
21729,MNTFP5CP2S6018522,2025-09-01,1331,672,561293.33,4682.12,2025,NUEVO 
21730,MNTFP5CP7S6018810,2025-09-01,1681,672,561293.33,4682.12,2025,NUEVO 
21731,3N8CP5HE9SL494021,2025-09-01,1681,672,398683.36,3325.68,2025,NUEVO 
21732,3N8CP5HE8SL470468,2025-09-01,1331,672,417274.78,238.31,2025,FLOTILLA 
21733,3N8AP6HE4SL444883,2025-09-01,1782,672,482601.24,964.67,2025,NUEVO 
21734,3N8AP6HE5SL420432,2025-09-01,1331,672,482601.25,2598.81,2025,FLOTILLA 
21735,3N8AP6HE7SL444439,2025-09-01,1681,672,482601.25,473.97,2025,NUEVO 
21736,3N8AP6HE1SL444372,2025-09-01,1681,672,482601.25,1313.88,2025,NUEVO 
21737,3N8AP6HE7SL444814,2025-09-01,1697,672,482601.25,65.72,2025,NUEVO 
21738,3N8AP6HE7SL444442,2025-09-01,1681,672,482601.25,729.93,2025,NUEVO 
21739,3N8AP6HE3SL444065,2025-09-01,1331,672,482601.25,291.97,2025,NUEVO 
21740,MNTFP5CP4S6017808,2025-09-01,1681,672,541168.49,4533.19,2025,FLOTILLA 
21741,VF1HR3NB3PC386389,2025-10-01,,673,333600.00,341.52,2023,SEMINUEVOS 
21742,VF1HR3NB3PC386389,2025-09-01,1681,673,333600.00,1732.01,2023,SEMINUEVOS 
21743,93Y1R5F57RJ626422,2025-10-01,,674,160700.00,725.71,2024,SEMINUEVOS 
21744,93Y1R5F57RJ805432,2025-10-01,,674,158700.00,465.04,2024,SEMINUEVOS 
21745,93Y1R5F5XRJ837338,2025-10-01,,674,158700.00,465.04,2024,SEMINUEVOS 
21746,93Y1R5F57PJ096515,2025-10-01,,674,151900.00,1029.54,2023,SEMINUEVOS 
21747,93Y1R5F57RJ626422,2025-09-01,1681,674,160700.00,1394.21,2024,SEMINUEVOS 
21748,MMBMLV5G9NH061071,2025-10-01,,675,282400.00,168.97,2022,SEMINUEVOS 
21749,MMBMLV5G0PH006690,2025-10-01,,675,308000.00,328.19,2023,SEMINUEVOS 
21750,MMBMLV5G9NH061071,2025-09-01,1766,675,282400.00,2281.09,2022,SEMINUEVOS 
21751,9FB4SR4D6RM630000,2025-10-01,,676,212400.00,1768.94,2024,SEMINUEVOS 
21752,9FB4SR4D6RM630000,2025-09-01,1681,676,212400.00,1862.04,2024,SEMINUEVOS 
21753,MDHBD0FA7SG001833,2025-10-01,,677,392491.66,3467.66,2025,NUEVO 
21754,MDHBD0FA4SG010960,2025-10-01,,677,352728.81,3040.42,2025,NUEVO 
21755,MDHBD0FA2SG017020,2025-10-01,,677,392658.33,3384.61,2025,NUEVO 
21756,MDHBD0FA5SG011017,2025-10-01,,677,392658.33,2183.62,2025,NUEVO 
21757,MDHBD0FA0SG016822,2025-10-01,,677,352728.80,3040.42,2025,NUEVO 
21758,MDHBD0FA7SG004330,2025-10-01,,677,409248.64,1922.62,2025,NUEVO 
21759,MDHBD0FA4SG007718,2025-10-01,,677,392658.33,2025.77,2025,NUEVO 
21760,MDHBD0FA6SG008899,2025-10-01,,677,352728.81,3119.40,2025,NUEVO 
21761,MDHBD0FA0SG001432,2025-10-01,,677,392491.66,3467.66,2025,NUEVO 
21762,MDHBD0FA3SG005359,2025-10-01,,677,392491.66,3467.66,2025,NUEVO 
21763,MDHBD0FA6SG003749,2025-10-01,,677,392491.66,3467.66,2025,NUEVO 
21764,MDHBD0FA6SG001449,2025-10-01,,677,392491.66,3467.66,2025,NUEVO 
21765,MDHBD0FA6SG001919,2025-10-01,,677,409081.98,2844.76,2025,DEMO 
21766,MDHBD0FA2SG000430,2025-10-01,,677,409081.98,2844.76,2025,DEMO 
21767,MDHBD0FA7SG001802,2025-10-01,,677,409081.98,3066.27,2025,DEMO 
21768,MDHBD0FA5SG000499,2025-10-01,,677,409081.98,3066.27,2025,DEMO 
21769,MDHBD0FA2SG019950,2025-10-01,,677,392658.33,448.50,2025,NUEVO 
21770,MDHBD0FA0SG022345,2025-10-01,,677,352728.81,739.36,2025,NUEVO 
21771,MDHBD0FA4SG024714,2025-10-01,,677,366119.85,438.53,2025,NUEVO 
21772,MDHBD0FAXSG025365,2025-10-01,,677,366119.85,1314.37,2025,NUEVO 
21773,MDHBD0FA8SG024599,2025-10-01,,677,352728.81,2560.81,2025,NUEVO 
21774,MDHBD0FA4SG024826,2025-10-01,,677,366119.85,2658.03,2025,NUEVO 
21775,MDHBD0FA9SG019945,2025-10-01,,677,366119.85,2300.05,2025,FLOTILLA 
21776,MDHBD0FA5SG023409,2025-10-01,,677,409248.65,1779.56,2025,NUEVO 
21777,MDHBD0FA4SG025622,2025-10-01,,677,352728.81,3201.01,2025,NUEVO 
21778,MDHBD0FA1SG018403,2025-10-01,,677,352728.81,3307.71,2025,NUEVO 
21779,MDHBD0FA0SG019980,2025-10-01,,677,352728.81,3307.71,2025,NUEVO 
21780,MDHBD0FA4SG019030,2025-10-01,,677,409248.65,49.76,2025,NUEVO 
21781,MDHBD0FA3SG020637,2025-10-01,,677,352728.81,3307.71,2025,NUEVO 
21782,MDHBD0FA8SG021315,2025-10-01,,677,409248.65,123.16,2025,NUEVO 
21783,MDHBD0FA9SG017659,2025-10-01,,677,409248.65,915.17,2025,NUEVO 
21784,MDHBD0FA7SG004330,2025-09-01,1681,677,409248.64,3597.98,2025,NUEVO 
21785,MDHBD0FA4SG007718,2025-09-01,1331,677,392658.33,3360.50,2025,NUEVO 
21786,MDHBD0FA6SG008899,2025-09-01,1681,677,352728.81,3018.77,2025,NUEVO 
21787,MDHBD0FA0SG001432,2025-09-01,1331,677,392491.66,3355.80,2025,NUEVO 
21788,MDHBD0FA7SG004716,2025-09-01,1691,677,392491.66,23.98,2025,NUEVO 
21789,MDHBD0FA4SG007167,2025-09-01,1753,677,392491.66,3305.21,2025,NUEVO 
21790,MDHBD0FA3SG005359,2025-09-01,1681,677,392491.66,3355.80,2025,NUEVO 
21791,MDHBD0FA6SG003749,2025-09-01,1331,677,392491.66,3355.80,2025,NUEVO 
21792,MDHBD0FA3SG007077,2025-09-01,1706,677,392491.66,2701.69,2025,NUEVO 
21793,MDHBD0FA6SG001449,2025-09-01,1331,677,392491.66,3355.80,2025,NUEVO 
21794,MDHBD0FA7SG001802,2025-09-01,1681,677,409081.98,734.51,2025,DEMO 
21795,MDHBD0FA5SG000499,2025-09-01,1681,677,409081.98,734.51,2025,DEMO 
21796,MDHBD0FA9SG019945,2025-10-01,,677,366119.85,877.77,2025,FLOTILLA 
21797,MDHBD0FA7SG001833,2025-09-01,1681,677,392491.66,2908.36,2025,NUEVO 
21798,MDHBD0FA5SG007131,2025-09-01,1705,677,409248.65,2631.01,2025,FLOTILLA 
21799,MDHBD0FA4SG010960,2025-09-01,1681,677,352728.81,2942.35,2025,NUEVO 
21800,MDHBD0FA2SG017020,2025-09-01,1331,677,392658.33,3275.42,2025,NUEVO 
21801,MDHBD0FA5SG011017,2025-09-01,1681,677,392658.33,3275.42,2025,NUEVO 
21802,MDHBD0FA0SG016822,2025-09-01,1681,677,352728.80,2942.35,2025,NUEVO 
21803,MDHBD0FA9SG019945,2025-09-01,1772,677,366119.85,522.74,2025,FLOTILLA 
21804,MDHBD0FA1SG018403,2025-09-01,1681,677,352728.81,960.30,2025,NUEVO 
21805,MDHBD0FA9SG019945,2025-09-01,1772,677,366119.85,443.01,2025,NUEVO 
21806,MDHBD0FA0SG019980,2025-09-01,1681,677,352728.81,960.30,2025,NUEVO 
21807,MDHBD0FA4SG019030,2025-09-01,1681,677,409248.65,247.60,2025,NUEVO 
21808,MDHBD0FA3SG020637,2025-09-01,1331,677,352728.81,746.90,2025,NUEVO 
21809,MDHBD0FA8SG021315,2025-09-01,1681,677,409248.65,247.60,2025,NUEVO 
21810,MDHBD0FA9SG017659,2025-09-01,1681,677,409248.65,495.19,2025,NUEVO 
21811,3N1CK3CE5SL214877,2025-10-01,,678,283771.45,1201.77,2025,FLOTILLA 
21812,3N1CK3CE0SL213703,2025-10-01,,678,264080.45,1198.27,2025,NUEVO 
21813,3N1CK3CE8SL212556,2025-10-01,,678,264080.45,1694.52,2025,FLOTILLA 
21814,3N1CK3CE2SL216490,2025-10-01,,678,283771.45,2661.07,2025,FLOTILLA 
21815,3N1CK3CE0SL215273,2025-10-01,,678,264080.45,958.61,2025,FLOTILLA 
21816,3N1CK3CE7SL216310,2025-10-01,,678,264080.45,2476.41,2025,FLOTILLA 
21817,3N1CK3CE9SL216096,2025-10-01,,678,264080.45,2476.41,2025,FLOTILLA 
21818,3N1CK3CEXSL216060,2025-10-01,,678,264080.45,2476.41,2025,FLOTILLA 
21819,3N1CK3CE8SL216039,2025-10-01,,678,264080.45,2476.41,2025,FLOTILLA 
21820,3N1CK3CE9SL215952,2025-10-01,,678,264080.45,2476.41,2025,FLOTILLA 
21821,3N1CK3CE0SL214558,2025-10-01,,678,283771.45,2687.95,2025,NUEVO 
21822,3N1CK3CE7SL213956,2025-10-01,,678,308832.09,2925.33,2025,NUEVO 
21823,3N1CK3CEXSL213708,2025-10-01,,678,308832.09,2925.33,2025,NUEVO 
21824,3N1CK3CE4ML207020,2025-10-01,,678,159000.00,437.25,2021,SEMINUEVOS 
21825,3N1CK3CE5SL212952,2025-10-01,,678,283771.45,165.85,2025,FLOTILLA 
21826,3N1CK3CE5SL211154,2025-10-01,,678,288245.57,1431.94,2025,FLOTILLA 
21827,3N1CK3CE5SL210800,2025-10-01,,678,283771.45,2446.03,2025,NUEVO 
21828,3N1CK3CE2SL210768,2025-10-01,,678,288245.57,2484.60,2025,NUEVO 
21829,3N1CK3CE0SL207111,2025-10-01,,678,283771.45,2509.56,2025,NUEVO 
21830,3N1CK3CE1SL205724,2025-10-01,,678,307873.14,2720.06,2025,NUEVO 
21831,3N1CK3CE8SL201718,2025-10-01,,678,307853.14,1135.98,2025,DEMO 
21832,3N1CK3CE2SL203089,2025-10-01,,678,307853.14,2271.96,2025,DEMO 
21833,3N1CK3CE8SL212556,2025-10-01,,678,264080.45,492.44,2025,FLOTILLA 
21834,3N1CK3CE9SL218222,2025-10-01,,678,265870.33,648.72,2025,FLOTILLA 
21835,3N1CK3CE0SL215273,2025-10-01,,678,264080.45,1288.71,2025,FLOTILLA 
21836,3N1CK3CE0SL215273,2025-10-01,,678,264080.45,71.60,2025,NUEVO 
21837,3N1CK3CE9SL207978,2025-10-01,,678,264080.44,1718.28,2025,FLOTILLA 
21838,3N1CK3CE9SL216082,2025-10-01,,678,264080.45,159.77,2025,FLOTILLA 
21839,3N1CK3CE7SL215299,2025-10-01,,678,264080.45,319.54,2025,FLOTILLA 
21840,3N1CK3CE0SL216102,2025-10-01,,678,264080.45,319.54,2025,FLOTILLA 
21841,3N1CK3CEXSL207844,2025-10-01,,678,264080.45,1861.47,2025,FLOTILLA 
21842,3N1CK3CE8SL207843,2025-10-01,,678,264080.45,1861.47,2025,FLOTILLA 
21843,3N1CK3CE7SL207929,2025-10-01,,678,264080.45,1861.47,2025,FLOTILLA 
21844,3N1CK3CE3SL207927,2025-10-01,,678,264080.45,787.55,2025,FLOTILLA 
21845,3N1CK3CE6ML209254,2025-10-01,,678,163200.00,707.93,2021,SEMINUEVOS 
21846,3N1CK3CE8SL216610,2025-10-01,,678,290035.45,868.50,2025,NUEVO 
21847,3N1CK3CEXSL216141,2025-10-01,,678,264080.45,1278.15,2025,FLOTILLA 
21848,3N1CK3CE8SL215764,2025-10-01,,678,264080.45,479.31,2025,FLOTILLA 
21849,3N1CK3CEXSL216091,2025-10-01,,678,264080.45,559.19,2025,FLOTILLA 
21850,3N1CK3CE9SL216079,2025-10-01,,678,264080.45,639.07,2025,FLOTILLA 
21851,3N1CK3CEXSL215670,2025-10-01,,678,264080.45,718.96,2025,FLOTILLA 
21852,3N1CK3CE8SL215652,2025-10-01,,678,264080.45,718.96,2025,FLOTILLA 
21853,3N1CK3CE9SL215532,2025-10-01,,678,264080.45,718.96,2025,FLOTILLA 
21854,3N1CK3CEXSL215300,2025-10-01,,678,264080.45,239.65,2025,FLOTILLA 
21855,3N1CK3CE9SL215403,2025-10-01,,678,264080.45,718.96,2025,FLOTILLA 
21856,3N1CK3CEXSL215376,2025-10-01,,678,264080.45,399.42,2025,FLOTILLA 
21857,3N1CK3CE5SL216094,2025-10-01,,678,264080.45,1278.15,2025,FLOTILLA 
21858,3N1CK3CE0SL216150,2025-10-01,,678,264080.45,559.19,2025,FLOTILLA 
21859,3N1CK3CE0SL216147,2025-10-01,,678,264080.45,559.19,2025,FLOTILLA 
21860,3N1CK3CE5SL215768,2025-10-01,,678,264080.45,239.65,2025,FLOTILLA 
21861,3N1CK3CE1SL215752,2025-10-01,,678,264080.45,798.84,2025,FLOTILLA 
21862,3N1CK3CE7SL215772,2025-10-01,,678,264080.45,718.96,2025,FLOTILLA 
21863,3N1CK3CE0SL215757,2025-10-01,,678,264080.45,639.07,2025,FLOTILLA 
21864,3N1CK3CE7SL215769,2025-10-01,,678,264080.45,718.96,2025,FLOTILLA 
21865,3N1CK3CE5SL215561,2025-10-01,,678,264080.45,239.65,2025,FLOTILLA 
21866,3N1CK3CE4SL215454,2025-10-01,,678,264080.45,1118.38,2025,FLOTILLA 
21867,3N1CK3CE1SL216125,2025-10-01,,678,264080.45,798.84,2025,FLOTILLA 
21868,3N1CK3CE2SL216103,2025-10-01,,678,264080.45,878.73,2025,FLOTILLA 
21869,3N1CK3CE7SL216100,2025-10-01,,678,264080.45,718.96,2025,FLOTILLA 
21870,3N1CK3CE1SL216092,2025-10-01,,678,264080.45,399.42,2025,FLOTILLA 
21871,3N1CK3CE1SL216061,2025-10-01,,678,264080.45,399.42,2025,FLOTILLA 
21872,3N1CK3CE2SL216117,2025-10-01,,678,264080.45,798.84,2025,FLOTILLA 
21873,3N1CK3CE1SL216058,2025-10-01,,678,264080.45,798.84,2025,FLOTILLA 
21874,3N1CK3CE5SL216080,2025-10-01,,678,264080.45,239.65,2025,FLOTILLA 
21875,3N1CK3CE0SL216049,2025-10-01,,678,264080.45,798.84,2025,FLOTILLA 
21876,3N1CK3CE7SL216047,2025-10-01,,678,264080.45,718.96,2025,FLOTILLA 
21877,3N1CK3CE3SL216059,2025-10-01,,678,264080.45,1278.15,2025,FLOTILLA 
21878,3N1CK3CE3SL216000,2025-10-01,,678,264080.45,798.84,2025,FLOTILLA 
21879,3N1CK3CE2SL216019,2025-10-01,,678,264080.45,958.61,2025,FLOTILLA 
21880,3N1CK3CE6SL215679,2025-10-01,,678,264080.45,1278.15,2025,FLOTILLA 
21881,3N1CK3CE7SL215710,2025-10-01,,678,264080.45,1278.15,2025,FLOTILLA 
21882,3N1CK3CE4SL215650,2025-10-01,,678,264080.45,798.84,2025,FLOTILLA 
21883,3N1CK3CE4SL215731,2025-10-01,,678,264080.45,639.07,2025,FLOTILLA 
21884,3N1CK3CE4SL215695,2025-10-01,,678,264080.45,639.07,2025,FLOTILLA 
21885,3N1CK3CE7SL215657,2025-10-01,,678,264080.45,1278.15,2025,FLOTILLA 
21886,3N1CK3CE1SL215623,2025-10-01,,678,264080.45,718.96,2025,FLOTILLA 
21887,3N1CK3CE8SL215537,2025-10-01,,678,264080.45,718.96,2025,FLOTILLA 
21888,3N1CK3CE0SL215306,2025-10-01,,678,264080.45,239.65,2025,FLOTILLA 
21889,3N1CK3CEXSL212090,2025-10-01,,678,264080.44,452.46,2025,FLOTILLA 
21890,3N1CK3CE3SL217048,2025-10-01,,678,265870.33,1749.87,2025,NUEVO 
21891,3N1CK3CE0SL216858,2025-10-01,,678,265870.33,390.05,2025,NUEVO 
21892,3N1CK3CE2SL217106,2025-10-01,,678,265870.33,1113.55,2025,NUEVO 
21893,3N1CK3CE4SL216524,2025-10-01,,678,288245.56,2500.77,2025,NUEVO 
21894,3N1CK3CE7SL216484,2025-10-01,,678,283771.45,429.20,2025,FLOTILLA 
21895,3N1CK3CE2SL215047,2025-10-01,,678,264080.45,2316.65,2025,NUEVO 
21896,3N1CK3CE2SL216375,2025-10-01,,678,283771.45,2489.39,2025,NUEVO 
21897,3N1CK3CE8SL216199,2025-10-01,,678,283771.45,429.20,2025,FLOTILLA 
21898,3N1CK3CE0SL216245,2025-10-01,,678,283771.45,600.89,2025,FLOTILLA 
21899,3N1CK3CE8SL216204,2025-10-01,,678,283771.45,429.20,2025,FLOTILLA 
21900,3N1CK3CE1SL216156,2025-10-01,,678,264080.45,1917.22,2025,FLOTILLA 
21901,3N1CK3CE8SL215375,2025-10-01,,678,264080.45,1358.03,2025,FLOTILLA 
21902,3N1CK3CE8SL215330,2025-10-01,,678,264080.45,1358.03,2025,FLOTILLA 
21903,3N1CK3CEXSL216009,2025-10-01,,678,288245.57,87.19,2025,NUEVO 
21904,3N1CK3CE9SL215269,2025-10-01,,678,288245.57,2703.02,2025,NUEVO 
21905,3N1CK3CE9SL212176,2025-10-01,,678,264080.44,1291.06,2025,FLOTILLA 
21906,3N1CK3CE9SL207978,2025-10-01,,678,264080.44,553.03,2025,FLOTILLA 
21907,3N1CK3CEXSL207844,2025-10-01,,678,264080.45,395.02,2025,FLOTILLA 
21908,3N1CK3CE8SL207843,2025-10-01,,678,264080.45,395.02,2025,FLOTILLA 
21909,3N1CK3CE7SL207929,2025-10-01,,678,264080.45,395.02,2025,FLOTILLA 
21910,3N1CK3CE3SL207927,2025-10-01,,678,264080.45,395.02,2025,FLOTILLA 
21911,3N1CK3CE8SL216185,2025-10-01,,678,283771.45,1201.77,2025,FLOTILLA 
21912,3N1CK3CE2SL215551,2025-10-01,,678,288245.57,2703.02,2025,NUEVO 
21913,3N1CK3CE6SL210983,2025-09-01,1702,678,283771.45,2367.13,2025,NUEVO 
21914,3N1CK3CE5SL210800,2025-09-01,1331,678,283771.45,2367.13,2025,NUEVO 
21915,3N1CK3CE2SL210768,2025-09-01,1681,678,288245.57,2404.45,2025,NUEVO 
21916,3N1CK3CE7SL210006,2025-09-01,1681,678,283771.44,238.37,2025,NUEVO 
21917,3N1CK3CE3SL209600,2025-09-01,1681,678,283771.44,166.32,2025,NUEVO 
21918,3N1CK3CE0SL207111,2025-09-01,1681,678,283771.45,2428.61,2025,NUEVO 
21919,3N1CK3CE5SL207668,2025-09-01,1708,678,283771.45,692.71,2025,NUEVO 
21920,3N1CK3CE8SL206188,2025-09-01,1783,678,281918.14,160.69,2025,NUEVO 
21921,3N1CK3CE1SL205724,2025-09-01,1331,678,307873.14,2632.32,2025,NUEVO 
21922,3N1CK3CE8SL201718,2025-09-01,1524,678,307853.14,2489.69,2025,DEMO 
21923,3N1CK3CE3SL203988,2025-09-01,1774,678,307853.14,187.00,2025,NUEVO 
21924,3N1CK3CE2SL203089,2025-09-01,1681,678,307853.14,2489.69,2025,DEMO 
21925,3N1CK3CE9SL213604,2025-10-01,,678,285561.33,684.63,2025,FLOTILLA 
21926,3N1CK3CEXSL215376,2025-10-01,,678,264080.45,422.09,2025,FLOTILLA 
21927,3N1CK3CE8SL215375,2025-10-01,,678,264080.45,422.09,2025,FLOTILLA 
21928,3N1CK3CE8SL215330,2025-10-01,,678,264080.45,422.09,2025,FLOTILLA 
21929,3N1CK3CEXSL215670,2025-10-01,,678,264080.45,492.44,2025,FLOTILLA 
21930,3N1CK3CEXSL215300,2025-10-01,,678,264080.45,492.44,2025,FLOTILLA 
21931,3N1CK3CE9SL216079,2025-10-01,,678,264080.45,492.44,2025,FLOTILLA 
21932,3N1CK3CE9SL215532,2025-10-01,,678,264080.45,492.44,2025,FLOTILLA 
21933,3N1CK3CE9SL215403,2025-10-01,,678,264080.45,492.44,2025,FLOTILLA 
21934,3N1CK3CE8SL215764,2025-10-01,,678,264080.45,492.44,2025,FLOTILLA 
21935,3N1CK3CE8SL215652,2025-10-01,,678,264080.45,492.44,2025,FLOTILLA 
21936,3N1CK3CE8SL215537,2025-10-01,,678,264080.45,492.44,2025,FLOTILLA 
21937,3N1CK3CE7SL216100,2025-10-01,,678,264080.45,492.44,2025,FLOTILLA 
21938,3N1CK3CE7SL216047,2025-10-01,,678,264080.45,492.44,2025,FLOTILLA 
21939,3N1CK3CE7SL215772,2025-10-01,,678,264080.45,492.44,2025,FLOTILLA 
21940,3N1CK3CE7SL215769,2025-10-01,,678,264080.45,492.44,2025,FLOTILLA 
21941,3N1CK3CE5SL216144,2025-10-01,,678,264080.45,492.44,2025,FLOTILLA 
21942,3N1CK3CE5SL216080,2025-10-01,,678,264080.45,492.44,2025,FLOTILLA 
21943,3N1CK3CE5SL215768,2025-10-01,,678,264080.45,492.44,2025,FLOTILLA 
21944,3N1CK3CE5SL215561,2025-10-01,,678,264080.45,492.44,2025,FLOTILLA 
21945,3N1CK3CE4SL216121,2025-10-01,,678,264080.45,492.44,2025,FLOTILLA 
21946,3N1CK3CE4SL216104,2025-10-01,,678,264080.45,492.44,2025,FLOTILLA 
21947,3N1CK3CE4SL216054,2025-10-01,,678,264080.45,492.44,2025,FLOTILLA 
21948,3N1CK3CE4SL215731,2025-10-01,,678,264080.45,492.44,2025,FLOTILLA 
21949,3N1CK3CE4SL215695,2025-10-01,,678,264080.45,492.44,2025,FLOTILLA 
21950,3N1CK3CE4SL215650,2025-10-01,,678,264080.45,492.44,2025,FLOTILLA 
21951,3N1CK3CE3SL216126,2025-10-01,,678,264080.45,492.44,2025,FLOTILLA 
21952,3N1CK3CE3SL216093,2025-10-01,,678,264080.45,492.44,2025,FLOTILLA 
21953,3N1CK3CE1SL216142,2025-10-01,,678,264080.45,492.44,2025,FLOTILLA 
21954,3N1CK3CE1SL216092,2025-10-01,,678,264080.45,492.44,2025,FLOTILLA 
21955,3N1CK3CE1SL216061,2025-10-01,,678,264080.45,492.44,2025,FLOTILLA 
21956,3N1CK3CE1SL216058,2025-10-01,,678,264080.45,492.44,2025,FLOTILLA 
21957,3N1CK3CE1SL215623,2025-10-01,,678,264080.45,492.44,2025,FLOTILLA 
21958,3N1CK3CE0SL216133,2025-10-01,,678,264080.45,492.44,2025,FLOTILLA 
21959,3N1CK3CE0SL215757,2025-10-01,,678,264080.45,492.44,2025,FLOTILLA 
21960,3N1CK3CE0SL215306,2025-10-01,,678,264080.45,492.44,2025,FLOTILLA 
21961,3N1CK3CE0SL215273,2025-09-01,1305,678,264080.45,79.88,2025,FLOTILLA 
21962,3N1CK3CE7SL216310,2025-09-01,1331,678,264080.45,79.88,2025,FLOTILLA 
21963,3N1CK3CE9SL216082,2025-09-01,1305,678,264080.45,79.88,2025,FLOTILLA 
21964,3N1CK3CE9SL216051,2025-09-01,1305,678,264080.45,239.65,2025,FLOTILLA 
21965,3N1CK3CE4SL215776,2025-09-01,1305,678,264080.45,239.65,2025,FLOTILLA 
21966,3N1CK3CE0SL216133,2025-09-01,1305,678,264080.45,239.65,2025,FLOTILLA 
21967,3N1CK3CE9SL216096,2025-09-01,1305,678,264080.45,239.65,2025,FLOTILLA 
21968,3N1CK3CE0SL216102,2025-09-01,1305,678,264080.45,239.65,2025,FLOTILLA 
21969,3N1CK3CE4SL216054,2025-09-01,1305,678,264080.45,239.65,2025,FLOTILLA 
21970,3N1CK3CE4SL216104,2025-09-01,1305,678,264080.45,239.65,2025,FLOTILLA 
21971,3N1CK3CEXSL216060,2025-09-01,1305,678,264080.45,239.65,2025,FLOTILLA 
21972,3N1CK3CE4SL216121,2025-09-01,1305,678,264080.45,239.65,2025,FLOTILLA 
21973,3N1CK3CE8SL216039,2025-09-01,1305,678,264080.45,239.65,2025,FLOTILLA 
21974,3N1CK3CE9SL215952,2025-09-01,1305,678,264080.45,239.65,2025,FLOTILLA 
21975,3N1CK3CE8SL212542,2025-09-01,1288,678,264080.44,617.36,2025,FLOTILLA 
21976,3N1CK3CE0SL212485,2025-09-01,1288,678,264080.44,231.51,2025,FLOTILLA 
21977,3N1CK3CE8RL234129,2025-09-01,1681,678,203400.00,987.36,2024,SEMINUEVOS 
21978,3N1CK3CE7SL215299,2025-09-01,1305,678,264080.45,639.07,2025,FLOTILLA 
21979,3N1CK3CE0SL214558,2025-09-01,1681,678,283771.45,1387.33,2025,NUEVO 
21980,3N1CK3CE7SL213956,2025-09-01,1681,678,308832.09,2170.40,2025,NUEVO 
21981,3N1CK3CEXSL213708,2025-09-01,1681,678,308832.09,1981.67,2025,NUEVO 
21982,3N1CK3CE1SL212186,2025-09-01,1288,678,264080.45,385.85,2025,FLOTILLA 
21983,3N1CK3CE3SL212187,2025-09-01,1288,678,264080.45,1234.72,2025,FLOTILLA 
21984,3N1CK3CEXSL212090,2025-09-01,1576,678,264080.44,1697.74,2025,FLOTILLA 
21985,3N1CK3CE8SL212086,2025-09-01,1576,678,264080.44,848.87,2025,FLOTILLA 
21986,3N1CK3CEXSL209674,2025-09-01,1576,678,264080.44,322.77,2025,FLOTILLA 
21987,3N1CK3CE9SL206264,2025-09-01,1576,678,262228.30,721.13,2025,FLOTILLA 
21988,3N1CK3CE9SL207978,2025-09-01,1576,678,264080.44,564.84,2025,FLOTILLA 
21989,3N1CK3CE2SL208132,2025-09-01,1288,678,264080.44,564.84,2025,FLOTILLA 
21990,3N1CK3CEXSL207844,2025-09-01,1288,678,264080.45,322.77,2025,FLOTILLA 
21991,3N1CK3CE8SL207843,2025-09-01,1288,678,264080.45,322.77,2025,FLOTILLA 
21992,3N1CK3CE7SL207929,2025-09-01,1288,678,264080.45,322.77,2025,FLOTILLA 
21993,3N1CK3CE3SL207927,2025-09-01,1288,678,264080.45,322.77,2025,FLOTILLA 
21994,3N1CK3CE4ML207020,2025-09-01,1681,678,159000.00,1457.50,2021,SEMINUEVOS 
21995,3N1CK3CE0SL210591,2025-09-01,1305,678,264080.45,146.86,2025,FLOTILLA 
21996,3N1CK3CE8SL210628,2025-09-01,1305,678,264080.45,514.00,2025,FLOTILLA 
21997,3N1CK3CE5SL212952,2025-09-01,1681,678,283771.45,2487.73,2025,FLOTILLA 
21998,3N1CK3CE2SL212889,2025-09-01,1717,678,264080.45,2315.11,2025,FLOTILLA 
21999,3N1CK3CE5SL211154,2025-09-01,1681,678,288245.57,2526.95,2025,FLOTILLA 
22000,3N1CK3CE3SL212058,2025-09-01,1576,678,264080.44,308.68,2025,FLOTILLA 
22001,3N1CK3CE3SL212237,2025-09-01,1681,678,308832.09,188.90,2025,NUEVO 
22002,3N1CK3CE2SL210673,2025-09-01,1305,678,264080.45,514.00,2025,FLOTILLA 
22003,3N1CK3CE2SL210656,2025-09-01,1305,678,264080.45,514.00,2025,FLOTILLA 
22004,3N1CK3CE0SL212776,2025-09-01,1681,678,283771.44,995.09,2025,FLOTILLA 
22005,3N1CK3CE6SL212779,2025-09-01,1681,678,283771.44,995.09,2025,FLOTILLA 
22006,3N1CK3CE9SL212162,2025-09-01,1288,678,264080.45,1466.23,2025,FLOTILLA 
22007,3N1CK3CE7SL212239,2025-09-01,1288,678,264080.45,308.68,2025,FLOTILLA 
22008,3N1CK3CE8SL212234,2025-09-01,1288,678,264080.45,308.68,2025,FLOTILLA 
22009,3N1CK3CE2SL212228,2025-09-01,1288,678,264080.45,308.68,2025,FLOTILLA 
22010,3N1CK3CE1SL212169,2025-09-01,1288,678,264080.45,308.68,2025,FLOTILLA 
22011,3N1CK3CE3SL212156,2025-09-01,1288,678,264080.45,694.53,2025,FLOTILLA 
22012,3N1CK3CEXSL212090,2025-09-01,1576,678,264080.44,150.82,2025,FLOTILLA 
22013,3N1CK3CEXSL216009,2025-09-01,1748,678,288245.57,87.19,2025,NUEVO 
22014,3N1CK3CE9SL215269,2025-09-01,1331,678,288245.57,87.19,2025,NUEVO 
22015,3N1CK3CE9SL215062,2025-09-01,1681,678,264080.45,479.31,2025,NUEVO 
22016,3N1CK3CE9SL212176,2025-09-01,1288,678,264080.44,161.38,2025,FLOTILLA 
22017,3N1CK3CE9SL207978,2025-09-01,1576,678,264080.44,1817.09,2025,FLOTILLA 
22018,3N1CK3CE8SL210628,2025-09-01,1305,678,264080.45,395.02,2025,FLOTILLA 
22019,3N1CK3CE2SL210673,2025-09-01,1305,678,264080.45,395.02,2025,FLOTILLA 
22020,3N1CK3CE2SL210656,2025-09-01,1305,678,264080.45,395.02,2025,FLOTILLA 
22021,3N1CK3CE2SL208132,2025-09-01,1288,678,264080.44,1185.06,2025,FLOTILLA 
22022,3N1CK3CEXSL207844,2025-09-01,1288,678,264080.45,2054.11,2025,FLOTILLA 
22023,3N1CK3CE8SL207843,2025-09-01,1288,678,264080.45,2054.11,2025,FLOTILLA 
22024,3N1CK3CE7SL207929,2025-09-01,1288,678,264080.45,2054.11,2025,FLOTILLA 
22025,3N1CK3CE3SL207927,2025-09-01,1288,678,264080.45,2054.11,2025,FLOTILLA 
22026,3N1CK3CE2SL215551,2025-09-01,1681,678,288245.57,610.36,2025,NUEVO 
22027,3N1CK3CE5SL214877,2025-09-01,1681,678,283771.45,171.68,2025,FLOTILLA 
22028,3N1CK3CE0SL213703,2025-09-01,1681,678,264080.45,718.96,2025,NUEVO 
22029,3N1CK3CE8SL212556,2025-09-01,1288,678,264080.45,242.07,2025,FLOTILLA 
22030,3N1CK3CE6SL212152,2025-09-01,1288,678,264080.44,77.17,2025,FLOTILLA 
22031,LSJA36E90PZ152581,2025-10-01,,679,161500.00,1497.78,2023,SEMINUEVOS 
22032,LSJA36E9XPZ149784,2025-10-01,,679,161500.00,1497.78,2023,SEMINUEVOS 
22033,LSJA36E91PZ149866,2025-10-01,,679,161500.00,1497.78,2023,SEMINUEVOS 
22034,LSJA36E9XPZ149185,2025-10-01,,679,176300.00,1160.35,2023,SEMINUEVOS 
22035,LSJA36E9XPZ093667,2025-10-01,,679,176300.00,1265.83,2023,SEMINUEVOS 
22036,LSJA36E65NZ044721,2025-10-01,,679,146300.00,88.51,2022,SEMINUEVOS 
22037,LSJA36E95PZ802652,2025-10-01,,679,176300.00,373.32,2023,SEMINUEVOS 
22038,LSJA36E65NZ044721,2025-09-01,1681,679,146300.00,1327.67,2022,SEMINUEVOS 
22039,LSJA36E95PZ802652,2025-09-01,1778,679,176300.00,1599.92,2023,SEMINUEVOS 
22040,LSJA36E98PZ150545,2025-09-01,1777,679,161400.00,848.96,2023,SEMINUEVOS 
22041,LSJA36E90PZ152581,2025-09-01,1681,679,161500.00,1401.15,2023,SEMINUEVOS 
22042,LSJA36E9XPZ149784,2025-09-01,1681,679,161500.00,1401.15,2023,SEMINUEVOS 
22043,LSJA36E91PZ149866,2025-09-01,1681,679,161500.00,1401.15,2023,SEMINUEVOS 
22044,LSJA36E9XPZ149185,2025-09-01,1681,679,176300.00,1529.55,2023,SEMINUEVOS 
22045,LSJA36E9XPZ093667,2025-09-01,1681,679,176300.00,1529.55,2023,SEMINUEVOS 
22046,ML3AFT6J8NH004314,2025-10-01,,680,158800.00,1472.74,2022,SEMINUEVOS 
22047,ML3AFT6J8NH004314,2025-09-01,1681,680,158800.00,1377.72,2022,SEMINUEVOS 
22048,3N6AD35A9SK840797,2025-10-01,,682,436301.08,4091.41,2025,NUEVO 
22049,3N6AD33A0LK812682,2025-10-01,,682,246600.00,969.75,2020,SEMINUEVOS 
22050,3N6AD35A3SK840892,2025-10-01,,682,436301.08,133.31,2025,NUEVO 
22051,3N6AD35A1SK840308,2025-10-01,,682,436301.08,1822.15,2025,NUEVO 
22052,3N6AD35A3SK840343,2025-10-01,,682,436301.08,2739.04,2025,NUEVO 
22053,3N6AD35A5SK839386,2025-10-01,,682,436301.06,2532.97,2025,FLOTILLA 
22054,3N6AD35A2SK839328,2025-10-01,,682,436301.06,2532.97,2025,FLOTILLA 
22055,3N6AD35A4SK839315,2025-10-01,,682,436301.06,2532.97,2025,FLOTILLA 
22056,3N6AD35A1SK839403,2025-10-01,,682,436301.06,2532.97,2025,FLOTILLA 
22057,3N6AD35A6SK839414,2025-10-01,,682,436301.06,4132.74,2025,NUEVO 
22058,3N6AD35A8SK839348,2025-10-01,,682,436301.06,2532.97,2025,FLOTILLA 
22059,3N6AD35A3SK839404,2025-10-01,,682,436301.06,2532.97,2025,FLOTILLA 
22060,3N6AD31A7SK830646,2025-10-01,,682,437168.77,2711.59,2025,NUEVO 
22061,3N6AD35A0SK832944,2025-10-01,,682,436301.08,3396.85,2025,NUEVO 
22062,3N6AD31A0SK833839,2025-10-01,,682,437168.76,3691.46,2025,NUEVO 
22063,3N6AD31AXSK832522,2025-10-01,,682,437168.77,121.56,2025,NUEVO 
22064,3N6AD35A0SK831535,2025-10-01,,682,436301.06,122.16,2025,NUEVO 
22065,3N6AD35A7SK825084,2025-10-01,,682,436301.06,3963.67,2025,NUEVO 
22066,3N6AD31A6SK827527,2025-10-01,,682,437168.76,1918.08,2025,NUEVO 
22067,3N6AD35A8SK839348,2025-10-01,,682,436301.06,1394.71,2025,FLOTILLA 
22068,3N6AD35A5SK839386,2025-10-01,,682,436301.06,1394.71,2025,FLOTILLA 
22069,3N6AD35A4SK839315,2025-10-01,,682,436301.06,1394.71,2025,FLOTILLA 
22070,3N6AD35A3SK839404,2025-10-01,,682,436301.06,1394.71,2025,FLOTILLA 
22071,3N6AD35A2SK839328,2025-10-01,,682,436301.06,1394.71,2025,FLOTILLA 
22072,3N6AD35A1SK839403,2025-10-01,,682,436301.06,1394.71,2025,FLOTILLA 
22073,3N6AD35A6SK847707,2025-10-01,,682,438905.20,237.98,2025,FLOTILLA 
22074,3N6AD35A7SK844525,2025-10-01,,682,438905.21,1051.42,2025,NUEVO 
22075,3N6AD35A0SK845693,2025-10-01,,682,438905.21,501.33,2025,NUEVO 
22076,3N6AD33A1LK850194,2025-10-01,,682,225800.00,838.22,2020,SEMINUEVOS 
22077,3N6AD33A1JK884374,2025-10-01,,682,247200.00,1411.79,2018,SEMINUEVOS 
22078,3N6AD35A9SK841660,2025-10-01,,682,436301.08,4091.41,2025,NUEVO 
22079,3N6AD31A9SK842720,2025-10-01,,682,437168.77,4099.55,2025,NUEVO 
22080,3N6AD35AXSK831817,2025-09-01,1681,682,436301.06,242.63,2025,NUEVO 
22081,3N6AD35A0SK832944,2025-09-01,1331,682,436301.08,3639.48,2025,NUEVO 
22082,3N6AD31A0SK833839,2025-09-01,1331,682,437168.76,3646.72,2025,NUEVO 
22083,3N6AD31A5RK860884,2025-09-01,1721,682,418746.90,2561.57,2024,NUEVO 
22084,3N6AD35A8SK832285,2025-09-01,1746,682,436301.08,3518.16,2025,NUEVO 
22085,3N6AD31A0RK860811,2025-09-01,1780,682,418746.90,3376.61,2024,NUEVO 
22086,3N6AD31AXSK832522,2025-09-01,1681,682,437168.77,3646.72,2025,NUEVO 
22087,3N6AD35A0SK831535,2025-09-01,1681,682,436301.06,3664.93,2025,NUEVO 
22088,3N6AD35A7SK825084,2025-09-01,1331,682,436301.06,3835.81,2025,NUEVO 
22089,3N6AD31A7SK830257,2025-09-01,1681,682,437168.76,2818.52,2025,NUEVO 
22090,3N6AD31A6SK827527,2025-09-01,1331,682,437168.76,3836.16,2025,NUEVO 
22091,3N6AD31A3SK813164,2025-09-01,1681,682,430036.02,538.98,2025,NUEVO 
22092,3N6AD35A9SK840797,2025-09-01,1681,682,436301.08,1187.83,2025,NUEVO 
22093,3N6AD33A0LK812682,2025-09-01,1385,682,246600.00,2237.90,2020,SEMINUEVOS 
22094,3N6AD35A3SK840892,2025-09-01,1735,682,436301.08,1466.46,2025,NUEVO 
22095,3N6AD35A1SK840308,2025-09-01,1681,682,436301.08,1999.71,2025,NUEVO 
22096,3N6AD35A3SK840343,2025-09-01,1681,682,436301.08,1999.71,2025,NUEVO 
22097,3N6AD35A5SK839386,2025-09-01,1770,682,436301.06,933.20,2025,FLOTILLA 
22098,3N6AD35A2SK839328,2025-09-01,1770,682,436301.06,933.20,2025,FLOTILLA 
22099,3N6AD35A4SK839315,2025-09-01,1770,682,436301.06,933.20,2025,FLOTILLA 
22100,3N6AD35A1SK839403,2025-09-01,1770,682,436301.06,933.20,2025,FLOTILLA 
22101,3N6AD35A6SK839414,2025-09-01,1331,682,436301.06,2932.91,2025,NUEVO 
22102,3N6AD35A8SK839348,2025-09-01,1770,682,436301.06,933.20,2025,FLOTILLA 
22103,3N6AD35A3SK839404,2025-09-01,1770,682,436301.06,933.20,2025,FLOTILLA 
22104,3N6AD31A6PK852905,2025-09-01,1722,682,307600.00,2606.74,2023,SEMINUEVOS 
22105,3N6AD31A7SK830646,2025-09-01,1331,682,437168.77,3646.72,2025,NUEVO 
22106,3N6AD33A1LK850194,2025-09-01,1385,682,225800.00,451.35,2020,SEMINUEVOS 
22107,3N6AD33A1JK884374,2025-09-01,1681,682,247200.00,564.71,2018,SEMINUEVOS 
22108,3N6AD35A9SK841870,2025-09-01,1746,682,436301.08,395.94,2025,NUEVO 
22109,3N6AD35A9SK841660,2025-09-01,1331,682,436301.08,527.92,2025,NUEVO 
22110,3N6AD31A9SK842720,2025-09-01,1331,682,437168.77,396.73,2025,NUEVO 
22111,3N6AD31A6NK807508,2025-09-01,1732,682,283100.00,1778.58,2022,SEMINUEVOS 
22112,JN1BE6DSXL9039027,2025-10-01,,683,409100.00,3341.32,2020,SEMINUEVOS 
22113,JN1BE6DSXM9040423,2025-10-01,,683,409100.00,1133.26,2021,SEMINUEVOS 
22114,JN6BE6CS4L9060290,2025-10-01,,683,311200.00,829.00,2020,SEMINUEVOS 
22115,JN1BE6DS6N9043207,2025-10-01,,683,439900.00,1171.84,2022,SEMINUEVOS 
22116,JN1BE6DSXL9035690,2025-10-01,,683,374300.00,997.09,2020,SEMINUEVOS 
22117,JN1BE6DSXL9036483,2025-10-01,,683,374300.00,997.09,2020,SEMINUEVOS 
22118,JN1BE6DSXL9036130,2025-10-01,,683,374300.00,997.09,2020,SEMINUEVOS 
22119,JN1BE6DS4L9035829,2025-10-01,,683,374300.00,997.09,2020,SEMINUEVOS 
22120,JN1BE6DS3L9036731,2025-10-01,,683,374300.00,997.09,2020,SEMINUEVOS 
22121,JN1BE6DS6L9036691,2025-10-01,,683,374300.00,997.09,2020,SEMINUEVOS 
22122,JN1BE6DSXL9036371,2025-10-01,,683,376400.00,322.45,2020,SEMINUEVOS 
22123,JN1BE6DS4L9035782,2025-10-01,,683,376400.00,528.01,2020,SEMINUEVOS 
22124,JN1BE6DS3L9036938,2025-10-01,,683,376400.00,2687.08,2020,SEMINUEVOS 
22125,JN1BE6DS0N9042084,2025-10-01,,683,376400.00,3331.98,2020,SEMINUEVOS 
22126,JN1BE6DS4L9036981,2025-10-01,,683,376400.00,3331.98,2020,SEMINUEVOS 
22127,JN1BE6DS9L9037317,2025-10-01,,683,376400.00,3331.98,2020,SEMINUEVOS 
22128,JN1BE6DS6L9037243,2025-10-01,,683,376400.00,3117.01,2020,SEMINUEVOS 
22129,JN1BE6DS4L9036916,2025-10-01,,683,376400.00,3331.98,2020,SEMINUEVOS 
22130,JN1BE6DS4L9037323,2025-10-01,,683,376400.00,2687.08,2020,SEMINUEVOS 
22131,JN1BE6DS0M9041130,2025-10-01,,683,407700.00,175.97,2021,SEMINUEVOS 
22132,JN1BE6DS4M9041387,2025-10-01,,683,406100.00,108.18,2021,SEMINUEVOS 
22133,JN1BE6DS9M9040963,2025-10-01,,683,406100.00,108.18,2021,SEMINUEVOS 
22134,JN1BE6DS1L9036209,2025-09-01,1743,683,409100.00,1856.29,2020,SEMINUEVOS 
22135,JN1BE6DSXL9039027,2025-09-01,1720,683,409100.00,2351.30,2020,SEMINUEVOS 
22136,JN6BE6CS4N9067436,2025-09-01,1681,683,368900.00,940.59,2022,SEMINUEVOS 
22137,JN1BE6DS4M9041115,2025-09-01,1757,683,409100.00,500.01,2021,SEMINUEVOS 
22138,JN1BE6DS5L9035970,2025-09-01,1781,683,378100.00,2302.51,2020,SEMINUEVOS 
22139,JN1BE6DSXM9040423,2025-09-01,1385,683,409100.00,3750.08,2021,SEMINUEVOS 
22140,JN1BE6DSXM9041393,2025-09-01,1784,683,413000.00,3620.63,2021,SEMINUEVOS 
22141,JN1BE6DS5L9036309,2025-09-01,1681,683,381700.00,223.08,2020,SEMINUEVOS 
22142,JN1BE6DSXL9036371,2025-09-01,1681,683,376400.00,859.86,2020,SEMINUEVOS 
22143,JN1BE6DS4L9035782,2025-09-01,1681,683,376400.00,859.86,2020,SEMINUEVOS 
22144,JN1BE6DS3L9036938,2025-09-01,1681,683,376400.00,859.86,2020,SEMINUEVOS 
22145,JN1BE6DS0N9042084,2025-09-01,1681,683,376400.00,859.86,2020,SEMINUEVOS 
22146,JN1BE6DS4L9036981,2025-09-01,1681,683,376400.00,859.86,2020,SEMINUEVOS 
22147,JN1BE6DS9L9037317,2025-09-01,1681,683,376400.00,859.86,2020,SEMINUEVOS 
22148,JN1BE6DS6L9037243,2025-09-01,1681,683,376400.00,859.86,2020,SEMINUEVOS 
22149,JN1BE6DS4L9036916,2025-09-01,1681,683,376400.00,859.86,2020,SEMINUEVOS 
22150,JN1BE6DS4L9037323,2025-09-01,1681,683,376400.00,859.86,2020,SEMINUEVOS 
22151,JN1BE6DS7L9036649,2025-09-01,1681,683,376400.00,2139.52,2020,SEMINUEVOS 
22152,JN1BE6DS0M9041130,2025-09-01,1681,683,407700.00,2317.43,2021,SEMINUEVOS 
22153,LSGEN53A1PD085477,2025-10-01,,684,189300.00,165.95,2023,SEMINUEVOS 
22154,LSGEN53A7PD004191,2025-10-01,,684,187600.00,548.21,2023,SEMINUEVOS 
22155,LSGEN53A5PD075924,2025-10-01,,684,188600.00,839.06,2023,SEMINUEVOS 
22156,LSGEN53AXPD011345,2025-10-01,,684,222300.00,1566.97,2023,SEMINUEVOS 
22157,LSGEN53A9PD005343,2025-10-01,,684,185000.00,1532.01,2023,SEMINUEVOS 
22158,LSGEN53A4PD013169,2025-09-01,1681,684,229300.00,616.32,2023,SEMINUEVOS 
22159,LSGEN53A5PD075924,2025-09-01,1385,684,188600.00,1415.91,2023,SEMINUEVOS 
22160,LSGEN53A1PD013999,2025-09-01,1681,684,229500.00,730.13,2023,SEMINUEVOS 
22161,LSGEN53A3PD044414,2025-09-01,1681,684,189300.00,276.59,2023,SEMINUEVOS 
22162,LSGEN53A1PD085477,2025-09-01,1681,684,189300.00,1659.53,2023,SEMINUEVOS 
22163,LSGEN53A7PD004191,2025-09-01,1681,684,187600.00,1644.63,2023,SEMINUEVOS 
22164,LSGEN53A9PD005343,2025-09-01,1681,684,185000.00,316.97,2023,SEMINUEVOS 
22165,5N1DR3MN8SC256849,2025-10-01,,686,1042253.26,6665.50,2025,NUEVO 
22166,5N1DR3MN5RC314054,2025-10-01,,686,1041332.59,8161.44,2024,DEMO 
22167,5N1DR3MN8SC256849,2025-09-01,1331,686,1042253.26,8694.13,2025,NUEVO 
22168,5N1DR3MN9RC256529,2025-09-01,1730,686,812000.00,5694.83,2024,SEMINUEVOS 
22169,MEX6A2604NT024356,2025-10-01,,687,177700.00,1573.04,2022,SEMINUEVOS 
22170,MEX6A2604NT024356,2025-09-01,1681,687,177700.00,405.95,2022,SEMINUEVOS 
22171,JTDKARFUXK3088240,2025-10-01,,688,208900.00,55.65,2019,SEMINUEVOS 
22172,RN76772420250808,2025-09-01,1681,691,4280.68,1.37,2025,REFACC 
22173,RN76676220250808,2025-09-01,1681,691,2853.54,0.91,2025,REFACC 
22174,RN76326020250801,2025-09-01,1681,691,89145.45,28.48,2025,REFACC 
22175,RN76325920250801,2025-09-01,1681,691,11969.03,3.82,2025,REFACC 
22176,RN76325820250801,2025-09-01,1681,691,6699.61,2.14,2025,REFACC 
22177,RN76325720250801,2025-09-01,1681,691,130582.41,41.71,2025,REFACC 
22178,RN76327220250801,2025-09-01,1681,691,263.24,0.08,2025,REFACC 
22179,3N1AB8AE8SY377307,2025-10-01,,694,426000.20,746.92,2025,FLOTILLA 
22180,3N1AB8AE3SY388246,2025-10-01,,694,391853.29,3674.60,2025,NUEVO 
22181,3N1AB8AEXSY388356,2025-10-01,,694,407219.81,3818.70,2025,NUEVO 
22182,3N1AB8AE5SY392556,2025-10-01,,694,372953.40,3497.37,2025,NUEVO 
22183,3N1AB8AE4SY388787,2025-10-01,,694,372953.41,3532.70,2025,NUEVO 
22184,3N1AB8AE9SY388168,2025-10-01,,694,372953.41,3532.70,2025,NUEVO 
22185,3N1AB8AE6SY378777,2025-10-01,,694,391853.29,3711.72,2025,NUEVO 
22186,3N1AB8AE4SY382066,2025-10-01,,694,372953.41,3532.70,2025,NUEVO 
22187,3N1AB8AE6SY383588,2025-10-01,,694,407219.81,3857.28,2025,NUEVO 
22188,3N1AB8AE9SY379745,2025-10-01,,694,372953.40,3532.70,2025,NUEVO 
22189,3N1AB8AE2SY378095,2025-10-01,,694,407219.80,3857.28,2025,NUEVO 
22190,3N1AB8AE5SY362599,2025-10-01,,694,426000.20,4035.17,2025,NUEVO 
22191,3N1AB8AE4PY205511,2025-10-01,,694,275100.00,2605.81,2023,SEMINUEVOS 
22192,3N1AB8AE4SY380091,2025-10-01,,694,407219.80,3688.96,2025,NUEVO 
22193,3N1AB8AE8SY375637,2025-10-01,,694,372953.40,3378.54,2025,NUEVO 
22194,3N1AB8AE0SY374773,2025-10-01,,694,391853.28,3549.76,2025,NUEVO 
22195,3N1AB8AE4SY370001,2025-10-01,,694,488168.08,4422.26,2025,NUEVO 
22196,3N1AB8AE8SY375427,2025-10-01,,694,372953.41,3535.91,2025,NUEVO 
22197,3N1AB8AE7SY369912,2025-10-01,,694,426000.21,4038.84,2025,NUEVO 
22198,3N1AB8AE0SY369329,2025-10-01,,694,407219.80,3510.12,2025,NUEVO 
22199,3N1AB8AE2SY363077,2025-10-01,,694,407219.81,3510.12,2025,NUEVO 
22200,3N1AB8AE9SY362119,2025-10-01,,694,372953.41,3214.75,2025,NUEVO 
22201,3N1AB8AEXSY359102,2025-10-01,,694,407219.80,3534.67,2025,NUEVO 
22202,3N1AB8AEXSY355731,2025-10-01,,694,426000.21,3697.68,2025,NUEVO 
22203,3N1AB8AE9SY354358,2025-10-01,,694,391853.28,1469.58,2025,NUEVO 
22204,3N1AB8AE4SY351108,2025-10-01,,694,407219.80,3699.48,2025,NUEVO 
22205,3N1AB8AE9SY351329,2025-10-01,,694,407219.80,3699.48,2025,NUEVO 
22206,3N1AB8AE1SY348618,2025-10-01,,694,372953.40,3388.18,2025,NUEVO 
22207,3N1AB8AE3SY350287,2025-10-01,,694,372953.40,3388.18,2025,NUEVO 
22208,3N1AB8AE1SY349610,2025-10-01,,694,426000.20,3870.09,2025,NUEVO 
22209,3N1AB8AE2SY334761,2025-10-01,,694,407219.80,3699.48,2025,NUEVO 
22210,3N1AB8AE6SY330874,2025-10-01,,694,391853.28,3559.88,2025,NUEVO 
22211,3N1AB8AE9SY330755,2025-10-01,,694,391853.28,3559.88,2025,NUEVO 
22212,3N1AB8AEXSY328223,2025-10-01,,694,472259.84,4290.35,2025,NUEVO 
22213,3N1AB8AE3SY348068,2025-10-01,,694,426000.20,3870.09,2025,NUEVO 
22214,3N1AB8AE4SY343574,2025-10-01,,694,407219.80,3699.48,2025,NUEVO 
22215,3N1AB8AE1SY346299,2025-10-01,,694,426000.21,3870.09,2025,NUEVO 
22216,3N1AB8AE5SY342675,2025-10-01,,694,372953.40,3381.76,2025,NUEVO 
22217,3N1AB8AE2SY340866,2025-10-01,,694,407219.80,3692.47,2025,NUEVO 
22218,3N1AB8AE1SY319605,2025-10-01,,694,391853.29,3465.40,2025,NUEVO 
22219,3N1AB8AE8SY331377,2025-10-01,,694,391853.28,3553.13,2025,NUEVO 
22220,3N1AB8AE7SY326798,2025-10-01,,694,426000.21,1818.14,2025,NUEVO 
22221,3N1AB8AE5SY318361,2025-10-01,,694,401075.66,3543.50,2025,NUEVO 
22222,3N1AB8AE2SY313263,2025-10-01,,694,419856.06,3709.43,2025,NUEVO 
22223,3N1AB8AEXSY290105,2025-10-01,,694,419836.06,2817.64,2025,DEMO 
22224,3N1AB8AE7SY281426,2025-10-01,,694,401055.66,3899.04,2025,NUEVO 
22225,3N1AB8AE8SY239234,2025-10-01,,694,477832.58,2236.46,2025,DEMO 
22226,3N1AB8AE9PY206735,2025-10-01,,694,246500.00,722.31,2023,SEMINUEVOS 
22227,3N1AB8AE7SY274346,2025-10-01,,694,416170.46,1918.08,2025,FLOTILLA 
22228,3N1AB8AE4SY269640,2025-10-01,,694,382024.70,1760.71,2025,FLOTILLA 
22229,3N1AB8AE7SY273939,2025-10-01,,694,361620.00,686.27,2025,SEMINUEVOS 
22230,3N1AB8AE1SY393414,2025-10-01,,694,426000.21,692.96,2025,FLOTILLA 
22231,3N1AB8AEXSY392729,2025-10-01,,694,426000.21,692.96,2025,FLOTILLA 
22232,3N1AB8AE0SY348979,2025-10-01,,694,426000.21,692.96,2025,FLOTILLA 
22233,3N1AB8AE8SY377307,2025-10-01,,694,426000.20,2887.33,2025,FLOTILLA 
22234,3N1AB8AE0RY384522,2025-10-01,,694,353200.00,2489.67,2024,SEMINUEVOS 
22235,3N1AB8AE6SY382912,2025-10-01,,694,391853.28,212.47,2025,FLOTILLA 
22236,3N1AB8AE3SY349124,2025-10-01,,694,426000.21,515.46,2025,FLOTILLA 
22237,3N1AB8AE9SY376053,2025-10-01,,694,426000.21,2067.99,2025,FLOTILLA 
22238,3N1AB8AE8SY334148,2025-10-01,,694,426000.20,3771.05,2025,FLOTILLA 
22239,3N1AB8AE4SY408195,2025-10-01,,694,375550.65,786.47,2025,NUEVO 
22240,3N1AB8AE7SY359672,2025-10-01,,694,409779.93,1348.52,2025,NUEVO 
22241,3N1AB8AE0SY389029,2025-10-01,,694,472259.85,2000.02,2025,NUEVO 
22242,3N1AB8AEXNY261692,2025-10-01,,694,244200.00,549.44,2022,SEMINUEVOS 
22243,3N1AB8AE7SY274346,2025-10-01,,694,416170.46,1743.06,2025,FLOTILLA 
22244,3N1AB8AE4SY269640,2025-10-01,,694,382024.70,1600.05,2025,FLOTILLA 
22245,3N1AB8AE8SY389473,2025-10-01,,694,407219.81,3857.28,2025,NUEVO 
22246,3N1AB8AE2SY363077,2025-09-01,1681,694,407219.81,3396.89,2025,NUEVO 
22247,3N1AB8AE9SY362119,2025-09-01,1681,694,372953.41,3111.05,2025,NUEVO 
22248,3N1AB8AEXSY359102,2025-09-01,1331,694,407219.80,3420.65,2025,NUEVO 
22249,3N1AB8AE3SY355456,2025-09-01,1681,694,472259.85,3834.75,2025,NUEVO 
22250,3N1AB8AEXSY355731,2025-09-01,1681,694,426000.21,3578.40,2025,NUEVO 
22251,3N1AB8AE0SY354927,2025-09-01,1681,694,426000.20,119.28,2025,NUEVO 
22252,3N1AB8AE9SY354358,2025-09-01,1331,694,391853.28,3291.57,2025,NUEVO 
22253,3N1AB8AE4SY351108,2025-09-01,1681,694,407219.80,3580.14,2025,NUEVO 
22254,3N1AB8AE9SY351329,2025-09-01,1681,694,407219.80,3580.14,2025,NUEVO 
22255,3N1AB8AE7SY348624,2025-09-01,1681,694,391853.28,1952.19,2025,NUEVO 
22256,3N1AB8AE1SY348618,2025-09-01,1331,694,372953.40,3278.88,2025,NUEVO 
22257,3N1AB8AE3SY350287,2025-09-01,1681,694,372953.40,3278.88,2025,NUEVO 
22258,3N1AB8AE1SY349610,2025-09-01,1331,694,426000.20,3745.25,2025,NUEVO 
22259,3N1AB8AE1SY349977,2025-09-01,1733,694,372953.40,722.61,2025,NUEVO 
22260,3N1AB8AE2SY334761,2025-09-01,1681,694,407219.80,3580.14,2025,NUEVO 
22261,3N1AB8AE6SY330874,2025-09-01,1331,694,391853.28,3445.04,2025,NUEVO 
22262,3N1AB8AE8SY334148,2025-09-01,1283,694,426000.20,3495.57,2025,NUEVO 
22263,3N1AB8AE9SY330755,2025-09-01,1331,694,391853.28,3445.04,2025,NUEVO 
22264,3N1AB8AEXSY328223,2025-09-01,1331,694,472259.84,4151.95,2025,NUEVO 
22265,3N1AB8AE3SY348068,2025-09-01,1331,694,426000.20,3745.25,2025,NUEVO 
22266,3N1AB8AE4SY343574,2025-09-01,1331,694,407219.80,3580.14,2025,NUEVO 
22267,3N1AB8AE1SY346299,2025-09-01,1681,694,426000.21,3745.25,2025,NUEVO 
22268,3N1AB8AE5SY342675,2025-09-01,1681,694,372953.40,3272.67,2025,NUEVO 
22269,3N1AB8AE2SY340866,2025-09-01,1331,694,407219.80,3573.35,2025,NUEVO 
22270,3N1AB8AE1SY319605,2025-09-01,1681,694,391853.29,3353.61,2025,NUEVO 
22271,3N1AB8AE8SY331377,2025-09-01,1681,694,391853.28,3438.51,2025,NUEVO 
22272,3N1AB8AE7SY326798,2025-09-01,1331,694,426000.21,3823.35,2025,NUEVO 
22273,3N1AB8AE3SY325650,2025-09-01,1713,694,372953.41,223.15,2025,NUEVO 
22274,3N1AB8AE5SY318361,2025-09-01,1681,694,401075.66,3429.20,2025,NUEVO 
22275,3N1AB8AE9MY277252,2025-09-01,1704,694,230600.00,344.94,2021,SEMINUEVOS 
22276,3N1AB8AE2SY313263,2025-09-01,1331,694,419856.06,3589.77,2025,NUEVO 
22277,3N1AB8AEXSY290105,2025-09-01,1524,694,419836.06,3146.80,2025,DEMO 
22278,3N1AB8AE7SY281426,2025-09-01,1331,694,401055.66,3773.27,2025,NUEVO 
22279,3N1AB8AE8SY239234,2025-09-01,1524,694,477832.58,2648.85,2025,DEMO 
22280,3N1AB8AE3SY349124,2025-10-01,,694,426000.21,226.96,2025,NUEVO 
22281,3N1AB8AE8SY377307,2025-09-01,1283,694,426000.20,1244.87,2025,FLOTILLA 
22282,3N1AB8AE4LY255061,2025-09-01,1681,694,210100.00,1906.66,2020,SEMINUEVOS 
22283,3N1AB8AE3SY388246,2025-09-01,1681,694,391853.29,118.54,2025,NUEVO 
22284,3N1AB8AEXSY388356,2025-09-01,1681,694,407219.81,123.18,2025,NUEVO 
22285,3N1AB8AE5SY392556,2025-09-01,1681,694,372953.40,112.82,2025,NUEVO 
22286,3N1AB8AE0SY390021,2025-09-01,1681,694,372953.41,683.75,2025,NUEVO 
22287,3N1AB8AE4SY388787,2025-09-01,1331,694,372953.41,113.96,2025,NUEVO 
22288,3N1AB8AE7SY274346,2025-09-01,1290,694,416170.46,1780.28,2025,FLOTILLA 
22289,3N1AB8AE4SY269640,2025-09-01,1290,694,382024.70,1634.22,2025,FLOTILLA 
22290,3N1AB8AE7SY375919,2025-09-01,1681,694,426000.21,3865.95,2025,FLOTILLA 
22291,3N1AB8AE9SY388168,2025-09-01,1681,694,372953.41,1139.58,2025,NUEVO 
22292,3N1AB8AE6SY378777,2025-09-01,1681,694,391853.29,1197.33,2025,NUEVO 
22293,3N1AB8AE4SY382066,2025-09-01,1331,694,372953.41,1025.62,2025,NUEVO 
22294,3N1AB8AE6SY383588,2025-09-01,1681,694,407219.81,1244.28,2025,NUEVO 
22295,3N1AB8AE6SY382912,2025-09-01,1681,694,391853.28,1197.33,2025,NUEVO 
22296,3N1AB8AE9SY379745,2025-09-01,1681,694,372953.40,1139.58,2025,NUEVO 
22297,3N1AB8AE2SY378095,2025-09-01,1681,694,407219.80,1244.28,2025,NUEVO 
22298,3N1AB8AE5SY362599,2025-09-01,1331,694,426000.20,1301.67,2025,NUEVO 
22299,3N1AB8AEXPY207019,2025-09-01,1681,694,250300.00,1773.78,2023,SEMINUEVOS 
22300,3N1AB8AE7SY268529,2025-09-01,1681,694,387000.00,2205.81,2025,SEMINUEVOS 
22301,3N1AB8AE4PY205511,2025-09-01,1681,694,275100.00,2521.75,2023,SEMINUEVOS 
22302,3N1AB8AE4SY380947,2025-09-01,1681,694,472259.84,2418.38,2025,NUEVO 
22303,3N1AB8AE4SY380091,2025-09-01,1681,694,407219.80,2379.97,2025,NUEVO 
22304,3N1AB8AE8SY375637,2025-09-01,1681,694,372953.40,3269.56,2025,NUEVO 
22305,3N1AB8AE0SY374773,2025-09-01,1681,694,391853.28,3435.25,2025,NUEVO 
22306,3N1AB8AE4SY370001,2025-09-01,1681,694,488168.08,4279.61,2025,NUEVO 
22307,3N1AB8AE8SY375427,2025-09-01,1681,694,372953.41,3421.85,2025,NUEVO 
22308,3N1AB8AE7SY369912,2025-09-01,1681,694,426000.21,3908.55,2025,NUEVO 
22309,3N1AB8AE6NY266548,2025-09-01,1681,694,254400.00,2230.24,2022,SEMINUEVOS 
22310,3N1AB8AE0SY369329,2025-09-01,1681,694,407219.80,3396.89,2025,NUEVO 
22311,3N1AB8AE9SY376053,2025-09-01,1283,694,426000.21,3647.98,2025,FLOTILLA 
22312,3N1AB8AE9SY376053,2025-09-01,1283,694,426000.21,243.29,2025,FLOTILLA 
22313,3N1AB8AE8SY334148,2025-09-01,1283,694,426000.20,243.29,2025,FLOTILLA 
22314,3N1AB8AEXNY261692,2025-09-01,1681,694,244200.00,418.40,2022,SEMINUEVOS 
22315,3N1AB8AE7SY274346,2025-09-01,1290,694,416170.46,1992.07,2025,FLOTILLA 
22316,3N1AB8AE4SY269640,2025-09-01,1290,694,382024.70,1828.62,2025,FLOTILLA 
22317,3N1AB8AE5MY330495,2025-09-01,1681,694,248500.00,520.40,2023,SEMINUEVOS 
22318,3N1AB8AE8SY389473,2025-09-01,1681,694,407219.81,622.14,2025,NUEVO 
22319,9BWBL6BF7M4079983,2025-10-01,,698,209300.00,1941.08,2021,SEMINUEVOS 
22320,9BWBL6BF5P4038997,2025-10-01,,698,257300.00,2277.68,2023,SEMINUEVOS 
22321,9BWBL6BF0P4039779,2025-10-01,,698,257300.00,2277.68,2023,SEMINUEVOS 
22322,9BWBL6BF5P4039177,2025-10-01,,698,257300.00,2277.68,2023,SEMINUEVOS 
22323,9BWBL6BF5P4038997,2025-09-01,1681,698,257300.00,587.79,2023,SEMINUEVOS 
22324,9BWBL6BF0P4039779,2025-09-01,1681,698,257300.00,587.79,2023,SEMINUEVOS 
22325,9BWBL6BF5P4039177,2025-09-01,1681,698,257300.00,587.79,2023,SEMINUEVOS 
22326,9BWBL6BF7M4079983,2025-09-01,1385,698,209300.00,1690.62,2021,SEMINUEVOS 
22327,LZWNNNGM0PC822686,2025-09-01,1644,699,185500.00,52.97,2023,SEMINUEVOS 
22328,JN6BE6CS7L9060218,2025-10-01,,701,324100.00,1734.77,2020,SEMINUEVOS 
22329,JN6BE6CS2N9066821,2025-10-01,,701,380400.00,732.51,2022,SEMINUEVOS 
22330,JN1BE6DSXM9041247,2025-10-01,,701,406100.00,2422.16,2021,SEMINUEVOS 
22331,JN1BE6DS4L9036401,2025-10-01,,701,374300.00,2232.49,2020,SEMINUEVOS 
22332,JN1BE6DS0L9038212,2025-10-01,,701,374300.00,2029.54,2020,SEMINUEVOS 
22333,JN6BE6CS9S9123429,2025-10-01,,701,537981.97,2918.85,2025,FLOTILLA 
22334,JN6BE6CS2S9123451,2025-10-01,,701,537981.97,3072.47,2025,FLOTILLA 
22335,JN6BE6CS3S9123474,2025-10-01,,701,546361.81,1144.17,2025,NUEVO 
22336,JN1BE6DS9S9121815,2025-10-01,,701,652953.05,976.71,2025,NUEVO 
22337,JN1BE6DS7L9036277,2025-10-01,,701,376400.00,3009.53,2020,SEMINUEVOS 
22338,JN1BE6DS4S9121656,2025-10-01,,701,645301.69,3904.08,2025,NUEVO 
22339,JN6BE6CS7L9060218,2025-09-01,1681,701,324100.00,2365.59,2020,SEMINUEVOS 
22340,JN6BE6CS1N9067345,2025-09-01,1681,701,376400.00,1371.36,2022,SEMINUEVOS 
22341,JN6BE6CS2N9066821,2025-09-01,1681,701,380400.00,1519.28,2022,SEMINUEVOS 
22342,JN6BE6CS0S9123349,2025-10-01,,701,537981.97,143.31,2025,NUEVO 
22343,JN6BE6CSXS9123228,2025-10-01,,701,537981.97,1289.81,2025,FLOTILLA 
22344,JN6BE6CS2S9123224,2025-10-01,,701,537981.97,1289.81,2025,FLOTILLA 
22345,JN1BE6DS7L9036277,2025-09-01,1758,701,376400.00,214.97,2020,SEMINUEVOS 
22346,JN6BE6CS4L9060211,2025-09-01,1726,701,313800.00,93.88,2020,SEMINUEVOS 
22347,3N1CN7AE3NL700285,2025-10-01,,702,166300.00,1207.34,2022,SEMINUEVOS 
22348,3N1CN7AE1SK406613,2025-10-01,,702,273956.68,89.16,2025,NUEVO 
22349,3N1CN7AE0NL709395,2025-10-01,,702,168000.00,492.29,2022,SEMINUEVOS 
22350,3N1CN7AE5SK411815,2025-10-01,,702,275746.56,220.37,2025,FLOTILLA 
22351,3N1CN7AE5SK411023,2025-10-01,,702,275746.56,587.65,2025,FLOTILLA 
22352,3N1CN7AE7SK411718,2025-10-01,,702,275746.57,367.28,2025,FLOTILLA 
22353,3N1CN7AEXSK410921,2025-10-01,,702,275746.57,587.65,2025,FLOTILLA 
22354,3N1CN7AE1SK410922,2025-10-01,,702,275746.57,220.37,2025,FLOTILLA 
22355,3N1CN7AE3SK411036,2025-10-01,,702,275746.57,220.37,2025,FLOTILLA 
22356,3N1CN7AE4SK410915,2025-10-01,,702,275746.56,367.28,2025,FLOTILLA 
22357,3N1CN7AE8SK412571,2025-10-01,,702,275746.56,236.22,2025,NUEVO 
22358,3N1CN7AEXSK412491,2025-10-01,,702,275746.56,236.22,2025,NUEVO 
22359,3N1CN7AE1SK412055,2025-10-01,,702,275746.56,236.22,2025,NUEVO 
22360,3N1CN7AE2SK411187,2025-10-01,,702,275746.56,236.22,2025,NUEVO 
22361,3N1CN7AE5SK408607,2025-10-01,,702,275746.57,990.85,2025,NUEVO 
22362,3N1CN7AE6SK408583,2025-10-01,,702,275746.57,1321.13,2025,NUEVO 
22363,3N1CN7AE0SK410569,2025-10-01,,702,275746.57,1321.13,2025,NUEVO 
22364,3N1CN7AE8SK410609,2025-10-01,,702,275746.57,1321.13,2025,NUEVO 
22365,3N1CN7AE6SK409233,2025-10-01,,702,275746.57,742.45,2025,NUEVO 
22366,3N1CN7AE3SK402997,2025-09-01,1681,702,273956.68,76.18,2025,NUEVO 
22367,3N1CN7AE5SK402905,2025-09-01,1681,702,273956.68,1831.82,2025,NUEVO 
22368,3N1CN7AE0SK401483,2025-09-01,1724,702,273956.69,1828.20,2025,NUEVO 
22369,3N1CN7AE2SK401257,2025-09-01,1724,702,273956.69,152.35,2025,NUEVO 
22370,3N1CN7AE0SK401161,2025-09-01,1724,702,273956.69,152.35,2025,NUEVO 
22371,3N1CN7AE0SK399184,2025-09-01,1724,702,273956.69,160.57,2025,NUEVO 
22372,3N1CN7AE1SK399064,2025-09-01,1761,702,273956.69,176.88,2025,NUEVO 
22373,3N1CN7AE3NL700285,2025-09-01,1755,702,166300.00,1509.17,2022,SEMINUEVOS 
22374,3N1CN7AE1SK406613,2025-09-01,1739,702,273956.68,1325.95,2025,NUEVO 
22375,3N1CN7AE8SK405572,2025-09-01,1724,702,273956.68,585.96,2025,NUEVO 
22376,3N1CN7AE9SK404396,2025-09-01,1389,702,273956.69,2081.46,2025,NUEVO 
22377,3N1CN7AE8SK400484,2025-09-01,1681,702,273956.68,160.11,2025,NUEVO 
22378,3N1CN7AE0SK404402,2025-09-01,1724,702,273956.69,167.57,2025,NUEVO 
22379,3N1CN7AE2SK403185,2025-09-01,1681,702,273956.69,167.57,2025,NUEVO 
22380,3N1CN7AE9SK403118,2025-09-01,1681,702,273956.68,167.57,2025,NUEVO 
22381,3N1CN7AE5SK403780,2025-09-01,1759,702,273956.69,461.85,2025,NUEVO 
22382,3N1CN7AE0SK401483,2025-09-01,1724,702,273956.69,391.15,2025,FLOTILLA 
22383,3N1CN7AE8SK405572,2025-09-01,1724,702,273956.68,1229.38,2025,FLOTILLA 
22384,MEX5B2600NT020233,2025-10-01,,703,168400.00,356.59,2022,SEMINUEVOS 
22385,MEX5B2602MT131266,2025-10-01,,703,154800.00,248.55,2021,SEMINUEVOS 
22386,MEX5B2602MT131266,2025-09-01,1681,703,154800.00,1420.29,2021,SEMINUEVOS 
22387,MEX5B2600NT020233,2025-09-01,1695,703,168400.00,1528.23,2022,SEMINUEVOS 
22388,MEX5A2604MT151084,2025-09-01,1750,703,153500.00,46.43,2021,SEMINUEVOS 
22389,3N1CN8AE3NL869860,2025-10-01,,704,187900.00,1742.62,2022,SEMINUEVOS 
22390,3N1CN8AEXSK624331,2025-10-01,,704,343766.64,3188.15,2025,FLOTILLA 
22391,3N1CN8AE5PL858619,2025-10-01,,704,218400.00,2025.48,2023,SEMINUEVOS 
22392,3N1CN8AE8SK628488,2025-10-01,,704,343766.65,1028.44,2025,FLOTILLA 
22393,3N1CN8AE5SK617819,2025-10-01,,704,343766.64,2262.56,2025,FLOTILLA 
22394,3N1CN8AE6SK617876,2025-10-01,,704,343766.64,1748.34,2025,FLOTILLA 
22395,3N1CN8AE6SK617053,2025-10-01,,704,343766.64,2262.56,2025,FLOTILLA 
22396,3N1CN8AE7SK614226,2025-10-01,,704,343766.64,1748.34,2025,FLOTILLA 
22397,3N1CN8AE8SK628989,2025-10-01,,704,328550.93,3080.99,2025,FLOTILLA 
22398,3N1CN8AEXSK625057,2025-10-01,,704,343766.65,3223.67,2025,FLOTILLA 
22399,3N1CN8AE3SK630794,2025-10-01,,704,376740.81,3532.89,2025,NUEVO 
22400,3N1CN8AE4SK630612,2025-10-01,,704,328550.93,3080.99,2025,NUEVO 
22401,3N1CN8AE1SK629823,2025-10-01,,704,328550.93,1987.73,2025,NUEVO 
22402,3N1CN8AE3SK630357,2025-10-01,,704,328550.93,71.90,2025,NUEVO 
22403,3N1CN8AE0SK630591,2025-10-01,,704,361666.60,79.26,2025,NUEVO 
22404,3N1CN8AE1SK613914,2025-10-01,,704,361666.61,3391.53,2025,NUEVO 
22405,3N1CN8AE0SK629330,2025-10-01,,704,343766.65,1767.82,2025,FLOTILLA 
22406,3N1CN8AE2SK629331,2025-10-01,,704,343766.65,3223.67,2025,FLOTILLA 
22407,3N1CN8AE4SK629329,2025-10-01,,704,343766.65,3223.67,2025,FLOTILLA 
22408,3N1CN8AE3SK625191,2025-10-01,,704,343766.65,3223.67,2025,FLOTILLA 
22409,3N1CN8AE6SK625346,2025-10-01,,704,343766.65,3223.67,2025,FLOTILLA 
22410,3N1CN8AE7SK625338,2025-10-01,,704,343766.65,3223.67,2025,FLOTILLA 
22411,3N1CN8AE2SK625327,2025-10-01,,704,343766.65,2911.70,2025,FLOTILLA 
22412,3N1CN8AE8SK625249,2025-10-01,,704,343766.65,3223.67,2025,FLOTILLA 
22413,3N1CN8AE3SK625286,2025-10-01,,704,343766.65,3223.67,2025,FLOTILLA 
22414,3N1CN8AEXSK627553,2025-10-01,,704,343766.64,3256.23,2025,NUEVO 
22415,3N1CN8AEXSK627522,2025-10-01,,704,328550.92,3011.72,2025,NUEVO 
22416,3N1CN8AE3SK628883,2025-10-01,,704,376740.81,2305.31,2025,NUEVO 
22417,3N1CN8AE7SK628739,2025-10-01,,704,328550.93,3112.11,2025,NUEVO 
22418,3N1CN8AE7SK627428,2025-10-01,,704,343766.65,2611.86,2025,NUEVO 
22419,3N1CN8AE0SL869925,2025-10-01,,704,405743.13,3082.75,2025,NUEVO 
22420,3N1CN8AE6NL856181,2025-10-01,,704,218800.00,2072.52,2022,SEMINUEVOS 
22421,3N1CN8AE8RL835323,2025-10-01,,704,290000.00,2746.94,2024,SEMINUEVOS 
22422,3N1CN8AE1SK627151,2025-10-01,,704,343766.65,3013.69,2025,NUEVO 
22423,3N1CN8AE6SK624374,2025-10-01,,704,343766.64,2310.88,2025,FLOTILLA 
22424,3N1CN8AE6SK624391,2025-10-01,,704,343766.64,1050.40,2025,FLOTILLA 
22425,3N1CN8AE1SK624377,2025-10-01,,704,343766.64,2310.88,2025,FLOTILLA 
22426,3N1CN8AE5SK624284,2025-10-01,,704,343766.64,1785.68,2025,FLOTILLA 
22427,3N1CN8AE1SK624122,2025-10-01,,704,343766.64,2520.96,2025,FLOTILLA 
22428,3N1CN8AE8SK624361,2025-10-01,,704,343766.64,1050.40,2025,FLOTILLA 
22429,3N1CN8AE3SK624137,2025-10-01,,704,343766.64,1050.40,2025,FLOTILLA 
22430,3N1CN8AE8SK624196,2025-10-01,,704,343766.64,2310.88,2025,FLOTILLA 
22431,3N1CN8AE3SK624283,2025-10-01,,704,343766.64,1050.40,2025,FLOTILLA 
22432,3N1CN8AE9SK624174,2025-10-01,,704,343766.64,3256.23,2025,FLOTILLA 
22433,3N1CN8AE8SL869655,2025-10-01,,704,405743.13,3675.58,2025,NUEVO 
22434,3N1CN8AE4SK625782,2025-10-01,,704,328550.93,3114.94,2025,NUEVO 
22435,3N1CN8AE4SK617536,2025-10-01,,704,328550.93,2976.31,2025,NUEVO 
22436,3N1CN8AE1SK625352,2025-10-01,,704,376740.81,856.68,2025,NUEVO 
22437,3N1CN8AE2SK625375,2025-10-01,,704,376740.80,3571.82,2025,NUEVO 
22438,3N1CN8AE3SK625000,2025-10-01,,704,376740.81,3571.82,2025,NUEVO 
22439,3N1CN8AE2RK615908,2025-10-01,,704,331050.82,96.74,2024,NUEVO 
22440,3N1CN8AE7SK624481,2025-10-01,,704,361666.61,1547.91,2025,NUEVO 
22441,3N1CN8AE1SK623407,2025-10-01,,704,376740.80,3247.40,2025,NUEVO 
22442,3N1CN8AE0SK618358,2025-10-01,,704,343766.65,2963.17,2025,NUEVO 
22443,3N1CN8AE0SK621860,2025-10-01,,704,376740.81,3247.40,2025,NUEVO 
22444,3N1CN8AE2SK619852,2025-10-01,,704,343766.65,2963.17,2025,NUEVO 
22445,3N1CN8AE1SK620541,2025-10-01,,704,376740.81,1420.96,2025,NUEVO 
22446,3N1CN8AE1SK619857,2025-10-01,,704,343766.65,2983.89,2025,NUEVO 
22447,3N1CN8AE1SK620006,2025-10-01,,704,391773.25,3400.59,2025,NUEVO 
22448,3N1CN8AE3SK619987,2025-10-01,,704,361666.61,1519.00,2025,NUEVO 
22449,3N1CN8AE4SK619531,2025-10-01,,704,343766.65,2310.11,2025,NUEVO 
22450,3N1CN8AE6SK619532,2025-10-01,,704,343766.65,2887.64,2025,NUEVO 
22451,3N1CN8AE6SK618915,2025-10-01,,704,361666.60,3139.27,2025,NUEVO 
22452,3N1CN8AE4SK613454,2025-10-01,,704,376740.80,3422.59,2025,NUEVO 
22453,3N1CN8AE9SK617628,2025-10-01,,704,343766.64,815.03,2025,NUEVO 
22454,3N1CN8AE8SK612422,2025-10-01,,704,328550.92,2984.79,2025,NUEVO 
22455,3N1CN8AEXSL857524,2025-10-01,,704,405743.12,3679.08,2025,NUEVO 
22456,3N1CN8AE4SK617486,2025-10-01,,704,343766.64,3123.02,2025,NUEVO 
22457,3N1CN8AE7SK613013,2025-10-01,,704,328550.92,1073.01,2025,NUEVO 
22458,3N1CN8AE5SK611261,2025-10-01,,704,343766.64,3123.02,2025,NUEVO 
22459,3N1CN8AE6SK617408,2025-10-01,,704,376740.81,94.83,2025,NUEVO 
22460,3N1CN8AE1SK618191,2025-10-01,,704,328550.92,1466.33,2025,NUEVO 
22461,3N1CN8AE2SK612836,2025-10-01,,704,343766.64,3123.02,2025,NUEVO 
22462,3N1CN8AE0SK611247,2025-10-01,,704,343766.64,1511.14,2025,NUEVO 
22463,3N1CN8AE3SK612702,2025-10-01,,704,328550.92,2984.79,2025,NUEVO 
22464,3N1CN8AE0SK612463,2025-10-01,,704,376740.80,1328.42,2025,NUEVO 
22465,3N1CN8AE1SK616523,2025-10-01,,704,328550.93,1522.05,2025,NUEVO 
22466,3N1CN8AE2SL858893,2025-10-01,,704,391773.25,3559.15,2025,NUEVO 
22467,3N1CN8AE1SK615727,2025-10-01,,704,343766.64,443.69,2025,NUEVO 
22468,3N1CN8AE1ML919024,2025-10-01,,704,193300.00,649.49,2021,SEMINUEVOS 
22469,3N1CN8AE0SL858259,2025-10-01,,704,391773.24,114.59,2025,NUEVO 
22470,3N1CN8AE2SK613663,2025-10-01,,704,376740.81,3331.75,2025,NUEVO 
22471,3N1CN8AE2SK612819,2025-10-01,,704,343766.64,2231.07,2025,NUEVO 
22472,3N1CN8AE5SK613673,2025-10-01,,704,376740.81,3331.75,2025,NUEVO 
22473,3N1CN8AE5SK613186,2025-10-01,,704,391773.25,3464.69,2025,NUEVO 
22474,3N1CN8AE0SK613015,2025-10-01,,704,376740.81,1006.35,2025,NUEVO 
22475,3N1CN8AE7SK613156,2025-10-01,,704,328550.93,937.28,2025,NUEVO 
22476,3N1CN8AE9SL851827,2025-10-01,,704,398592.10,3521.56,2025,NUEVO 
22477,3N1CN8AE8SL850622,2025-10-01,,704,398592.10,2404.17,2025,NUEVO 
22478,3N1CN8AE9SK608704,2025-10-01,,704,384550.30,84.81,2025,NUEVO 
22479,3N1CN8AE8SK608029,2025-10-01,,704,321224.74,2472.93,2025,NUEVO 
22480,3N1CN8AE2SL850552,2025-10-01,,704,398592.10,2434.21,2025,NUEVO 
22481,3N1CN8AE1SL849974,2025-10-01,,704,384550.30,3397.50,2025,NUEVO 
22482,3N1CN8AE0SK608820,2025-10-01,,704,321224.74,2838.02,2025,NUEVO 
22483,3N1CN8AE0SK608784,2025-10-01,,704,369485.38,421.21,2025,NUEVO 
22484,3N1CN8AE4SK604477,2025-10-01,,704,369485.38,2708.93,2025,DEMO 
22485,3N1CN8AE4SK603801,2025-10-01,,704,369485.38,2708.93,2025,DEMO 
22486,3N1CN8AE7SK604862,2025-10-01,,704,369485.38,734.30,2025,NUEVO 
22487,3N1CN8AE3SL841410,2025-10-01,,704,398572.10,3871.46,2025,NUEVO 
22488,3N1CN8AE3SK597313,2025-10-01,,704,321204.74,2583.30,2025,NUEVO 
22489,3N1CN8AE8SK624196,2025-10-01,,704,343766.64,824.18,2025,FLOTILLA 
22490,3N1CN8AE6SK624374,2025-10-01,,704,343766.64,824.18,2025,FLOTILLA 
22491,3N1CN8AE6SK617053,2025-10-01,,704,343766.64,824.18,2025,FLOTILLA 
22492,3N1CN8AE5SK617819,2025-10-01,,704,343766.64,549.45,2025,FLOTILLA 
22493,3N1CN8AE3SK625157,2025-10-01,,704,343766.65,824.18,2025,FLOTILLA 
22494,3N1CN8AE1SK624377,2025-10-01,,704,343766.64,824.18,2025,FLOTILLA 
22495,3N1CN8AE1SK629823,2025-10-01,,704,328550.93,700.18,2025,FLOTILLA 
22496,3N1CN8AE1SK629823,2025-10-01,,704,328550.93,175.04,2025,NUEVO 
22497,3N1CN8AE0PL821428,2025-10-01,,704,215200.00,573.27,2023,SEMINUEVOS 
22498,3N1CN8AE6NL829675,2025-10-01,,704,187400.00,349.45,2022,SEMINUEVOS 
22499,3N1CN8AE1SK629823,2025-10-01,,704,328550.93,87.52,2025,FLOTILLA 
22500,3N1CN8AE4SK635423,2025-10-01,,704,346452.05,657.49,2025,FLOTILLA 
22501,3N1CN8AE0SK591601,2025-10-01,,704,355215.94,2985.39,2025,FLOTILLA 
22502,3N1CN8AEXML908782,2025-10-01,,704,199800.00,1354.20,2021,SEMINUEVOS 
22503,3N1CN8AE7SK618602,2025-10-01,,704,343766.64,2889.17,2025,FLOTILLA 
22504,3N1CN8AE5SK617254,2025-10-01,,704,343766.64,2050.38,2025,FLOTILLA 
22505,3N1CN8AE2SK618300,2025-10-01,,704,343766.64,2050.38,2025,FLOTILLA 
22506,3N1CN8AE8SK632542,2025-10-01,,704,361666.61,866.39,2025,NUEVO 
22507,3N1CN8AE9SK632369,2025-10-01,,704,361666.61,866.39,2025,NUEVO 
22508,3N1CN8AEXRL825621,2025-10-01,,704,260600.00,2306.89,2024,SEMINUEVOS 
22509,3N1CN8AE8SK631682,2025-10-01,,704,328550.93,1093.25,2025,NUEVO 
22510,3N1CN8AE8SK629222,2025-10-01,,704,343766.65,2079.79,2025,FLOTILLA 
22511,3N1CN8AE6SK629333,2025-10-01,,704,343766.65,2183.78,2025,FLOTILLA 
22512,3N1CN8AE7SK629342,2025-10-01,,704,343766.65,2183.78,2025,FLOTILLA 
22513,3N1CN8AE5SK625158,2025-10-01,,704,343766.65,2183.78,2025,FLOTILLA 
22514,3N1CN8AEXSK625236,2025-10-01,,704,343766.65,1247.87,2025,FLOTILLA 
22515,3N1CN8AE2SK625277,2025-10-01,,704,343766.65,2183.78,2025,FLOTILLA 
22516,3N1CN8AEXSK625219,2025-10-01,,704,343766.65,2183.78,2025,FLOTILLA 
22517,3N1CN8AE3SK625157,2025-10-01,,704,343766.65,1247.87,2025,FLOTILLA 
22518,3N1CN8AE9SK624904,2025-10-01,,704,343766.65,1247.87,2025,FLOTILLA 
22519,3N1CN8AE2NL820018,2025-10-01,,704,218200.00,1931.55,2022,SEMINUEVOS 
22520,3N1CN8AE5MK852269,2025-10-01,,704,176200.00,452.83,2021,SEMINUEVOS 
22521,3N1CN8AE5NL837461,2025-10-01,,704,194700.00,1723.53,2022,SEMINUEVOS 
22522,3N1CN8AE6PL858015,2025-10-01,,704,216900.00,2013.43,2023,SEMINUEVOS 
22523,3N1CN8AE2PL860778,2025-10-01,,704,216900.00,2013.43,2023,SEMINUEVOS 
22524,3N1CN8AE2PL861137,2025-10-01,,704,216900.00,2013.43,2023,SEMINUEVOS 
22525,3N1CN8AE4PL858658,2025-10-01,,704,216900.00,2013.43,2023,SEMINUEVOS 
22526,3N1CN8AE2SK632925,2025-10-01,,704,343766.65,2287.77,2025,NUEVO 
22527,3N1CN8AE5SK632935,2025-10-01,,704,328550.93,2782.83,2025,NUEVO 
22528,3N1CN8AE6SK614895,2025-10-01,,704,376740.81,1803.33,2025,FLOTILLA 
22529,3N1CN8AE6SK605467,2025-10-01,,704,369485.38,1768.60,2025,FLOTILLA 
22530,3N1CN8AEXSK631361,2025-10-01,,704,328550.93,3080.99,2025,NUEVO 
22531,3N1CN8AE4SK631839,2025-10-01,,704,328550.93,3080.99,2025,NUEVO 
22532,3N1CN8AE3SK631556,2025-10-01,,704,361666.61,3391.53,2025,NUEVO 
22533,3N1CN8AE4SL869488,2025-09-01,1696,704,405743.12,3366.84,2025,NUEVO 
22534,3N1CN8AE8SL869445,2025-09-01,1681,704,391773.24,2396.56,2025,NUEVO 
22535,3N1CN8AE8SK622299,2025-09-01,1688,704,328550.93,2283.89,2025,NUEVO 
22536,3N1CN8AE9SK621646,2025-09-01,1701,704,361666.61,2129.90,2025,NUEVO 
22537,3N1CN8AE9SL865758,2025-09-01,1681,704,405743.12,340.82,2025,NUEVO 
22538,3N1CN8AE0SK621860,2025-09-01,1681,704,376740.81,3142.65,2025,NUEVO 
22539,3N1CN8AE2SK619852,2025-09-01,1681,704,343766.65,2867.59,2025,NUEVO 
22540,3N1CN8AE1SK620541,2025-09-01,1331,704,376740.81,3142.65,2025,NUEVO 
22541,3N1CN8AE1SK619857,2025-09-01,1331,704,343766.65,2887.64,2025,NUEVO 
22542,3N1CN8AE1SK620006,2025-09-01,1681,704,391773.25,3290.90,2025,NUEVO 
22543,3N1CN8AE3SK619987,2025-09-01,1681,704,361666.61,3038.00,2025,NUEVO 
22544,3N1CN8AE4SK619531,2025-09-01,1681,704,343766.65,2887.64,2025,NUEVO 
22545,3N1CN8AE6SK619532,2025-09-01,1331,704,343766.65,2887.64,2025,NUEVO 
22546,3N1CN8AE7SK618602,2025-09-01,1772,704,343766.64,2887.64,2025,NUEVO 
22547,3N1CN8AE6SK618915,2025-09-01,1681,704,361666.60,3038.00,2025,NUEVO 
22548,3N1CN8AE2SK618362,2025-09-01,1681,704,361666.60,1059.88,2025,NUEVO 
22549,3N1CN8AE4SK613454,2025-09-01,1681,704,376740.80,3312.18,2025,NUEVO 
22550,3N1CN8AE1SK618370,2025-09-01,1681,704,343766.64,407.24,2025,NUEVO 
22551,3N1CN8AE9SK617628,2025-09-01,1331,704,343766.64,3022.28,2025,NUEVO 
22552,3N1CN8AE7SK618213,2025-09-01,1716,704,361666.60,2649.71,2025,NUEVO 
22553,3N1CN8AE8SK612422,2025-09-01,1681,704,328550.92,2888.51,2025,NUEVO 
22554,3N1CN8AE8SL861376,2025-09-01,1681,704,361666.60,1924.84,2025,NUEVO 
22555,3N1CN8AEXSL857524,2025-09-01,1762,704,405743.12,3560.40,2025,NUEVO 
22556,3N1CN8AE5SK617254,2025-09-01,1772,704,343766.64,3022.28,2025,NUEVO 
22557,3N1CN8AE4SK617486,2025-09-01,1765,704,343766.64,3022.28,2025,NUEVO 
22558,3N1CN8AE7SK613013,2025-09-01,1681,704,328550.92,2888.51,2025,NUEVO 
22559,3N1CN8AE5SK611261,2025-09-01,1331,704,343766.64,3022.28,2025,NUEVO 
22560,3N1CN8AE4SK617746,2025-09-01,1681,704,328550.93,2792.23,2025,NUEVO 
22561,3N1CN8AE3SK617785,2025-09-01,1681,704,328550.92,2792.23,2025,NUEVO 
22562,3N1CN8AE6SK617554,2025-09-01,1681,704,328550.93,1427.33,2025,NUEVO 
22563,3N1CN8AE6SK617408,2025-09-01,1681,704,376740.81,3312.18,2025,NUEVO 
22564,3N1CN8AE6SK614895,2025-09-01,1681,704,376740.81,883.25,2025,NUEVO 
22565,3N1CN8AE1SK618191,2025-09-01,1331,704,328550.92,2888.51,2025,NUEVO 
22566,3N1CN8AE2SK618300,2025-09-01,1772,704,343766.64,3022.28,2025,NUEVO 
22567,3N1CN8AE2SK612108,2025-09-01,1681,704,328550.92,1926.81,2025,NUEVO 
22568,3N1CN8AE2SK612836,2025-09-01,1681,704,343766.64,3022.28,2025,NUEVO 
22569,3N1CN8AE0SK611247,2025-09-01,1681,704,343766.64,3022.28,2025,NUEVO 
22570,3N1CN8AE3SK612702,2025-09-01,1681,704,328550.92,2888.51,2025,NUEVO 
22571,3N1CN8AE0SK612463,2025-09-01,1681,704,376740.80,3312.18,2025,NUEVO 
22572,3N1CN8AE1SK616523,2025-09-01,1681,704,328550.93,2888.51,2025,NUEVO 
22573,3N1CN8AE2SL858893,2025-09-01,1681,704,391773.25,3444.34,2025,NUEVO 
22574,3N1CN8AE1SK615727,2025-09-01,1681,704,343766.64,3016.55,2025,NUEVO 
22575,3N1CN8AE1ML919024,2025-09-01,1710,704,193300.00,1258.38,2021,SEMINUEVOS 
22576,3N1CN8AE7SK612301,2025-09-01,1719,704,343766.64,2528.39,2025,NUEVO 
22577,3N1CN8AE0SL858259,2025-09-01,1681,704,391773.24,3437.81,2025,NUEVO 
22578,3N1CN8AE2SK613663,2025-09-01,1331,704,376740.81,3224.27,2025,NUEVO 
22579,3N1CN8AE5SK613155,2025-09-01,1769,704,328550.93,2176.97,2025,NUEVO 
22580,3N1CN8AE2SK612819,2025-09-01,1331,704,343766.64,2942.07,2025,NUEVO 
22581,3N1CN8AE5SK613673,2025-09-01,1681,704,376740.81,3224.27,2025,NUEVO 
22582,3N1CN8AE5SK613186,2025-09-01,1331,704,391773.25,3352.93,2025,NUEVO 
22583,3N1CN8AE0SK613015,2025-09-01,1681,704,376740.81,3224.27,2025,NUEVO 
22584,3N1CN8AE7SK613156,2025-09-01,1681,704,328550.93,2811.85,2025,NUEVO 
22585,3N1CN8AEXSK610235,2025-09-01,1698,704,361666.61,44.80,2025,NUEVO 
22586,3N1CN8AE9SL851827,2025-09-01,1681,704,398592.10,3407.96,2025,NUEVO 
22587,3N1CN8AE4SK610165,2025-09-01,1700,704,391773.25,148.76,2025,NUEVO 
22588,3N1CN8AE8SK608869,2025-09-01,1681,704,321224.74,2654.92,2025,NUEVO 
22589,3N1CN8AE8SL850622,2025-09-01,1681,704,398592.10,3407.96,2025,NUEVO 
22590,3N1CN8AE9SK608704,2025-09-01,1681,704,384550.30,3287.91,2025,NUEVO 
22591,3N1CN8AE8SK608029,2025-09-01,1331,704,321224.74,2746.47,2025,NUEVO 
22592,3N1CN8AE7SK607020,2025-09-01,1765,704,336440.46,1956.64,2025,NUEVO 
22593,3N1CN8AE5SK604276,2025-09-01,1754,704,336440.46,2876.57,2025,NUEVO 
22594,3N1CN8AE2SL850552,2025-09-01,1331,704,398592.10,3407.96,2025,NUEVO 
22595,3N1CN8AE1SL849974,2025-09-01,1681,704,384550.30,3287.91,2025,NUEVO 
22596,3N1CN8AE0SK608820,2025-09-01,1331,704,321224.74,2746.47,2025,NUEVO 
22597,3N1CN8AE0SK608784,2025-09-01,1331,704,369485.38,3159.10,2025,NUEVO 
22598,3N1CN8AE0SK608848,2025-09-01,1681,704,321224.74,2654.92,2025,NUEVO 
22599,3N1CN8AE4SK604477,2025-09-01,1681,704,369485.38,1802.44,2025,DEMO 
22600,3N1CN8AE4SK603801,2025-09-01,1524,704,369485.38,1612.71,2025,DEMO 
22601,3N1CN8AE6SK605467,2025-09-01,1681,704,369485.38,843.25,2025,NUEVO 
22602,3N1CN8AE7SK604862,2025-09-01,1681,704,369485.38,3162.18,2025,NUEVO 
22603,3N1CN8AE4SK603667,2025-09-01,1681,704,321204.74,2864.34,2025,NUEVO 
22604,3N1CN8AE3SL841410,2025-09-01,1331,704,398572.10,3746.58,2025,NUEVO 
22605,3N1CN8AE3SK597313,2025-09-01,1331,704,321204.74,3022.00,2025,NUEVO 
22606,3N1CN8AE6SK619532,2025-10-01,,704,343766.65,91.58,2025,FLOTILLA 
22607,3N1CN8AE2SK632925,2025-10-01,,704,343766.65,274.73,2025,FLOTILLA 
22608,3N1CN8AE1SK624122,2025-10-01,,704,343766.64,641.03,2025,FLOTILLA 
22609,3N1CN8AE5SK617254,2025-10-01,,704,343766.64,824.18,2025,FLOTILLA 
22610,3N1CN8AE2SK618300,2025-10-01,,704,343766.64,824.18,2025,FLOTILLA 
22611,3N1CN8AEXSK625236,2025-10-01,,704,343766.65,824.18,2025,FLOTILLA 
22612,3N1CN8AE9SK624904,2025-10-01,,704,343766.65,549.45,2025,FLOTILLA 
22613,3N1CN8AE8SK628488,2025-09-01,1283,704,343766.65,1954.03,2025,FLOTILLA 
22614,3N1CN8AE5SK617819,2025-09-01,1283,704,343766.64,3085.31,2025,FLOTILLA 
22615,3N1CN8AE6SK617876,2025-09-01,1283,704,343766.64,3085.31,2025,FLOTILLA 
22616,3N1CN8AE6SK617053,2025-09-01,1283,704,343766.64,3085.31,2025,FLOTILLA 
22617,3N1CN8AE7SK614226,2025-09-01,1283,704,343766.64,3085.31,2025,FLOTILLA 
22618,3N1CN8AE8SK628989,2025-09-01,1305,704,328550.93,596.32,2025,FLOTILLA 
22619,3N1CN8AEXSK625057,2025-09-01,1305,704,343766.65,623.94,2025,FLOTILLA 
22620,3N1CN8AE3SK630794,2025-09-01,1681,704,376740.81,1025.68,2025,NUEVO 
22621,3N1CN8AE4SK630612,2025-09-01,1331,704,328550.93,596.32,2025,NUEVO 
22622,3N1CN8AE1SK629823,2025-09-01,1331,704,328550.93,596.32,2025,NUEVO 
22623,3N1CN8AE3SK630357,2025-09-01,1681,704,328550.93,596.32,2025,NUEVO 
22624,3N1CN8AE0SK630591,2025-09-01,1681,704,361666.60,656.42,2025,NUEVO 
22625,3N1CN7AD7KK415193,2025-09-01,1728,704,116100.00,1053.61,2019,SEMINUEVOS 
22626,3N1CN8AE1SK613914,2025-09-01,1681,704,361666.61,1203.45,2025,NUEVO 
22627,3N1CN8AE0SK629330,2025-09-01,1283,704,343766.65,1039.89,2025,FLOTILLA 
22628,3N1CN8AE2SK629331,2025-09-01,1283,704,343766.65,1039.89,2025,FLOTILLA 
22629,3N1CN8AE4SK629329,2025-09-01,1283,704,343766.65,1039.89,2025,FLOTILLA 
22630,3N1CN8AE3SK625191,2025-09-01,1283,704,343766.65,1039.89,2025,FLOTILLA 
22631,3N1CN8AE6SK625346,2025-09-01,1283,704,343766.65,1039.89,2025,FLOTILLA 
22632,3N1CN8AE7SK625338,2025-09-01,1283,704,343766.65,1039.89,2025,FLOTILLA 
22633,3N1CN8AE2SK625327,2025-09-01,1283,704,343766.65,1039.89,2025,FLOTILLA 
22634,3N1CN8AE8SK625249,2025-09-01,1283,704,343766.65,1039.89,2025,FLOTILLA 
22635,3N1CN8AE3SK625286,2025-09-01,1283,704,343766.65,1039.89,2025,FLOTILLA 
22636,3N1CN8AEXSK627553,2025-09-01,1681,704,343766.64,2520.96,2025,NUEVO 
22637,3N1CN8AEXSK627522,2025-09-01,1331,704,328550.92,2509.76,2025,NUEVO 
22638,3N1CN8AE3SK628883,2025-09-01,1681,704,376740.81,2187.19,2025,NUEVO 
22639,3N1CN8AE7SK628739,2025-09-01,1681,704,328550.93,1907.42,2025,NUEVO 
22640,3N1CN8AE6NL856181,2025-09-01,1681,704,218800.00,2005.67,2022,SEMINUEVOS 
22641,3N1CN8AE8RL835323,2025-09-01,1681,704,290000.00,2658.33,2024,SEMINUEVOS 
22642,3N1CN8AE6SK624374,2025-09-01,1283,704,343766.64,3151.19,2025,FLOTILLA 
22643,3N1CN8AE6SK624391,2025-09-01,1283,704,343766.64,3151.19,2025,FLOTILLA 
22644,3N1CN8AE8SK624392,2025-09-01,1283,704,343766.64,3151.19,2025,FLOTILLA 
22645,3N1CN8AE0SK624371,2025-09-01,1283,704,343766.64,3151.19,2025,FLOTILLA 
22646,3N1CN8AE1SK624377,2025-09-01,1283,704,343766.64,3151.19,2025,FLOTILLA 
22647,3N1CN8AE5SK624284,2025-09-01,1283,704,343766.64,3151.19,2025,FLOTILLA 
22648,3N1CN8AE0SK624127,2025-09-01,1283,704,343766.64,3151.19,2025,FLOTILLA 
22649,3N1CN8AE1SK624122,2025-09-01,1283,704,343766.64,3151.19,2025,FLOTILLA 
22650,3N1CN8AE6SK624147,2025-09-01,1283,704,343766.64,3151.19,2025,FLOTILLA 
22651,3N1CN8AE8SK624361,2025-09-01,1283,704,343766.64,3151.19,2025,FLOTILLA 
22652,3N1CN8AE3SK624137,2025-09-01,1283,704,343766.64,3151.19,2025,FLOTILLA 
22653,3N1CN8AE8SK624196,2025-09-01,1283,704,343766.64,3151.19,2025,FLOTILLA 
22654,3N1CN8AE3SK624283,2025-09-01,1283,704,343766.64,3151.19,2025,FLOTILLA 
22655,3N1CN8AE9SK624174,2025-09-01,1283,704,343766.64,3151.19,2025,FLOTILLA 
22656,3N1CN8AE8SL869655,2025-09-01,1331,704,405743.13,474.27,2025,NUEVO 
22657,3N1CN8AE4SK625782,2025-09-01,1331,704,328550.93,1406.75,2025,NUEVO 
22658,3N1CN8AE4SK617536,2025-09-01,1331,704,328550.93,2880.30,2025,NUEVO 
22659,3N1CN8AE1SK625352,2025-09-01,1681,704,376740.81,1497.86,2025,NUEVO 
22660,3N1CN8AE2SK625375,2025-09-01,1331,704,376740.80,1843.52,2025,NUEVO 
22661,3N1CN8AE3SK625000,2025-09-01,1331,704,376740.81,1843.52,2025,NUEVO 
22662,3N1CN8AE2RK615908,2025-09-01,1331,704,331050.82,2902.21,2024,NUEVO 
22663,3N1CN8AE4SK625460,2025-09-01,1703,704,328550.92,1306.26,2025,NUEVO 
22664,3N1CN8AE5SK624222,2025-09-01,1681,704,376740.80,1956.37,2025,NUEVO 
22665,3N1CN8AE7SK624481,2025-09-01,1681,704,361666.61,2212.19,2025,NUEVO 
22666,3N1CN8AE1SL870288,2025-09-01,1681,704,391773.25,1400.75,2025,NUEVO 
22667,3N1CN8AE1SK623407,2025-09-01,1681,704,376740.80,3142.65,2025,NUEVO 
22668,3N1CN8AE0SK618358,2025-09-01,1681,704,343766.65,2867.59,2025,NUEVO 
22669,3N1CN8AE9SL869521,2025-09-01,1681,704,405743.12,2369.20,2025,NUEVO 
22670,3N1CN8AEXRL825621,2025-09-01,1385,704,260600.00,148.83,2024,SEMINUEVOS 
22671,3N1CN8AE2NL820018,2025-09-01,1681,704,218200.00,436.16,2022,SEMINUEVOS 
22672,3N1CN8AE5MK852269,2025-09-01,1385,704,176200.00,352.20,2021,SEMINUEVOS 
22673,3N1CN8AE5NL837461,2025-09-01,1681,704,194700.00,444.78,2022,SEMINUEVOS 
22674,3N1CN8AE0LK860424,2025-09-01,1681,704,155400.00,355.00,2020,SEMINUEVOS 
22675,3N1CN8AE6PL858015,2025-09-01,1681,704,216900.00,779.39,2023,SEMINUEVOS 
22676,3N1CN8AE2PL860778,2025-09-01,1681,704,216900.00,779.39,2023,SEMINUEVOS 
22677,3N1CN8AE2PL861137,2025-09-01,1681,704,216900.00,779.39,2023,SEMINUEVOS 
22678,3N1CN8AE4PL858658,2025-09-01,1681,704,216900.00,779.39,2023,SEMINUEVOS 
22679,3N1CN8AE9ML898939,2025-09-01,1710,704,190900.00,57.11,2021,SEMINUEVOS 
22680,3N1CN8AE6SK614895,2025-09-01,1681,704,376740.81,2479.58,2025,FLOTILLA 
22681,3N1CN8AE6SK605467,2025-09-01,1681,704,369485.38,2431.83,2025,FLOTILLA 
22682,3N1CN8AEXSK631361,2025-09-01,1681,704,328550.93,99.39,2025,NUEVO 
22683,3N1CN8AE4SK631839,2025-09-01,1681,704,328550.93,99.39,2025,NUEVO 
22684,3N1CN8AE3SK631556,2025-09-01,1681,704,361666.61,109.40,2025,NUEVO 
22685,3N1CN8AE3NL869860,2025-09-01,1385,704,187900.00,1517.76,2022,SEMINUEVOS 
22686,3N1CN8AEXSK624331,2025-09-01,1283,704,343766.64,1439.81,2025,FLOTILLA 
22687,3N1CN8AE0SK591601,2025-09-01,1331,704,355215.94,3188.06,2025,FLOTILLA 
22688,3N1CN8AE5PL858619,2025-09-01,1681,704,218400.00,1894.80,2023,SEMINUEVOS 
22689,JN8BT27T7MW126925,2025-10-01,,706,286300.00,513.91,2021,SEMINUEVOS 
22690,JN8CT3MT9SW007642,2025-10-01,,706,602800.00,5590.47,2025,SEMINUEVOS 
22691,JN8CT3MT1SW010471,2025-10-01,,706,767735.99,1346.10,2025,FLOTILLA 
22692,JN8CT3MTXSW009769,2025-10-01,,706,767735.99,1346.10,2025,FLOTILLA 
22693,JN8AT3MT6TW055950,2025-10-01,,706,671876.12,4319.42,2026,NUEVO 
22694,JN8AT3ML1TW014982,2025-10-01,,706,687161.17,6224.92,2026,NUEVO 
22695,JN8CT3MT1SW010454,2025-10-01,,706,767735.99,4221.59,2025,NUEVO 
22696,JN8CT3MT1SW010437,2025-10-01,,706,767735.99,3662.94,2025,NUEVO 
22697,JN8CT3MT8SW010399,2025-10-01,,706,767735.99,6961.45,2025,NUEVO 
22698,JN8CT3MT1SW010597,2025-10-01,,706,767736.00,3215.53,2025,NUEVO 
22699,JN8AT3MT4RW013320,2025-10-01,,706,548600.00,246.18,2024,SEMINUEVOS 
22700,JN8CT3MT8SW009768,2025-10-01,,706,766671.71,7219.30,2025,NUEVO 
22701,JN8CT3MT9SW009469,2025-10-01,,706,766671.71,1681.57,2025,NUEVO 
22702,JN8AT3MT6TW055950,2025-10-01,,706,671876.12,1431.84,2026,FLOTILLA 
22703,JN8CT3MT8PW000298,2025-10-01,,706,476100.00,1395.11,2023,SEMINUEVOS 
22704,JN8CT3MT1SW010597,2025-10-01,,706,767736.00,3538.41,2025,FLOTILLA 
22705,JN8AT3MT0TW059640,2025-10-01,,706,587701.82,159.33,2026,FLOTILLA 
22706,JN8CT3MT8SW009785,2025-10-01,,706,766691.71,4988.61,2025,FLOTILLA 
22707,JN8CT3MT8SW009365,2025-10-01,,706,766691.71,4988.61,2025,FLOTILLA 
22708,JN8CT3MTXSW009769,2025-10-01,,706,767735.99,5203.54,2025,FLOTILLA 
22709,JN8CT3MT1SW010471,2025-10-01,,706,767735.99,5203.54,2025,FLOTILLA 
22710,JN8CT3MT4SW009718,2025-10-01,,706,746900.00,6611.72,2025,SEMINUEVOS 
22711,JN8AT3MT5TW055325,2025-10-01,,706,587701.82,3692.07,2026,FLOTILLA 
22712,JN8CT3MT8SW009785,2025-10-01,,706,766691.71,1605.58,2025,FLOTILLA 
22713,JN8CT3MT8SW009365,2025-10-01,,706,766691.71,1605.58,2025,FLOTILLA 
22714,JN8CT3MT1SW010454,2025-09-01,1331,706,767735.99,6749.68,2025,NUEVO 
22715,JN8CT3MT1SW010437,2025-09-01,1331,706,767735.99,6736.88,2025,NUEVO 
22716,JN8CT3MT8SW010399,2025-09-01,1681,706,767735.99,6736.88,2025,NUEVO 
22717,JN8AT3MT7RW012436,2025-09-01,1779,706,548000.00,1806.69,2024,SEMINUEVOS 
22718,JN8CT3MT1SW010597,2025-09-01,1681,706,767736.00,6890.43,2025,NUEVO 
22719,JN8AT3MT4RW013320,2025-09-01,1681,706,548600.00,1559.17,2024,SEMINUEVOS 
22720,JN8AT3MT6RW012492,2025-09-01,1681,706,461200.00,164.30,2024,SEMINUEVOS 
22721,JN8CT3MT8PW000298,2025-09-01,1681,706,543700.00,581.08,2023,SEMINUEVOS 
22722,JN8CT3MT8SW009768,2025-09-01,1681,706,766671.71,7072.55,2025,NUEVO 
22723,JN8CT3MT9SW009469,2025-09-01,1760,706,766671.71,7206.71,2025,NUEVO 
22724,JN8AT3MT4SW043181,2025-09-01,1742,706,668297.62,4474.25,2025,DEMO 
22725,JN8AT3MT5TW055325,2025-10-01,,706,587701.82,1409.02,2026,FLOTILLA 
22726,JN8CT3MT1SW010471,2025-09-01,1283,706,767735.99,3365.24,2025,FLOTILLA 
22727,JN8CT3MTXSW009769,2025-09-01,1283,706,767735.99,3365.24,2025,FLOTILLA 
22728,JN8CT3MT8SW009785,2025-09-01,1331,706,766691.71,1639.87,2025,FLOTILLA 
22729,JN8CT3MT8SW009365,2025-09-01,1331,706,766691.71,1639.87,2025,FLOTILLA 
22730,JN8AT3MT6TW055950,2025-09-01,1331,706,671876.12,196.34,2026,NUEVO 
22731,JN8AT3ML1TW014982,2025-09-01,1681,706,687161.17,1204.82,2026,NUEVO 
22732,JN8CT3MT9SW009388,2025-09-01,1705,706,766691.71,4928.98,2025,FLOTILLA 
22733,JN8CT3MT0SW010834,2025-09-01,1681,706,767735.99,2692.19,2025,FLOTILLA 
22734,JN8CT3MT6SW009994,2025-09-01,1681,706,846752.06,1237.20,2025,FLOTILLA 
22735,JN8AT3MTXTW055496,2025-09-01,1681,706,587701.82,1307.31,2026,NUEVO 
22736,JN8AT3MT5TW055325,2025-09-01,1283,706,587701.82,3595.10,2026,NUEVO 
22737,JN8CT3MT4SW009718,2025-09-01,1385,706,746900.00,1492.97,2025,SEMINUEVOS 
22738,JN8AT3MT5TW055325,2025-09-01,1283,706,587701.82,1342.57,2026,FLOTILLA 
22739,JN8CT3MT8SW009785,2025-09-01,1331,706,766691.71,5275.48,2025,FLOTILLA 
22740,JN8CT3MT8SW009365,2025-09-01,1331,706,766691.71,5275.48,2025,FLOTILLA 
22741,JN8BT27T7MW126925,2025-09-01,1771,706,286300.00,2312.59,2021,SEMINUEVOS 
22742,JN8CT3MT9SW007642,2025-09-01,1749,706,602800.00,4869.12,2025,SEMINUEVOS 
22743,93CEC76C6RB193737,2025-10-01,,752,251600.00,737.26,2024,SEMINUEVOS 
22744,5NPD74AF0LH500254,2025-10-01,,825,180300.00,144.09,2020,SEMINUEVOS 
22745,TMCJ23A38LJ917951,2025-10-01,,854,211600.00,1089.98,2020,SEMINUEVOS 
22746,TMCJB3UEXNJ044087,2025-09-01,1681,854,412500.00,705.38,2022,SEMINUEVOS 
22747,MK2L6Y1Y9PN000613,2025-10-01,,860,246400.00,75.29,2023,SEMINUEVOS 
22748,MK2L6D1Y1RN004246,2025-10-01,,860,267500.00,783.85,2024,SEMINUEVOS 
22749,MK2L6Y1Y9PN000613,2025-09-01,1725,860,246400.00,2258.67,2023,SEMINUEVOS 
22750,VF3DDNFP3NJ522992,2025-10-01,,861,191800.00,891.02,2022,SEMINUEVOS 
22751,VF3DDNFP3NJ522992,2025-09-01,1777,861,191800.00,1759.77,2022,SEMINUEVOS 
22752,5YFBPRBE2NP385804,2025-10-01,,869,229700.00,396.85,2022,SEMINUEVOS 
22753,MB2PB2A16NM281897,2025-09-01,1681,870,267900.00,1782.87,2022,SEMINUEVOS 
22754,LZWMLMGN9RF114491,2025-10-01,,873,259000.00,1193.70,2024,SEMINUEVOS 
22755,3MZBPCC7XRM404686,2025-09-01,1689,885,304800.00,89.07,2024,SEMINUEVOS 
22756,3KPA24ACXLE350746,2025-10-01,,888,151000.00,1336.69,2020,SEMINUEVOS 
22757,3KPA24ACXLE350746,2025-09-01,1385,888,151000.00,258.71,2020,SEMINUEVOS 
22758,5KBRL688XNB800018,2025-10-01,,891,598000.00,542.69,2022,SEMINUEVOS 
22759,5KBRL688XNB800018,2025-09-01,1690,891,598000.00,5426.85,2022,SEMINUEVOS 
22760,JS2ZC13S7K6102533,2025-10-01,,898,178700.00,764.44,2019,SEMINUEVOS 
22761,JS2ZC13S7K6102533,2025-09-01,1385,898,178700.00,1638.08,2019,SEMINUEVOS 
22762,MR2BF8C39P0026448,2025-10-01,,909,212400.00,978.93,2023,SEMINUEVOS 
22763,1N4AL4AP9PN393904,2025-11-01,1385,650,403000.00,1672.79,2023,SEMINUEVOS 
22765,ML3ABT6J5RH003946,2025-11-01,1385,651,184900.00,1477.66,2024,SEMINUEVOS 
22768,LSGHD52H0ND067032,2025-11-01,1681,652,149900.00,1345.35,2022,SEMINUEVOS 
22769,LSGHD52H9ND041187,2025-11-01,1861,652,162000.00,790.56,2022,SEMINUEVOS 
22770,LSGHD52H4JD095023,2025-11-01,1681,652,119600.00,972.75,2018,SEMINUEVOS 
22771,LSGHD52H4ND003267,2025-11-01,1385,652,147200.00,353.69,2022,SEMINUEVOS 
22772,LSGHD52H9LD108254,2025-11-01,1385,652,126900.00,1014.14,2020,SEMINUEVOS 
22773,LSGHD52H1LD032576,2025-11-01,1854,652,126900.00,338.05,2020,SEMINUEVOS 
22781,LZWLLNGL1PB058860,2025-11-01,1775,655,247300.00,1119.93,2023,SEMINUEVOS 
22782,LZWLLNGL6PB014319,2025-11-01,1681,655,247300.00,1611.30,2023,SEMINUEVOS 
22783,LZWLLNGL8SB014976,2025-11-01,1681,655,305700.00,293.81,2025,SEMINUEVOS 
22784,LZWLLNGL1NB002558,2025-11-01,1681,655,215400.00,926.23,2022,SEMINUEVOS 
22789,LSGKB541XNV000640,2025-11-01,1681,656,207000.00,230.63,2022,SEMINUEVOS 
22790,LSGKB5415NV000108,2025-11-01,1681,656,188500.00,181.17,2022,SEMINUEVOS 
22791,LSGKB5419NV031748,2025-11-01,1681,656,175400.00,168.58,2022,SEMINUEVOS 
22792,LSGKB5417NV057698,2025-11-01,1681,656,205200.00,197.22,2022,SEMINUEVOS 
22797,MAKGN2658N4302751,2025-11-01,1681,657,214600.00,1715.01,2022,SEMINUEVOS 
22799,2HGFE2640NH851995,2025-11-01,1681,658,302500.00,2460.33,2022,SEMINUEVOS 
22800,19XFC2645LE600421,2025-11-01,1681,658,238100.00,572.10,2020,SEMINUEVOS 
22801,19XFC2641LE601663,2025-11-01,1681,658,239700.00,1532.48,2020,SEMINUEVOS 
22804,1FMSK7DH5LGC17126,2025-11-01,1681,660,441100.00,1059.87,2020,SEMINUEVOS 
22805,3N6AD33A3SK846906,2025-11-01,1827,663,439774.05,1192.28,2025,NUEVO 
22806,3N6AD33A4SK843982,2025-11-01,1681,663,564188.68,1687.86,2025,NUEVO 
22807,3N6AD33A9SK844190,2025-11-01,1681,663,662512.60,5946.05,2025,NUEVO 
22808,3N6AD33A8SK844018,2025-11-01,1331,663,662512.60,5946.05,2025,NUEVO 
22809,3N6AD33A6RK844805,2025-11-01,1681,663,433500.00,389.07,2024,SEMINUEVOS 
22810,3N6AD33A3SK843553,2025-11-01,1681,663,561646.63,129.12,2025,NUEVO 
22811,3N6AD33AXSK841430,2025-11-01,1681,663,438036.86,2201.88,2025,NUEVO 
22812,3N6AD33A7SK841420,2025-11-01,1681,663,483665.94,1725.70,2025,NUEVO 
22813,3N6AD33A5SK842257,2025-11-01,1846,663,483665.94,1984.60,2025,NUEVO 
22814,3N6AD33A9SK841371,2025-11-01,1831,663,438036.86,1457.57,2025,NUEVO 
22815,3N6AD33A3SK841592,2025-11-01,1681,663,438036.86,1795.22,2025,NUEVO 
22816,3N6AD33A2SK841583,2025-11-01,1847,663,483665.94,2494.80,2025,NUEVO 
22817,3N6AD33A3SK841480,2025-11-01,1681,663,438036.86,2620.92,2025,FLOTILLA 
22818,3N6AD33A1SK841350,2025-11-01,1681,663,438036.86,2620.92,2025,FLOTILLA 
22819,3N6AD33BXSK841291,2025-11-01,1331,663,687094.21,6235.38,2025,NUEVO 
22820,3N6AD33A2SK836822,2025-11-01,1331,663,659969.56,5785.73,2025,NUEVO 
22821,3N6AD33A9SK839796,2025-11-01,1331,663,659969.56,6049.72,2025,NUEVO 
22822,3N6AD33AXSK834316,2025-11-01,1681,663,659969.56,5785.73,2025,NUEVO 
22823,3N6AD33A3SK828342,2025-11-01,1797,663,561646.63,4685.07,2025,NUEVO 
22824,3N6AD33A5SK835244,2025-11-01,1825,663,483665.93,1867.40,2025,NUEVO 
22825,3N6AD33A0SK834311,2025-11-01,1681,663,659969.56,5245.59,2025,NUEVO 
22826,3N6AD33A8SK830569,2025-11-01,1681,663,659969.55,4229.59,2025,NUEVO 
22827,3N6AD33A0SK830355,2025-11-01,1844,663,483665.93,2868.71,2025,NUEVO 
22828,3N6AD33A4SK827247,2025-11-01,1681,663,483665.94,2498.91,2025,NUEVO 
22829,3N6AD33A5SK827676,2025-11-01,1331,663,580294.60,5101.76,2025,NUEVO 
22830,3N6AD33A0SK825589,2025-11-01,1681,663,659969.56,3200.67,2025,NUEVO 
22831,3N6AD33A2PK884098,2025-11-01,1681,663,379700.00,3034.44,2023,SEMINUEVOS 
22832,3N6AD33AXPK816566,2025-11-01,1681,663,489900.00,3915.12,2023,SEMINUEVOS 
22833,3N6AD33A7PK817447,2025-11-01,1681,663,489900.00,3915.12,2023,SEMINUEVOS 
22834,3N6AD33B4SK807010,2025-11-01,1331,663,675888.13,2015.65,2025,FLOTILLA 
22835,3N6AD33A1SK847441,2025-11-01,1283,663,439774.05,2503.78,2025,FLOTILLA 
22836,3N6AD33A3SK845402,2025-11-01,1283,663,662512.61,2155.37,2025,FLOTILLA 
22837,3N6AD33A5SK848317,2025-11-01,1681,663,582836.84,2163.74,2025,NUEVO 
22838,3N6AD33A5SK849063,2025-11-01,1862,663,439774.04,1515.15,2025,NUEVO 
22839,3N6AD33B6SK847167,2025-11-01,1331,663,689636.88,5710.96,2025,NUEVO 
22840,3N6AD33A5SK847457,2025-11-01,1331,663,582836.84,4826.54,2025,NUEVO 
22841,3N6AD33A8SK847338,2025-11-01,1681,663,439774.05,1632.54,2025,NUEVO 
22842,3N6AD33A9SK846599,2025-11-01,1681,663,486208.85,1804.92,2025,NUEVO 
22843,3N6AD33A6SK843059,2025-11-01,1681,663,662512.61,5951.57,2025,NUEVO 
22844,3N6AD33A0SK846135,2025-11-01,1823,663,486208.85,1427.61,2025,NUEVO 
22845,3N6AD33A9SK846148,2025-11-01,1286,663,582836.85,1919.80,2025,NUEVO 
22846,3N6AD33A0SK846295,2025-11-01,1286,663,439774.05,2238.69,2025,NUEVO 
22847,3N6AD33A3SK845920,2025-11-01,1681,663,486208.85,2414.17,2025,NUEVO 
22855,3N6AD33B4SK807010,2025-11-01,1331,663,675888.13,3135.56,2025,FLOTILLA 
22856,3N6AD33A4PK865519,2025-11-01,1681,663,431100.00,1999.94,2023,SEMINUEVOS 
22857,3N6AD33A1MK832568,2025-11-01,1385,663,254800.00,1182.06,2021,SEMINUEVOS 
22858,3N6AD33A8SK847503,2025-11-01,1283,663,439774.05,107.38,2025,FLOTILLA 
22859,3N6AD33AXSK841444,2025-11-01,1681,663,438036.86,2333.76,2025,FLOTILLA 
22860,3N6AD33A9SK841578,2025-11-01,1681,663,438036.86,2333.76,2025,FLOTILLA 
22861,3N6AD33A8SK841443,2025-11-01,1681,663,438036.86,2333.76,2025,FLOTILLA 
22862,3N6AD33A6SK841540,2025-11-01,1681,663,438036.86,2333.76,2025,FLOTILLA 
22863,3N6AD33A3SK841477,2025-11-01,1681,663,438036.86,2333.76,2025,FLOTILLA 
22864,3N6AD33A2SK841356,2025-11-01,1681,663,438036.86,2333.76,2025,FLOTILLA 
22865,3N6AD33A0SK841386,2025-11-01,1681,663,438036.86,2333.76,2025,FLOTILLA 
22924,9BHCP4AC5PP430534,2025-11-01,1385,665,225400.00,1801.32,2023,SEMINUEVOS 
22926,JTFAMHCP7L6002465,2025-11-01,1836,666,372600.00,1399.78,2020,SEMINUEVOS 
22927,JTFAMHCP2L6001515,2025-11-01,1800,666,373700.00,2147.84,2020,SEMINUEVOS 
22928,JTFJM9CPXM6003391,2025-11-01,1813,666,350900.00,2473.46,2021,SEMINUEVOS 
22929,JTFAMHCP1L6002588,2025-11-01,1385,666,324100.00,2636.01,2020,SEMINUEVOS 
22930,JTFAMHCP5N6005156,2025-11-01,1385,666,378100.00,3075.21,2022,SEMINUEVOS 
22931,JTFJM9CP2M6004065,2025-11-01,1856,666,350900.00,2663.72,2021,SEMINUEVOS 
22932,JTFAMHCP0N6004769,2025-11-01,1385,666,377200.00,906.33,2022,SEMINUEVOS 
22933,JTFJM9CP0M6003027,2025-11-01,1385,666,399200.00,1851.96,2021,SEMINUEVOS 
22942,MR0CX3DD0N1326228,2025-11-01,1830,667,326100.00,1042.43,2022,SEMINUEVOS 
22944,JS2FH81S4M6303034,2025-11-01,1868,669,135600.00,772.02,2021,SEMINUEVOS 
22946,3N8CP5HE0SL501244,2025-11-01,1681,672,398683.37,3578.18,2025,NUEVO 
22947,3N8CP5HE1SL500538,2025-11-01,1785,672,398683.37,3385.85,2025,NUEVO 
22948,3N8CP5HE4SL501702,2025-11-01,1681,672,429415.25,256.93,2025,NUEVO 
22949,3N8CP5HE6SL501281,2025-11-01,1799,672,429415.25,1541.60,2025,NUEVO 
22950,3N8CP5HE4SL500873,2025-11-01,1681,672,429415.25,256.93,2025,NUEVO 
22951,3N8CP5HEXSL501414,2025-11-01,1681,672,398683.37,3618.05,2025,NUEVO 
22952,3N8CP5HE6SL501250,2025-11-01,1331,672,398683.37,3618.05,2025,NUEVO 
22953,3N8AP6HE0SL444895,2025-11-01,1681,672,482601.25,4379.61,2025,NUEVO 
22954,3N8AP6HE1SL444372,2025-11-01,1828,672,482601.25,2559.21,2025,NUEVO 
22955,3N8AP6HE7SL444442,2025-11-01,1826,672,482601.25,3535.72,2025,NUEVO 
22956,3N8CP5HE0SL496370,2025-11-01,1331,672,398683.37,3654.60,2025,NUEVO 
22957,MNTFP5CP7S6018984,2025-11-01,1681,672,567419.29,2778.37,2025,NUEVO 
22958,MNTFP5CPXS6019143,2025-11-01,1331,672,546418.65,4790.27,2025,NUEVO 
22959,3N8AP6HE2SL443585,2025-11-01,1681,672,482601.25,1692.32,2025,NUEVO 
22960,3N8AP6HE1SL443559,2025-11-01,1681,672,506464.77,4095.69,2025,NUEVO 
22961,MNTFP5CP7R6007574,2025-11-01,1350,672,327200.00,2746.64,2024,SEMINUEVOS 
22962,MNTFP5CP0S6019328,2025-11-01,1283,672,546418.65,319.35,2025,NUEVO 
22963,3N8CP5HE8NL531743,2025-11-01,1681,672,222000.00,474.83,2022,SEMINUEVOS 
22964,MNTFP5CP1S6019287,2025-11-01,1283,672,536794.12,313.73,2025,NUEVO 
22965,3N8CP5HE5SL492380,2025-11-01,1681,672,398683.37,3495.12,2025,NUEVO 
22966,3N8CP5HE0SL492271,2025-11-01,1331,672,398683.36,3657.92,2025,NUEVO 
22967,3N8CP5HE8SL488016,2025-11-01,1681,672,429415.25,3582.04,2025,NUEVO 
22968,MNTFP5CP5S6018885,2025-11-01,1796,672,561293.33,4682.12,2025,NUEVO 
22969,MNTFP5CP2S6018939,2025-11-01,1283,672,541168.49,3460.92,2025,NUEVO 
22970,MNTFP5CP3S6018576,2025-11-01,1681,672,561293.33,4682.12,2025,NUEVO 
22971,MNTFP5CP2S6018522,2025-11-01,1681,672,561293.33,2653.20,2025,NUEVO 
22972,MNTFP5CP0S6018096,2025-11-01,1331,672,541168.48,4545.82,2025,NUEVO 
22973,MNTFP5CP0S6017983,2025-11-01,1681,672,541168.48,2575.96,2025,NUEVO 
22974,MNTFP5CPXS6018090,2025-11-01,1681,672,541168.48,4545.82,2025,NUEVO 
22975,MNTFP5CP8S6017455,2025-11-01,1331,672,531543.96,4464.97,2025,NUEVO 
22976,MNTFP5CP7S6017298,2025-11-01,1681,672,561293.32,4714.86,2025,NUEVO 
22977,MNTFP5CP2S6017175,2025-11-01,1681,672,531543.96,4464.97,2025,NUEVO 
22978,MNTFP5CP8S6018234,2025-11-01,1681,672,561293.32,4714.86,2025,NUEVO 
22979,MNTFP5CP9S6018047,2025-11-01,1681,672,541168.48,4644.98,2025,NUEVO 
22980,MNTFP5CP4S6017324,2025-11-01,1331,672,561293.32,4934.70,2025,NUEVO 
22981,3N8AP6HE5SL419913,2025-11-01,1681,672,506464.76,148.42,2025,DEMO 
22982,3N8CP5HE9SL487537,2025-11-01,1331,672,398683.37,3505.09,2025,NUEVO 
22983,3N8AP6HE1SL418029,2025-11-01,1681,672,538755.68,426.29,2025,DEMO 
22984,MNTFP5CP0S6017675,2025-11-01,1331,672,541168.49,4631.50,2025,NUEVO 
22985,MNTFP5CP4S6017470,2025-11-01,1681,672,541168.49,4631.50,2025,NUEVO 
22986,MNTFP5CP6S6016594,2025-11-01,1283,672,534005.22,4570.19,2025,NUEVO 
22987,MNTFP5CP6S6015039,2025-11-01,1804,672,554109.92,1260.60,2025,DEMO 
22988,3N8CP5HE4RL590357,2025-11-01,1331,672,417025.38,3269.59,2024,NUEVO 
22990,3N8CP5HE0SL505102,2025-11-01,1681,672,398683.37,1274.46,2025,NUEVO 
22991,3N8CP5HE7SL504934,2025-11-01,1852,672,398683.36,1029.72,2025,NUEVO 
22992,3N8AP6HE5SL420432,2025-11-01,1331,672,482601.25,1439.22,2025,FLOTILLA 
22993,MNTFP5CP5S6018840,2025-11-01,1283,672,536794.13,4365.93,2025,FLOTILLA 
22994,3N8CP5HE7SL504321,2025-11-01,1681,672,429415.24,1646.86,2025,NUEVO 
22995,3N8AP6HE1SL445490,2025-11-01,1681,672,482601.25,3109.98,2025,NUEVO 
22996,3N8AP6HE4SL444530,2025-11-01,1681,672,482601.25,4006.08,2025,NUEVO 
22997,3N8CP5HE5SL503927,2025-11-01,1815,672,398683.37,2414.86,2025,NUEVO 
22998,3N8CP5HE0SL504001,2025-11-01,1681,672,398683.37,3581.51,2025,NUEVO 
22999,3N8CP5HE4SL501201,2025-11-01,1331,672,398683.37,3581.51,2025,NUEVO 
23000,3N8CP5HE0SL493940,2025-11-01,1331,672,429415.25,3854.00,2025,NUEVO 
23001,3N8AP6HE6SL445565,2025-11-01,1802,672,482601.25,4331.35,2025,NUEVO 
23002,3N8AP6HE8SL445485,2025-11-01,1814,672,482601.25,433.13,2025,NUEVO 
23020,3N8CP5HE8SL470468,2025-11-01,1331,672,417274.78,300.79,2025,FLOTILLA 
23021,3N8CP5HE4RL590357,2025-11-01,1331,672,417025.38,501.01,2024,NUEVO 
23022,MNTFP5CP2S6018939,2025-11-01,1283,672,541168.49,910.22,2025,FLOTILLA 
23023,3N8AP6HE5SL420432,2025-11-01,1331,672,482601.25,2238.87,2025,FLOTILLA 
23024,3N8CP5HE3PL577807,2025-11-01,1839,672,266000.00,519.59,2023,SEMINUEVOS 
23025,3N8CP5HEXRL510902,2025-11-01,1385,672,314300.00,1918.54,2024,SEMINUEVOS 
23026,3N8CP5HE3SL501724,2025-11-01,1681,672,398683.37,648.52,2025,NUEVO 
23027,MNTFP5CP7S6019424,2025-11-01,1283,672,551668.81,299.13,2025,FLOTILLA 
23028,3N8CP5HE4SL501702,2025-11-01,1681,672,429415.25,2935.77,2025,FLOTILLA 
23029,3N8CP5HE4SL500873,2025-11-01,1681,672,429415.25,2935.77,2025,FLOTILLA 
23030,MNTFP5CP0S6019328,2025-11-01,1283,672,546418.65,3735.68,2025,FLOTILLA 
23031,MNTFP5CP1S6019287,2025-11-01,1283,672,536794.12,3669.88,2025,FLOTILLA 
23032,3N8CP5HE8SL470468,2025-11-01,1331,672,417274.78,3001.25,2025,FLOTILLA 
23033,MNTFP5CP9S6016735,2025-11-01,1283,672,541168.48,4324.84,2025,FLOTILLA 
23034,MNTFP5CP5S6018837,2025-11-01,1283,672,536794.13,4289.88,2025,FLOTILLA 
23035,MNTFP5CP5S6018823,2025-11-01,1283,672,536794.13,4289.88,2025,FLOTILLA 
23036,MNTFP5CP5S6018790,2025-11-01,1283,672,536794.13,4289.88,2025,FLOTILLA 
23037,MNTFP5CP5S6018787,2025-11-01,1283,672,536794.13,4289.88,2025,FLOTILLA 
23038,MNTFP5CP5S6018739,2025-11-01,1283,672,536794.13,4289.88,2025,FLOTILLA 
23039,3N8CP5HE5SL505192,2025-11-01,1681,672,429415.24,2306.68,2025,FLOTILLA 
23121,VF1HR2NB8PC382526,2025-11-01,1681,673,292300.00,280.93,2023,SEMINUEVOS 
23122,93Y1R5F57RJ805432,2025-11-01,1385,674,158700.00,1268.28,2024,SEMINUEVOS 
23123,93Y1R5F5XRJ837338,2025-11-01,1385,674,158700.00,1268.28,2024,SEMINUEVOS 
23128,MMBMLV5G0PH006690,2025-11-01,1385,675,308000.00,2461.43,2023,SEMINUEVOS 
23131,9FB4SR4D6RM630000,2025-11-01,1681,676,212400.00,931.02,2024,SEMINUEVOS 
23133,MDHBD0FA8SG024599,2025-11-01,1681,677,352728.81,3201.01,2025,NUEVO 
23134,MDHBD0FA4SG024826,2025-11-01,1681,677,366119.85,3024.99,2025,NUEVO 
23135,MDHBD0FA4SG025622,2025-11-01,1850,677,352728.81,3105.75,2025,NUEVO 
23136,MDHBD0FA1SG018403,2025-11-01,1681,677,352728.81,3201.01,2025,NUEVO 
23137,MDHBD0FA0SG019980,2025-11-01,1681,677,352728.81,3201.01,2025,NUEVO 
23138,MDHBD0FA3SG020637,2025-11-01,1331,677,352728.81,3201.01,2025,NUEVO 
23139,MDHBD0FA7SG001833,2025-11-01,1681,677,392491.66,2506.88,2025,NUEVO 
23140,MDHBD0FA4SG010960,2025-11-01,1681,677,352728.81,2175.17,2025,NUEVO 
23141,MDHBD0FA2SG017020,2025-11-01,1331,677,392658.33,3275.42,2025,NUEVO 
23142,MDHBD0FA0SG016822,2025-11-01,1681,677,352728.80,1794.52,2025,NUEVO 
23143,MDHBD0FA6SG008899,2025-11-01,1681,677,352728.81,3018.77,2025,NUEVO 
23144,MDHBD0FA0SG001432,2025-11-01,1681,677,392491.66,3322.49,2025,NUEVO 
23145,MDHBD0FA3SG005359,2025-11-01,1840,677,392491.66,2038.19,2025,NUEVO 
23146,MDHBD0FA6SG003749,2025-11-01,1331,677,392491.66,3355.80,2025,NUEVO 
23147,MDHBD0FA6SG001449,2025-11-01,1331,677,392491.66,3355.80,2025,NUEVO 
23148,MDHBD0FA6SG001919,2025-11-01,1524,677,409081.98,2611.58,2025,DEMO 
23149,MDHBD0FA2SG000430,2025-11-01,1524,677,409081.98,2611.58,2025,DEMO 
23150,MDHBD0FA7SG001802,2025-11-01,1681,677,409081.98,2611.58,2025,DEMO 
23151,MDHBD0FA5SG000499,2025-11-01,1681,677,409081.98,662.27,2025,DEMO 
23152,MDHBD0FA8SG029494,2025-11-01,1681,677,409248.65,1090.19,2025,NUEVO 
23153,MDHBD0FA7SG028840,2025-11-01,1835,677,352728.80,1051.92,2025,NUEVO 
23154,MDHBD0FA8SG029091,2025-11-01,1331,677,352728.81,1051.92,2025,NUEVO 
23155,MDHBD0FA4SG028889,2025-11-01,1681,677,352728.80,860.66,2025,NUEVO 
23156,MDHBD0FA9SG027379,2025-11-01,1681,677,352728.80,1625.69,2025,NUEVO 
23157,MDHBD0FAXSG025916,2025-11-01,1681,677,352728.80,815.06,2025,NUEVO 
23158,MDHBD0FAXSG027858,2025-11-01,1681,677,352728.80,476.74,2025,NUEVO 
23159,MDHBD0FA9SG025762,2025-11-01,1811,677,352728.80,2316.64,2025,NUEVO 
23160,MDHBD0FA1SG020717,2025-11-01,1331,677,392658.33,3251.65,2025,NUEVO 
23161,MDHBD0FA1SG021723,2025-11-01,1681,677,409248.65,294.05,2025,NUEVO 
23162,MDHBD0FA2SG019950,2025-11-01,1681,677,392658.33,3047.96,2025,NUEVO 
23163,MDHBD0FA0SG022345,2025-11-01,1331,677,352728.81,3168.68,2025,NUEVO 
23164,MDHBD0FAXSG025365,2025-11-01,1832,677,366119.85,2317.56,2025,NUEVO 
23176,MDHBD0FAXSG028556,2025-11-01,1331,677,352728.80,187.93,2025,NUEVO 
23177,MDHBD0FA9SG019945,2025-11-01,1772,677,366119.85,487.65,2025,FLOTILLA 
23199,3N1CK3CE8SL216610,2025-11-01,1681,678,290035.45,2605.49,2025,NUEVO 
23200,3N1CK3CEXSL216141,2025-11-01,1305,678,264080.45,1517.80,2025,FLOTILLA 
23201,3N1CK3CEXSL216091,2025-11-01,1305,678,264080.45,1517.80,2025,FLOTILLA 
23202,3N1CK3CE5SL216094,2025-11-01,1305,678,264080.45,878.73,2025,FLOTILLA 
23203,3N1CK3CE0SL216150,2025-11-01,1305,678,264080.45,1517.80,2025,FLOTILLA 
23204,3N1CK3CE0SL216147,2025-11-01,1305,678,264080.45,1517.80,2025,FLOTILLA 
23205,3N1CK3CE1SL215752,2025-11-01,1305,678,264080.45,559.19,2025,FLOTILLA 
23206,3N1CK3CE4SL215454,2025-11-01,1305,678,264080.45,239.65,2025,FLOTILLA 
23207,3N1CK3CE1SL216125,2025-11-01,1305,678,264080.45,1517.80,2025,FLOTILLA 
23208,3N1CK3CE2SL216103,2025-11-01,1305,678,264080.45,1517.80,2025,FLOTILLA 
23209,3N1CK3CE2SL216117,2025-11-01,1305,678,264080.45,1517.80,2025,FLOTILLA 
23210,3N1CK3CE0SL216049,2025-11-01,1305,678,264080.45,559.19,2025,FLOTILLA 
23211,3N1CK3CE3SL216059,2025-11-01,1305,678,264080.45,319.54,2025,FLOTILLA 
23212,3N1CK3CE3SL216000,2025-11-01,1305,678,264080.45,1517.80,2025,FLOTILLA 
23213,3N1CK3CE2SL216019,2025-11-01,1305,678,264080.45,798.84,2025,FLOTILLA 
23214,3N1CK3CE6SL215679,2025-11-01,1305,678,264080.45,1517.80,2025,FLOTILLA 
23215,3N1CK3CE7SL215710,2025-11-01,1305,678,264080.45,1517.80,2025,FLOTILLA 
23216,3N1CK3CE7SL215657,2025-11-01,1305,678,264080.45,1517.80,2025,FLOTILLA 
23217,3N1CK3CE3SL217048,2025-11-01,1812,678,265870.33,1113.55,2025,NUEVO 
23218,3N1CK3CE4SL216524,2025-11-01,1681,678,288245.56,1041.44,2025,NUEVO 
23219,3N1CK3CE2SL215047,2025-11-01,1681,678,264080.45,1734.34,2025,NUEVO 
23220,3N1CK3CE2SL216375,2025-11-01,1331,678,283771.45,2575.23,2025,NUEVO 
23221,3N1CK3CE1SL216156,2025-11-01,1305,678,264080.45,1517.80,2025,FLOTILLA 
23222,3N1CK3CE9SL215269,2025-11-01,1331,678,288245.57,2615.83,2025,NUEVO 
23223,3N1CK3CE2SL215551,2025-11-01,1681,678,288245.57,2615.83,2025,NUEVO 
23224,3N1CK3CE7SL216310,2025-11-01,1331,678,264080.45,958.61,2025,FLOTILLA 
23225,3N1CK3CE9SL216096,2025-11-01,1305,678,264080.45,1517.80,2025,FLOTILLA 
23226,3N1CK3CEXSL216060,2025-11-01,1305,678,264080.45,1517.80,2025,FLOTILLA 
23227,3N1CK3CE8SL216039,2025-11-01,1305,678,264080.45,1517.80,2025,FLOTILLA 
23228,3N1CK3CE9SL215952,2025-11-01,1305,678,264080.45,1517.80,2025,FLOTILLA 
23229,3N1CK3CE0SL214558,2025-11-01,1681,678,283771.45,44.32,2025,NUEVO 
23230,3N1CK3CE7SL213956,2025-11-01,1681,678,308832.09,2830.96,2025,NUEVO 
23231,3N1CK3CEXSL213708,2025-11-01,1681,678,308832.09,1795.99,2025,NUEVO 
23232,3N1CK3CE5SL210800,2025-11-01,1821,678,283771.45,867.95,2025,NUEVO 
23233,3N1CK3CE2SL210768,2025-11-01,1681,678,288245.57,2404.45,2025,NUEVO 
23234,3N1CK3CE0SL207111,2025-11-01,1681,678,283771.45,2428.61,2025,NUEVO 
23235,3N1CK3CE1SL205724,2025-11-01,1681,678,307873.14,1842.62,2025,NUEVO 
23236,3N1CK3CE2SL203089,2025-11-01,1681,678,307853.14,1192.78,2025,DEMO 
23237,3N1CK3CE1SL221065,2025-11-01,1305,678,265870.33,424.95,2025,FLOTILLA 
23238,3N1CK3CE0SL221283,2025-11-01,1305,678,265870.33,424.95,2025,FLOTILLA 
23239,3N1CK3CE8SL221290,2025-11-01,1305,678,265870.33,424.95,2025,FLOTILLA 
23240,3N1CK3CE8SL220561,2025-11-01,1331,678,285561.33,1293.20,2025,NUEVO 
23241,3N1CK3CE0SL221753,2025-11-01,1331,678,285561.33,988.91,2025,NUEVO 
23242,3N1CK3CE2SL220247,2025-11-01,1681,678,285561.33,1293.20,2025,NUEVO 
23243,3N1CK3CE4SL221223,2025-11-01,1331,678,285561.33,1293.20,2025,NUEVO 
23244,3N1CK3CE2SL220281,2025-11-01,1681,678,285561.32,1393.54,2025,NUEVO 
23245,3N1CK3CE1SL219770,2025-11-01,1681,678,285561.32,1393.54,2025,NUEVO 
23246,3N1CK3CEXSL221582,2025-11-01,1305,678,265870.32,495.77,2025,FLOTILLA 
23247,3N1CK3CE1SL220725,2025-11-01,1305,678,265870.32,495.77,2025,FLOTILLA 
23248,3N1CK3CE5SL221473,2025-11-01,1305,678,265870.32,495.77,2025,FLOTILLA 
23249,3N1CK3CE8SL221077,2025-11-01,1305,678,265870.32,495.77,2025,FLOTILLA 
23250,3N1CK3CE8SL221001,2025-11-01,1305,678,265870.32,495.77,2025,FLOTILLA 
23251,3N1CK3CE5SL221084,2025-11-01,1305,678,265870.32,495.77,2025,FLOTILLA 
23252,3N1CK3CE5SL221067,2025-11-01,1305,678,265870.32,495.77,2025,FLOTILLA 
23253,3N1CK3CE4SL220900,2025-11-01,1305,678,265870.32,495.77,2025,FLOTILLA 
23254,3N1CK3CE3SL220922,2025-11-01,1305,678,265870.32,495.77,2025,FLOTILLA 
23255,3N1CK3CEXSL220920,2025-11-01,1305,678,265870.32,495.77,2025,FLOTILLA 
23256,3N1CK3CE5SL220677,2025-11-01,1305,678,265870.32,495.77,2025,FLOTILLA 
23257,3N1CK3CE3SL220242,2025-11-01,1305,678,265870.32,495.77,2025,FLOTILLA 
23258,3N1CK3CE7SL221166,2025-11-01,1305,678,265870.32,495.77,2025,FLOTILLA 
23260,3N1CK3CE9SL221296,2025-11-01,1288,678,265870.33,637.42,2025,FLOTILLA 
23261,3N1CK3CE0SL220652,2025-11-01,1681,678,285561.33,1703.21,2025,NUEVO 
23262,3N1CK3CE7SL220342,2025-11-01,1331,678,285561.32,2012.89,2025,NUEVO 
23263,3N1CK3CE9SL218236,2025-11-01,1288,678,265870.33,1729.93,2025,FLOTILLA 
23264,3N1CK3CE0SL218254,2025-11-01,1305,678,265870.33,72.08,2025,FLOTILLA 
23265,3N1CK3CE6SL218257,2025-11-01,1305,678,265870.33,72.08,2025,FLOTILLA 
23266,3N1CK3CE3SL218197,2025-11-01,1305,678,265870.33,72.08,2025,FLOTILLA 
23267,3N1CK3CE5SL218217,2025-11-01,1305,678,265870.33,72.08,2025,FLOTILLA 
23268,3N1CK3CE9SL218222,2025-11-01,1288,678,265870.33,1946.17,2025,FLOTILLA 
23269,3N1CK3CE0SL215273,2025-11-01,1305,678,264080.45,429.57,2025,FLOTILLA 
23270,3N1CK3CE1SL220028,2025-11-01,1681,678,265870.33,72.08,2025,FLOTILLA 
23271,3N1CK3CE0SL220019,2025-11-01,1681,678,265870.33,72.08,2025,FLOTILLA 
23272,3N1CK3CE3SL220029,2025-11-01,1681,678,265870.33,72.08,2025,FLOTILLA 
23273,3N1CK3CE4SL215776,2025-11-01,1305,678,264080.45,239.65,2025,FLOTILLA 
23274,3N1CK3CE9SL207978,2025-11-01,1576,678,264080.44,429.57,2025,FLOTILLA 
23275,3N1CK3CE9SL216082,2025-11-01,1305,678,264080.45,559.19,2025,FLOTILLA 
23276,3N1CK3CE9SL216051,2025-11-01,1305,678,264080.45,399.42,2025,FLOTILLA 
23277,3N1CK3CE7SL215299,2025-11-01,1305,678,264080.45,479.31,2025,FLOTILLA 
23278,3N1CK3CE0SL216102,2025-11-01,1305,678,264080.45,1517.80,2025,FLOTILLA 
23279,3N1CK3CEXSL207844,2025-11-01,1288,678,264080.45,286.38,2025,FLOTILLA 
23280,3N1CK3CE8SL207843,2025-11-01,1288,678,264080.45,286.38,2025,FLOTILLA 
23281,3N1CK3CE7SL207929,2025-11-01,1288,678,264080.45,286.38,2025,FLOTILLA 
23285,3N1CK3CE7SL216310,2025-11-01,1331,678,264080.45,1160.63,2025,FLOTILLA 
23286,3N1CK3CE5SL216094,2025-11-01,1305,678,264080.45,515.84,2025,FLOTILLA 
23287,3N1CK3CE2SL216019,2025-11-01,1305,678,264080.45,580.32,2025,FLOTILLA 
23288,3N1CK3CE2RL226821,2025-11-01,1803,678,200200.00,146.65,2024,SEMINUEVOS 
23289,3N1CK3CE9SL207978,2025-11-01,1576,678,264080.44,1160.63,2025,FLOTILLA 
23290,3N1CK3CEXSL207844,2025-11-01,1288,678,264080.45,1676.47,2025,FLOTILLA 
23291,3N1CK3CE8SL207843,2025-11-01,1288,678,264080.45,1676.47,2025,FLOTILLA 
23292,3N1CK3CE7SL207929,2025-11-01,1288,678,264080.45,1676.47,2025,FLOTILLA 
23293,3N1CK3CE6SL220106,2025-11-01,1331,678,285561.32,152.14,2025,NUEVO 
23294,3N1CK3CE0SL220022,2025-11-01,1288,678,265870.33,216.24,2025,FLOTILLA 
23295,3N1CK3CE6SL220011,2025-11-01,1288,678,265870.33,432.48,2025,FLOTILLA 
23296,3N1CK3CE2SL214867,2025-11-01,1288,678,265870.33,216.24,2025,FLOTILLA 
23297,3N1CK3CE0SL220943,2025-11-01,1305,678,265870.32,141.65,2025,FLOTILLA 
23298,3N1CK3CE0SL220831,2025-11-01,1305,678,265870.32,141.65,2025,FLOTILLA 
23299,3N1CK3CE3SL220886,2025-11-01,1305,678,265870.32,141.65,2025,FLOTILLA 
23300,3N1CK3CE1SL220918,2025-11-01,1305,678,265870.32,141.65,2025,FLOTILLA 
23301,3N1CK3CE2SL221012,2025-11-01,1305,678,265870.32,212.47,2025,FLOTILLA 
23302,3N1CK3CE4SL221075,2025-11-01,1305,678,265870.32,70.82,2025,FLOTILLA 
23303,3N1CK3CE0SL221512,2025-11-01,1305,678,265870.32,212.47,2025,FLOTILLA 
23304,3N1CK3CE2SL221401,2025-11-01,1305,678,265870.32,212.47,2025,FLOTILLA 
23305,3N1CK3CE1SL221499,2025-11-01,1305,678,265870.32,212.47,2025,FLOTILLA 
23306,3N1CK3CE1SL221244,2025-11-01,1305,678,265870.32,283.30,2025,FLOTILLA 
23307,3N1CK3CE9SL221184,2025-11-01,1305,678,265870.32,283.30,2025,FLOTILLA 
23308,3N1CK3CEXSL215670,2025-11-01,1305,678,264080.45,281.39,2025,FLOTILLA 
23309,3N1CK3CEXSL215300,2025-11-01,1305,678,264080.45,211.04,2025,FLOTILLA 
23310,3N1CK3CE9SL216079,2025-11-01,1305,678,264080.45,281.39,2025,FLOTILLA 
23311,3N1CK3CE9SL215532,2025-11-01,1305,678,264080.45,281.39,2025,FLOTILLA 
23312,3N1CK3CE9SL215403,2025-11-01,1305,678,264080.45,211.04,2025,FLOTILLA 
23313,3N1CK3CE8SL215764,2025-11-01,1305,678,264080.45,281.39,2025,FLOTILLA 
23314,3N1CK3CE8SL215652,2025-11-01,1305,678,264080.45,281.39,2025,FLOTILLA 
23315,3N1CK3CE8SL215537,2025-11-01,1305,678,264080.45,281.39,2025,FLOTILLA 
23316,3N1CK3CE7SL216100,2025-11-01,1305,678,264080.45,281.39,2025,FLOTILLA 
23317,3N1CK3CE7SL216047,2025-11-01,1305,678,264080.45,281.39,2025,FLOTILLA 
23318,3N1CK3CE7SL215772,2025-11-01,1305,678,264080.45,281.39,2025,FLOTILLA 
23319,3N1CK3CE7SL215769,2025-11-01,1305,678,264080.45,281.39,2025,FLOTILLA 
23320,3N1CK3CE5SL216144,2025-11-01,1305,678,264080.45,422.09,2025,FLOTILLA 
23321,3N1CK3CE5SL216080,2025-11-01,1305,678,264080.45,211.04,2025,FLOTILLA 
23322,3N1CK3CE5SL215768,2025-11-01,1305,678,264080.45,211.04,2025,FLOTILLA 
23323,3N1CK3CE5SL215561,2025-11-01,1305,678,264080.45,211.04,2025,FLOTILLA 
23324,3N1CK3CE4SL216121,2025-11-01,1305,678,264080.45,281.39,2025,FLOTILLA 
23325,3N1CK3CE4SL216104,2025-11-01,1305,678,264080.45,281.39,2025,FLOTILLA 
23326,3N1CK3CE4SL216054,2025-11-01,1305,678,264080.45,281.39,2025,FLOTILLA 
23327,3N1CK3CE4SL215731,2025-11-01,1305,678,264080.45,281.39,2025,FLOTILLA 
23328,3N1CK3CE4SL215695,2025-11-01,1305,678,264080.45,422.09,2025,FLOTILLA 
23329,3N1CK3CE4SL215650,2025-11-01,1305,678,264080.45,492.44,2025,FLOTILLA 
23330,3N1CK3CE3SL216126,2025-11-01,1305,678,264080.45,1336.61,2025,FLOTILLA 
23331,3N1CK3CE3SL216093,2025-11-01,1305,678,264080.45,492.44,2025,FLOTILLA 
23332,3N1CK3CE1SL216142,2025-11-01,1305,678,264080.45,281.39,2025,FLOTILLA 
23333,3N1CK3CE1SL216092,2025-11-01,1305,678,264080.45,422.09,2025,FLOTILLA 
23334,3N1CK3CE1SL216061,2025-11-01,1305,678,264080.45,422.09,2025,FLOTILLA 
23335,3N1CK3CE1SL216058,2025-11-01,1305,678,264080.45,211.04,2025,FLOTILLA 
23336,3N1CK3CE1SL215623,2025-11-01,1305,678,264080.45,211.04,2025,FLOTILLA 
23337,3N1CK3CE0SL216133,2025-11-01,1305,678,264080.45,281.39,2025,FLOTILLA 
23338,3N1CK3CE0SL215757,2025-11-01,1305,678,264080.45,1336.61,2025,FLOTILLA 
23339,3N1CK3CE0SL215306,2025-11-01,1305,678,264080.45,211.04,2025,FLOTILLA 
23474,LSJA36E90PZ152581,2025-11-01,1681,679,161500.00,1159.57,2023,SEMINUEVOS 
23475,LSJA36E9XPZ149784,2025-11-01,1681,679,161500.00,1449.46,2023,SEMINUEVOS 
23476,LSJA36E91PZ149866,2025-11-01,1681,679,161500.00,579.79,2023,SEMINUEVOS 
23477,LSJA36E92NZ080070,2025-11-01,1385,679,159600.00,740.41,2022,SEMINUEVOS 
23485,ML3AFT6J8NH004314,2025-11-01,1681,680,158800.00,1425.23,2022,SEMINUEVOS 
23487,3N6AD35A9SK841660,2025-11-01,1790,682,436301.08,395.94,2025,NUEVO 
23488,3N6AD31A9SK842720,2025-11-01,1681,682,437168.77,247.57,2025,NUEVO 
23489,3N6AD35A6SK839414,2025-11-01,1331,682,436301.06,3999.43,2025,NUEVO 
23490,3N6AD35A7SK825084,2025-11-01,1331,682,436301.06,3835.81,2025,NUEVO 
23491,3N6AD35A1SK849770,2025-11-01,1819,682,438905.20,1308.91,2025,NUEVO 
23492,3N6AD35A8SK839348,2025-11-01,1770,682,436301.06,348.68,2025,FLOTILLA 
23493,3N6AD35A5SK839386,2025-11-01,1770,682,436301.06,348.68,2025,FLOTILLA 
23494,3N6AD35A4SK839315,2025-11-01,1770,682,436301.06,348.68,2025,FLOTILLA 
23495,3N6AD35A3SK839404,2025-11-01,1770,682,436301.06,348.68,2025,FLOTILLA 
23496,3N6AD35A2SK839328,2025-11-01,1770,682,436301.06,348.68,2025,FLOTILLA 
23497,3N6AD35A1SK839403,2025-11-01,1770,682,436301.06,348.68,2025,FLOTILLA 
23498,3N6AD35AXSK848178,2025-11-01,1681,682,438905.21,951.94,2025,NUEVO 
23499,3N6AD35A5SK848850,2025-11-01,1681,682,438905.20,1665.89,2025,NUEVO 
23500,3N6AD35A8SK847983,2025-11-01,1681,682,438905.20,2974.80,2025,FLOTILLA 
23501,3N6AD35A6SK847707,2025-11-01,1681,682,438905.20,3569.76,2025,FLOTILLA 
23502,3N6AD35A7SK844525,2025-11-01,1872,682,438905.21,1314.28,2025,NUEVO 
23503,3N6AD35A0SK845693,2025-11-01,1681,682,438905.21,1055.54,2025,NUEVO 
23507,3N6AD35A5TK802582,2025-11-01,1681,682,438905.20,116.92,2026,NUEVO 
23537,JN1BE6DS0N9042084,2025-11-01,1681,683,376400.00,954.50,2020,SEMINUEVOS 
23538,JN1BE6DS4L9036981,2025-11-01,1681,683,376400.00,3224.49,2020,SEMINUEVOS 
23539,JN1BE6DS9L9037317,2025-11-01,1681,683,376400.00,3224.49,2020,SEMINUEVOS 
23540,JN1BE6DS4L9036916,2025-11-01,1681,683,376400.00,3224.49,2020,SEMINUEVOS 
23541,JN6BE6CS4L9060290,2025-11-01,1681,683,311200.00,1077.70,2020,SEMINUEVOS 
23542,JN1BE6DS6N9043207,2025-11-01,1681,683,439900.00,1171.84,2022,SEMINUEVOS 
23543,JN1BE6DSXL9035690,2025-11-01,1681,683,374300.00,2155.33,2020,SEMINUEVOS 
23544,JN1BE6DSXL9036483,2025-11-01,1681,683,374300.00,2991.28,2020,SEMINUEVOS 
23545,JN1BE6DSXL9036130,2025-11-01,1681,683,374300.00,2991.28,2020,SEMINUEVOS 
23546,JN1BE6DS4L9035829,2025-11-01,1681,683,374300.00,997.09,2020,SEMINUEVOS 
23547,JN1BE6DS3L9036731,2025-11-01,1681,683,374300.00,2991.28,2020,SEMINUEVOS 
23548,JN1BE6DS6L9036691,2025-11-01,1681,683,374300.00,2991.28,2020,SEMINUEVOS 
23549,JN1BE6DS6L9036626,2025-11-01,1681,683,372600.00,358.11,2020,SEMINUEVOS 
23550,JN1BE6DS3L9038995,2025-11-01,1681,683,372600.00,358.11,2020,SEMINUEVOS 
23551,JN1BE6DSXM9040308,2025-11-01,1681,683,404600.00,388.87,2021,SEMINUEVOS 
23552,JN1BE6DS6N9042073,2025-11-01,1681,683,438700.00,421.64,2022,SEMINUEVOS 
23553,JN1BE6DS4L9039198,2025-11-01,1681,683,372600.00,358.11,2020,SEMINUEVOS 
23554,JN1BE6DS4M9041387,2025-11-01,1795,683,406100.00,2717.46,2021,SEMINUEVOS 
23555,JN1BE6DS9M9040963,2025-11-01,1855,683,406100.00,1189.99,2021,SEMINUEVOS 
23578,LSGEN53AXPD011345,2025-11-01,1385,684,222300.00,1808.04,2023,SEMINUEVOS 
23579,LSGEN53A2PD155598,2025-11-01,1385,684,179800.00,834.12,2023,SEMINUEVOS 
23585,5N1DR3MN5RC314054,2025-11-01,1681,686,1041332.59,7004.00,2024,DEMO 
23588,MEX6A2604NT024356,2025-11-01,1681,687,177700.00,1522.30,2022,SEMINUEVOS 
23590,JTDKARFUXK3088240,2025-11-01,1681,688,208900.00,1669.46,2019,SEMINUEVOS 
23592,3N1AB8AE1SY405223,2025-11-01,1681,694,375550.65,2811.41,2025,NUEVO 
23593,3N1AB8AE6SY394395,2025-11-01,1681,694,394413.41,2949.88,2025,NUEVO 
23594,3N1AB8AE8SY334148,2025-11-01,1283,694,426000.20,1338.11,2025,FLOTILLA 
23595,3N1AB8AE4SY408195,2025-11-01,1681,694,375550.65,3370.57,2025,NUEVO 
23596,3N1AB8AE7SY359672,2025-11-01,1681,694,409779.93,3677.77,2025,NUEVO 
23597,3N1AB8AE0SY389029,2025-11-01,1858,694,472259.85,2571.45,2025,NUEVO 
23598,3N1AB8AE8SY389473,2025-11-01,1681,694,407219.81,3732.85,2025,NUEVO 
23599,3N1AB8AE3SY388246,2025-11-01,1681,694,391853.29,3556.07,2025,NUEVO 
23600,3N1AB8AEXSY388356,2025-11-01,1681,694,407219.81,3695.52,2025,NUEVO 
23601,3N1AB8AE5SY392556,2025-11-01,1681,694,372953.40,3384.55,2025,NUEVO 
23602,3N1AB8AE4SY388787,2025-11-01,1331,694,372953.41,3418.74,2025,NUEVO 
23603,3N1AB8AE9SY388168,2025-11-01,1681,694,372953.41,3418.74,2025,NUEVO 
23604,3N1AB8AE6SY378777,2025-11-01,1681,694,391853.29,3591.99,2025,NUEVO 
23605,3N1AB8AE4SY382066,2025-11-01,1331,694,372953.41,3418.74,2025,NUEVO 
23606,3N1AB8AE6SY383588,2025-11-01,1681,694,407219.81,3732.85,2025,NUEVO 
23607,3N1AB8AE9SY379745,2025-11-01,1681,694,372953.40,3418.74,2025,NUEVO 
23608,3N1AB8AE2SY378095,2025-11-01,1681,694,407219.80,3732.85,2025,NUEVO 
23609,3N1AB8AE5SY362599,2025-11-01,1681,694,426000.20,2520.75,2025,NUEVO 
23610,3N1AB8AE4PY205511,2025-11-01,1681,694,275100.00,714.50,2023,SEMINUEVOS 
23611,3N1AB8AE4SY380091,2025-11-01,1681,694,407219.80,3569.96,2025,NUEVO 
23612,3N1AB8AE8SY375637,2025-11-01,1816,694,372953.40,843.35,2025,NUEVO 
23613,3N1AB8AE0SY374773,2025-11-01,1681,694,391853.28,3435.25,2025,NUEVO 
23614,3N1AB8AE4SY370001,2025-11-01,1681,694,488168.08,1426.54,2025,NUEVO 
23615,3N1AB8AE8SY375427,2025-11-01,1681,694,372953.41,3421.85,2025,NUEVO 
23616,3N1AB8AE7SY369912,2025-11-01,1837,694,426000.21,2657.05,2025,NUEVO 
23617,3N1AB8AE0SY369329,2025-11-01,1681,694,407219.80,3396.89,2025,NUEVO 
23618,3N1AB8AE2SY363077,2025-11-01,1681,694,407219.81,3396.89,2025,NUEVO 
23619,3N1AB8AE9SY362119,2025-11-01,1681,694,372953.41,3111.05,2025,NUEVO 
23620,3N1AB8AEXSY359102,2025-11-01,1331,694,407219.80,3420.65,2025,NUEVO 
23621,3N1AB8AEXSY355731,2025-11-01,1681,694,426000.21,3578.40,2025,NUEVO 
23622,3N1AB8AE4SY351108,2025-11-01,1681,694,407219.80,2306.58,2025,NUEVO 
23623,3N1AB8AE9SY351329,2025-11-01,1681,694,407219.80,3580.14,2025,NUEVO 
23624,3N1AB8AE1SY348618,2025-11-01,1681,694,372953.40,3189.82,2025,NUEVO 
23625,3N1AB8AE3SY350287,2025-11-01,1681,694,372953.40,3278.88,2025,NUEVO 
23626,3N1AB8AE1SY349610,2025-11-01,1331,694,426000.20,3745.25,2025,NUEVO 
23627,3N1AB8AE2SY334761,2025-11-01,1681,694,407219.80,3580.14,2025,NUEVO 
23628,3N1AB8AE6SY330874,2025-11-01,1331,694,391853.28,3445.04,2025,NUEVO 
23629,3N1AB8AE9SY330755,2025-11-01,1331,694,391853.28,3445.04,2025,NUEVO 
23630,3N1AB8AEXSY328223,2025-11-01,1331,694,472259.84,4151.95,2025,NUEVO 
23631,3N1AB8AE3SY348068,2025-11-01,1681,694,426000.20,3745.25,2025,NUEVO 
23632,3N1AB8AE4SY343574,2025-11-01,1848,694,407219.80,1551.39,2025,NUEVO 
23633,3N1AB8AE1SY346299,2025-11-01,1681,694,426000.21,249.68,2025,NUEVO 
23634,3N1AB8AE5SY342675,2025-11-01,1681,694,372953.40,2836.31,2025,NUEVO 
23635,3N1AB8AE2SY340866,2025-11-01,1681,694,407219.80,3573.35,2025,NUEVO 
23636,3N1AB8AE1SY319605,2025-11-01,1681,694,391853.29,2571.10,2025,NUEVO 
23637,3N1AB8AE8SY331377,2025-11-01,1681,694,391853.28,3438.51,2025,NUEVO 
23638,3N1AB8AE5SY318361,2025-11-01,1681,694,401075.66,3429.20,2025,NUEVO 
23639,3N1AB8AE2SY313263,2025-11-01,1681,694,419856.06,2316.76,2025,NUEVO 
23640,3N1AB8AEXSY290105,2025-11-01,1524,694,419836.06,2330.47,2025,DEMO 
23641,3N1AB8AE7SY281426,2025-11-01,1331,694,401055.66,3773.27,2025,NUEVO 
23642,3N1AB8AE8SY239234,2025-11-01,1524,694,477832.58,1205.47,2025,DEMO 
23643,3N1AB8AE8SY419359,2025-11-01,1681,694,394413.40,213.86,2025,NUEVO 
23644,3N1AB8AE3SY419320,2025-11-01,1681,694,394413.40,320.79,2025,NUEVO 
23645,3N1AB8AE7SY405646,2025-11-01,1681,694,375550.64,305.45,2025,NUEVO 
23646,3N1AB8AE6SY417979,2025-11-01,1681,694,394413.40,337.88,2025,NUEVO 
23647,3N1AB8AE9PY206735,2025-11-01,1681,694,246500.00,1364.34,2023,SEMINUEVOS 
23648,3N1AB8AE7SY274346,2025-11-01,1290,694,416170.46,1466.77,2025,FLOTILLA 
23649,3N1AB8AE4SY269640,2025-11-01,1290,694,382024.70,1346.42,2025,FLOTILLA 
23650,3N1AB8AE1SY393414,2025-11-01,1283,694,426000.21,1270.43,2025,FLOTILLA 
23651,3N1AB8AEXSY392729,2025-11-01,1283,694,426000.21,1270.43,2025,FLOTILLA 
23652,3N1AB8AE0SY348979,2025-11-01,1283,694,426000.21,1270.43,2025,FLOTILLA 
23653,3N1AB8AEXSY410002,2025-11-01,1681,694,375550.64,1608.61,2025,NUEVO 
23654,3N1AB8AE9SY417846,2025-11-01,1681,694,375550.64,1608.61,2025,NUEVO 
23655,3N1AB8AE8SY377307,2025-11-01,1283,694,426000.20,577.47,2025,FLOTILLA 
23656,3N1AB8AE0RY384522,2025-11-01,1870,694,353200.00,1111.12,2024,SEMINUEVOS 
23680,3N1AB8AE3RY337744,2025-11-01,1385,694,272800.00,393.29,2024,SEMINUEVOS 
23681,3N1AB8AE0PY201455,2025-11-01,1385,694,235500.00,339.51,2023,SEMINUEVOS 
23682,3N1AB8AE1SY319605,2025-11-01,1681,694,391853.29,659.08,2025,FLOTILLA 
23683,3N1AB8AE7SY274346,2025-11-01,1290,694,416170.46,1727.45,2025,FLOTILLA 
23684,3N1AB8AE4SY269640,2025-11-01,1290,694,382024.70,1585.72,2025,FLOTILLA 
23685,3N1AB8AE7PY201145,2025-11-01,1385,694,258400.00,1198.76,2023,SEMINUEVOS 
23686,3N1AB8AE8SY377307,2025-11-01,1283,694,426000.20,1456.21,2025,FLOTILLA 
23687,3N1AB8AE1SY346299,2025-11-01,1681,694,426000.21,2912.42,2025,FLOTILLA 
23688,3N1AB8AE3SY349124,2025-11-01,1331,694,426000.21,3404.45,2025,NUEVO 
23734,9BWBL6BF5P4038997,2025-11-01,1681,698,257300.00,2204.20,2023,SEMINUEVOS 
23735,9BWBL6BF0P4039779,2025-11-01,1681,698,257300.00,2204.20,2023,SEMINUEVOS 
23736,9BWBL6BF5P4039177,2025-11-01,1681,698,257300.00,2204.20,2023,SEMINUEVOS 
23737,9BWBL6BF7M4079983,2025-11-01,1841,698,209300.00,626.16,2021,SEMINUEVOS 
23742,JN6BE6CS9S9123429,2025-11-01,1681,701,537981.97,4608.71,2025,FLOTILLA 
23743,JN6BE6CS2S9123451,2025-11-01,1681,701,537981.97,2150.73,2025,FLOTILLA 
23744,JN1BE6DS4S9121656,2025-11-01,1681,701,645301.69,5856.11,2025,NUEVO 
23745,JN6BE6CS7L9060218,2025-11-01,1681,701,324100.00,946.24,2020,SEMINUEVOS 
23746,JN1BE6DS3S9122216,2025-11-01,1331,701,652953.04,932.27,2025,NUEVO 
23747,JN1BE6DS4S9122676,2025-11-01,1681,701,696393.89,1392.01,2025,NUEVO 
23748,JN1BE6DS8S9122468,2025-11-01,1806,701,696393.88,4720.00,2025,FLOTILLA 
23749,JN1BE6DSXM9041247,2025-11-01,1842,701,406100.00,550.49,2021,SEMINUEVOS 
23750,JN1BE6DS4L9036401,2025-11-01,1838,701,374300.00,2739.88,2020,SEMINUEVOS 
23751,JN1BE6DS4S9122029,2025-11-01,1681,701,652953.05,3356.18,2025,NUEVO 
23752,JN1BE6DS4S9122452,2025-11-01,1772,701,696393.88,1699.20,2025,FLOTILLA 
23754,JN1BE6DS3L9036647,2025-11-01,1789,701,372600.00,895.28,2020,SEMINUEVOS 
23768,3N1CN7AE6SK408583,2025-11-01,1681,702,275746.57,247.71,2025,NUEVO 
23769,3N1CN7AE0SK410569,2025-11-01,1331,702,275746.57,330.28,2025,NUEVO 
23770,3N1CN7AE8SK410609,2025-11-01,1681,702,275746.57,7.06,2025,NUEVO 
23771,3N1CN7AE6SK409233,2025-11-01,1681,702,275746.57,2474.83,2025,NUEVO 
23772,3N1CN7AE0NL709395,2025-11-01,1681,702,168000.00,1342.60,2022,SEMINUEVOS 
23773,3N1CN7AE5SK411815,2025-11-01,1681,702,275746.56,2203.67,2025,FLOTILLA 
23774,3N1CN7AE5SK411023,2025-11-01,1681,702,275746.56,2203.67,2025,FLOTILLA 
23775,3N1CN7AE7SK411718,2025-11-01,1681,702,275746.57,2203.67,2025,FLOTILLA 
23776,3N1CN7AEXSK410921,2025-11-01,1681,702,275746.57,2203.67,2025,FLOTILLA 
23777,3N1CN7AE1SK410922,2025-11-01,1681,702,275746.57,2203.67,2025,FLOTILLA 
23778,3N1CN7AE3SK411036,2025-11-01,1681,702,275746.57,2203.67,2025,FLOTILLA 
23779,3N1CN7AE4SK410915,2025-11-01,1681,702,275746.56,2203.67,2025,FLOTILLA 
23780,3N1CN7AE8SK412571,2025-11-01,1681,702,275746.56,2362.23,2025,NUEVO 
23781,3N1CN7AEXSK412491,2025-11-01,1681,702,275746.56,2362.23,2025,NUEVO 
23782,3N1CN7AE1SK412055,2025-11-01,1820,702,275746.56,1496.08,2025,NUEVO 
23783,3N1CN7AE2SK411187,2025-11-01,1681,702,275746.56,2362.23,2025,NUEVO 
23784,3N1CN7AE2PL718019,2025-11-01,1681,702,182000.00,174.92,2023,SEMINUEVOS 
23785,3N1CN7AE0SK413519,2025-11-01,1681,702,275746.56,73.46,2025,NUEVO 
23786,3N1CN7AE1SK413108,2025-11-01,1331,702,275746.56,146.91,2025,NUEVO 
23806,MEX5A2600MT150112,2025-11-01,1385,703,152000.00,705.15,2021,SEMINUEVOS 
23807,MEX5A2600MT156069,2025-11-01,1385,703,152000.00,705.15,2021,SEMINUEVOS 
23810,3N1CN8AE7SK618602,2025-11-01,1772,704,343766.64,1025.19,2025,FLOTILLA 
23811,3N1CN8AE8SK632542,2025-11-01,1331,704,361666.61,3248.97,2025,NUEVO 
23812,3N1CN8AE9SK632369,2025-11-01,1331,704,361666.61,3248.97,2025,NUEVO 
23813,3N1CN8AEXRL825621,2025-11-01,1818,704,260600.00,2232.47,2024,SEMINUEVOS 
23814,3N1CN8AE8SK629222,2025-11-01,1283,704,343766.65,311.97,2025,FLOTILLA 
23815,3N1CN8AE6SK629333,2025-11-01,1283,704,343766.65,311.97,2025,FLOTILLA 
23816,3N1CN8AE7SK629342,2025-11-01,1283,704,343766.65,311.97,2025,FLOTILLA 
23817,3N1CN8AE5SK625158,2025-11-01,1283,704,343766.65,311.97,2025,FLOTILLA 
23818,3N1CN8AE2SK625277,2025-11-01,1283,704,343766.65,311.97,2025,FLOTILLA 
23819,3N1CN8AEXSK625219,2025-11-01,1283,704,343766.65,311.97,2025,FLOTILLA 
23820,3N1CN8AE2NL820018,2025-11-01,1681,704,218200.00,1183.86,2022,SEMINUEVOS 
23821,3N1CN8AE5NL837461,2025-11-01,1681,704,194700.00,555.98,2022,SEMINUEVOS 
23822,3N1CN8AE6PL858015,2025-11-01,1681,704,216900.00,1948.49,2023,SEMINUEVOS 
23823,3N1CN8AE2PL860778,2025-11-01,1681,704,216900.00,1948.49,2023,SEMINUEVOS 
23824,3N1CN8AE2PL861137,2025-11-01,1681,704,216900.00,1948.49,2023,SEMINUEVOS 
23825,3N1CN8AE4PL858658,2025-11-01,1681,704,216900.00,1948.49,2023,SEMINUEVOS 
23826,3N1CN8AE5SK632935,2025-11-01,1309,704,328550.93,2385.28,2025,NUEVO 
23827,3N1CN8AEXSK631361,2025-11-01,1681,704,328550.93,397.55,2025,NUEVO 
23828,3N1CN8AE4SK631839,2025-11-01,1681,704,328550.93,2981.60,2025,NUEVO 
23829,3N1CN8AE3SK631556,2025-11-01,1681,704,361666.61,3282.12,2025,NUEVO 
23830,3N1CN8AE3NL869860,2025-11-01,1385,704,187900.00,730.77,2022,SEMINUEVOS 
23831,3N1CN8AEXSK624331,2025-11-01,1283,704,343766.64,1131.28,2025,FLOTILLA 
23832,3N1CN8AE5PL858619,2025-11-01,1681,704,218400.00,1960.14,2023,SEMINUEVOS 
23833,3N1CN8AE8SK628989,2025-11-01,1305,704,328550.93,198.77,2025,FLOTILLA 
23834,3N1CN8AEXSK625057,2025-11-01,1305,704,343766.65,207.98,2025,FLOTILLA 
23835,3N1CN8AE3SK630794,2025-11-01,1681,704,376740.81,3418.92,2025,NUEVO 
23836,3N1CN8AE4SK630612,2025-11-01,1286,704,328550.93,1987.73,2025,NUEVO 
23837,3N1CN8AE1SK613914,2025-11-01,1681,704,361666.61,1888.77,2025,NUEVO 
23838,3N1CN8AE2SK629331,2025-11-01,1283,704,343766.65,311.97,2025,FLOTILLA 
23839,3N1CN8AE4SK629329,2025-11-01,1283,704,343766.65,311.97,2025,FLOTILLA 
23840,3N1CN8AE3SK625191,2025-11-01,1283,704,343766.65,311.97,2025,FLOTILLA 
23841,3N1CN8AE6SK625346,2025-11-01,1283,704,343766.65,311.97,2025,FLOTILLA 
23842,3N1CN8AE7SK625338,2025-11-01,1283,704,343766.65,311.97,2025,FLOTILLA 
23843,3N1CN8AE8SK625249,2025-11-01,1283,704,343766.65,311.97,2025,FLOTILLA 
23844,3N1CN8AE3SK625286,2025-11-01,1283,704,343766.65,311.97,2025,FLOTILLA 
23845,3N1CN8AEXSK627553,2025-11-01,1681,704,343766.64,3151.19,2025,NUEVO 
23846,3N1CN8AE7SK628739,2025-11-01,1853,704,328550.93,301.17,2025,NUEVO 
23847,3N1CN8AE6NL856181,2025-11-01,1681,704,218800.00,1704.82,2022,SEMINUEVOS 
23848,3N1CN8AE8RL835323,2025-11-01,1681,704,290000.00,443.06,2024,SEMINUEVOS 
23849,3N1CN8AE1SK627151,2025-11-01,1681,704,343766.65,1004.56,2025,NUEVO 
23850,3N1CN8AE9SK624174,2025-11-01,1283,704,343766.64,1260.48,2025,FLOTILLA 
23851,3N1CN8AE8SL869655,2025-11-01,1331,704,405743.13,3557.01,2025,NUEVO 
23852,3N1CN8AE4SK625782,2025-11-01,1820,704,328550.93,1650.04,2025,NUEVO 
23853,3N1CN8AE4SK617536,2025-11-01,1331,704,328550.93,2880.30,2025,NUEVO 
23854,3N1CN8AE2SK625375,2025-11-01,1283,704,376740.80,2765.28,2025,NUEVO 
23855,3N1CN8AE3SK625000,2025-11-01,1681,704,376740.81,3032.69,2025,NUEVO 
23856,3N1CN8AE1SK623407,2025-11-01,1283,704,376740.80,2514.12,2025,NUEVO 
23857,3N1CN8AE0SK618358,2025-11-01,1681,704,343766.65,2867.59,2025,NUEVO 
23858,3N1CN8AE0SK621860,2025-11-01,1681,704,376740.81,3142.65,2025,NUEVO 
23859,3N1CN8AE2SK619852,2025-11-01,1681,704,343766.65,2867.59,2025,NUEVO 
23860,3N1CN8AE1SK619857,2025-11-01,1331,704,343766.65,2887.64,2025,NUEVO 
23861,3N1CN8AE1SK620006,2025-11-01,1681,704,391773.25,3290.90,2025,NUEVO 
23862,3N1CN8AE6SK618915,2025-11-01,1801,704,361666.60,1924.07,2025,NUEVO 
23863,3N1CN8AE4SK613454,2025-11-01,1283,704,376740.80,1876.90,2025,NUEVO 
23864,3N1CN8AE8SK612422,2025-11-01,1681,704,328550.92,2888.51,2025,NUEVO 
23865,3N1CN8AEXSL857524,2025-11-01,1762,704,405743.12,159.28,2025,NUEVO 
23866,3N1CN8AE4SK617486,2025-11-01,1765,704,343766.64,2820.80,2025,NUEVO 
23867,3N1CN8AE5SK611261,2025-11-01,1331,704,343766.64,3022.28,2025,NUEVO 
23868,3N1CN8AE2SK612836,2025-11-01,1681,704,343766.64,117.51,2025,NUEVO 
23869,3N1CN8AE3SK612702,2025-11-01,1681,704,328550.92,1959.57,2025,NUEVO 
23870,3N1CN8AE2SL858893,2025-11-01,1681,704,391773.25,3444.34,2025,NUEVO 
23871,3N1CN8AE2SK613663,2025-11-01,1805,704,376740.81,3224.27,2025,NUEVO 
23872,3N1CN8AE5SK613673,2025-11-01,1681,704,376740.81,2199.06,2025,NUEVO 
23873,3N1CN8AE5SK613186,2025-11-01,1331,704,391773.25,3352.93,2025,NUEVO 
23874,3N1CN8AE9SL851827,2025-11-01,1681,704,398592.10,2191.54,2025,NUEVO 
23875,3N1CN8AE1SL849974,2025-11-01,1681,704,384550.30,3287.91,2025,NUEVO 
23876,3N1CN8AE0SK608820,2025-11-01,1681,704,321224.74,1587.53,2025,NUEVO 
23877,3N1CN8AE4SK604477,2025-11-01,1681,704,369485.38,2318.93,2025,DEMO 
23878,3N1CN8AE4SK603801,2025-11-01,1524,704,369485.38,2318.93,2025,DEMO 
23879,3N1CN8AE3SL841410,2025-11-01,1331,704,398572.10,3746.58,2025,NUEVO 
23880,3N1CN8AEXSK625236,2025-11-01,1283,704,343766.65,1007.33,2025,FLOTILLA 
23881,3N1CN8AE8SK624196,2025-11-01,1283,704,343766.64,1923.09,2025,FLOTILLA 
23882,3N1CN8AE6SK624374,2025-11-01,1283,704,343766.64,1098.91,2025,FLOTILLA 
23883,3N1CN8AE6SK617053,2025-11-01,1283,704,343766.64,1923.09,2025,FLOTILLA 
23884,3N1CN8AE3SK625157,2025-11-01,1283,704,343766.65,1923.09,2025,FLOTILLA 
23885,3N1CN8AE1SK624377,2025-11-01,1283,704,343766.64,1923.09,2025,FLOTILLA 
23886,3N1CN8AE1SK637369,2025-11-01,1331,704,346452.05,830.62,2025,NUEVO 
23887,3N1CN8AE2SK638157,2025-11-01,1681,704,361666.60,585.92,2025,NUEVO 
23888,3N1CN8AE8SK638129,2025-11-01,1681,704,329447.60,1250.44,2025,NUEVO 
23889,3N1CN8AE0SK638304,2025-11-01,1681,704,346452.05,276.87,2025,NUEVO 
23890,3N1CN8AE0SK635192,2025-11-01,1788,704,346452.04,204.51,2025,FLOTILLA 
23891,3N1CN8AE3SK635350,2025-11-01,1788,704,346452.04,204.51,2025,FLOTILLA 
23892,3N1CN8AEXSK635250,2025-11-01,1788,704,346452.04,204.51,2025,FLOTILLA 
23893,3N1CN8AEXSK635040,2025-11-01,1788,704,346452.04,204.51,2025,FLOTILLA 
23894,3N1CN8AEXSK635376,2025-11-01,1788,704,346452.04,204.51,2025,FLOTILLA 
23895,3N1CN8AE2SK637980,2025-11-01,1788,704,346452.04,204.51,2025,FLOTILLA 
23896,3N1CN8AE5SK636788,2025-11-01,1788,704,346452.04,204.51,2025,FLOTILLA 
23897,3N1CN8AEXSK637452,2025-11-01,1788,704,346452.04,204.51,2025,FLOTILLA 
23898,3N1CN8AE2SK636831,2025-11-01,1788,704,346452.04,204.51,2025,FLOTILLA 
23899,3N1CN8AE8SK637210,2025-11-01,1788,704,346452.04,204.51,2025,FLOTILLA 
23900,3N1CN8AE0SK637279,2025-11-01,1788,704,346452.04,204.51,2025,FLOTILLA 
23901,3N1CN8AE9SK636597,2025-11-01,1788,704,346452.04,204.51,2025,FLOTILLA 
23902,3N1CN8AE9SK636647,2025-11-01,1788,704,346452.04,204.51,2025,FLOTILLA 
23903,3N1CN8AE9SK636504,2025-11-01,1788,704,346452.04,204.51,2025,FLOTILLA 
23904,3N1CN8AE3SK636515,2025-11-01,1788,704,346452.04,204.51,2025,FLOTILLA 
23905,3N1CN8AE4SK636457,2025-11-01,1788,704,346452.04,204.51,2025,FLOTILLA 
23906,3N1CN8AE2SK637736,2025-11-01,1788,704,346452.04,204.51,2025,FLOTILLA 
23907,3N1CN8AE9SK637832,2025-11-01,1788,704,346452.04,204.51,2025,FLOTILLA 
23908,3N1CN8AE4SK636622,2025-11-01,1788,704,346452.04,204.51,2025,FLOTILLA 
23909,3N1CN8AEXSK637547,2025-11-01,1788,704,346452.04,204.51,2025,FLOTILLA 
23910,3N1CN8AEXSK636110,2025-11-01,1788,704,346452.04,204.51,2025,FLOTILLA 
23911,3N1CN8AEXSK636091,2025-11-01,1788,704,346452.04,204.51,2025,FLOTILLA 
23912,3N1CN8AE9SK637992,2025-11-01,1788,704,346452.04,204.51,2025,FLOTILLA 
23913,3N1CN8AE7SL889041,2025-11-01,1788,704,346452.04,204.51,2025,FLOTILLA 
23914,3N1CN8AE9SL889252,2025-11-01,1788,704,346452.04,204.51,2025,FLOTILLA 
23915,3N1CN8AE0SL889270,2025-11-01,1788,704,346452.04,204.51,2025,FLOTILLA 
23916,3N1CN8AE3SL888680,2025-11-01,1788,704,346452.04,204.51,2025,FLOTILLA 
23917,3N1CN8AE0SK638058,2025-11-01,1788,704,346452.04,204.51,2025,FLOTILLA 
23918,3N1CN8AE3SK638071,2025-11-01,1788,704,346452.04,204.51,2025,FLOTILLA 
23919,3N1CN8AE0SK635368,2025-11-01,1788,704,346452.04,204.51,2025,FLOTILLA 
23920,3N1CN8AE4SK635387,2025-11-01,1788,704,346452.04,204.51,2025,FLOTILLA 
23921,3N1CN8AE0SK635516,2025-11-01,1788,704,346452.04,204.51,2025,FLOTILLA 
23922,3N1CN8AE0SK635452,2025-11-01,1788,704,346452.04,204.51,2025,FLOTILLA 
23923,3N1CN8AE0SK635547,2025-11-01,1788,704,346452.04,204.51,2025,FLOTILLA 
23924,3N1CN8AE1SK635539,2025-11-01,1788,704,346452.04,204.51,2025,FLOTILLA 
23925,3N1CN8AE3SK635641,2025-11-01,1788,704,346452.04,204.51,2025,FLOTILLA 
23926,3N1CN8AE0SK635094,2025-11-01,1788,704,346452.04,204.51,2025,FLOTILLA 
23927,3N1CN8AE3SK635462,2025-11-01,1788,704,346452.04,204.51,2025,FLOTILLA 
23928,3N1CN8AEXSK629643,2025-11-01,1788,704,346452.04,204.51,2025,FLOTILLA 
23929,3N1CN8AE1SK629658,2025-11-01,1788,704,346452.04,204.51,2025,FLOTILLA 
23930,3N1CN8AE3SK629970,2025-11-01,1788,704,346452.04,204.51,2025,FLOTILLA 
23931,3N1CN8AE0SK630011,2025-11-01,1788,704,346452.04,204.51,2025,FLOTILLA 
23932,3N1CN8AE0SK630882,2025-11-01,1788,704,346452.04,204.51,2025,FLOTILLA 
23933,3N1CN8AE1SK629787,2025-11-01,1788,704,346452.04,204.51,2025,FLOTILLA 
23934,3N1CN8AE1SK630681,2025-11-01,1788,704,346452.04,204.51,2025,FLOTILLA 
23935,3N1CN8AE8SK629981,2025-11-01,1788,704,346452.04,204.51,2025,FLOTILLA 
23936,3N1CN8AE5SK636824,2025-11-01,1788,704,346452.04,204.51,2025,FLOTILLA 
23937,3N1CN8AE4SL885741,2025-11-01,1788,704,346452.04,204.51,2025,FLOTILLA 
23938,3N1CN8AE9SK638222,2025-11-01,1788,704,346452.04,204.51,2025,FLOTILLA 
23939,3N1CN8AE1SK633712,2025-11-01,1681,704,329447.60,1755.22,2025,FLOTILLA 
23940,3N1CN8AE4SK635034,2025-11-01,1681,704,329447.60,1755.22,2025,FLOTILLA 
23941,3N1CN8AE1SK629823,2025-11-01,1681,704,328550.93,2625.67,2025,FLOTILLA 
23942,3N1CN8AE9SK637958,2025-11-01,1788,704,346452.05,296.80,2025,FLOTILLA 
23943,3N1CN8AE1SK636691,2025-11-01,1788,704,346452.05,296.80,2025,FLOTILLA 
23944,3N1CN8AE3SK637793,2025-11-01,1788,704,346452.05,296.80,2025,FLOTILLA 
23945,3N1CN8AEXSK637645,2025-11-01,1788,704,346452.05,296.80,2025,FLOTILLA 
23946,3N1CN8AE0SK637962,2025-11-01,1788,704,346452.05,296.80,2025,FLOTILLA 
23947,3N1CN8AE1SK638229,2025-11-01,1788,704,346452.05,296.80,2025,FLOTILLA 
23948,3N1CN8AE6SL888446,2025-11-01,1788,704,346452.05,389.09,2025,FLOTILLA 
23949,3N1CN8AE5SL888499,2025-11-01,1788,704,346452.05,389.09,2025,FLOTILLA 
23950,3N1CN8AE8SL885533,2025-11-01,1788,704,346452.05,389.09,2025,FLOTILLA 
23951,3N1CN8AE3SL884645,2025-11-01,1788,704,346452.05,389.09,2025,FLOTILLA 
23952,3N1CN8AEXSL884769,2025-11-01,1788,704,346452.05,389.09,2025,FLOTILLA 
23953,3N1CN8AE9SL886416,2025-11-01,1788,704,346452.05,389.09,2025,FLOTILLA 
23954,3N1CN8AEXSL885761,2025-11-01,1788,704,346452.05,389.09,2025,FLOTILLA 
23955,3N1CN8AE3SL885777,2025-11-01,1788,704,346452.05,389.09,2025,FLOTILLA 
23956,3N1CN8AE2SL889335,2025-11-01,1788,704,346452.05,389.09,2025,FLOTILLA 
23957,3N1CN8AEXSL889115,2025-11-01,1788,704,346452.05,389.09,2025,FLOTILLA 
23958,3N1CN8AE2SL889173,2025-11-01,1788,704,346452.05,389.09,2025,FLOTILLA 
23959,3N1CN8AE2SL889268,2025-11-01,1788,704,346452.05,389.09,2025,FLOTILLA 
23960,3N1CN8AE0SL889351,2025-11-01,1788,704,346452.05,389.09,2025,FLOTILLA 
23961,3N1CN8AE3SL889053,2025-11-01,1788,704,346452.05,389.09,2025,FLOTILLA 
23962,3N1CN8AE1SL889116,2025-11-01,1788,704,346452.05,389.09,2025,FLOTILLA 
23963,3N1CN8AEXSL889065,2025-11-01,1788,704,346452.05,389.09,2025,FLOTILLA 
23964,3N1CN8AE0PL821428,2025-11-01,1681,704,215200.00,1719.81,2023,SEMINUEVOS 
23965,3N1CN8AEXSL883685,2025-11-01,1681,704,379399.53,1700.52,2025,NUEVO 
23966,3N1CN8AE4SL884377,2025-11-01,1869,704,329447.60,1595.84,2025,NUEVO 
23967,3N1CN8AE4SK635423,2025-11-01,1283,704,346452.05,2817.81,2025,FLOTILLA 
23968,3N1CN8AE8SL884169,2025-11-01,1681,704,329447.60,93.90,2025,NUEVO 
23969,3N1CN8AEXSL883783,2025-11-01,1793,704,361666.60,2157.14,2025,NUEVO 
24012,3N1CN8AE2SK625375,2025-11-01,1283,704,376740.80,543.13,2025,FLOTILLA 
24013,3N1CN8AE1SK623407,2025-11-01,1283,704,376740.80,543.13,2025,FLOTILLA 
24014,3N1CN8AE4SK613454,2025-11-01,1283,704,376740.80,1176.79,2025,FLOTILLA 
24015,3N1CN8AE7NL842886,2025-11-01,1681,704,210900.00,978.40,2022,SEMINUEVOS 
24016,3N1CN8AE5RL825011,2025-11-01,1385,704,232000.00,1076.29,2024,SEMINUEVOS 
24017,3N1CN8AEXSK625219,2025-11-01,1283,704,343766.65,671.49,2025,FLOTILLA 
24018,3N1CN8AE8SK629222,2025-11-01,1283,704,343766.65,2014.47,2025,FLOTILLA 
24019,3N1CN8AE8SK625249,2025-11-01,1283,704,343766.65,755.43,2025,FLOTILLA 
24020,3N1CN8AE6SK629333,2025-11-01,1283,704,343766.65,671.49,2025,FLOTILLA 
24021,3N1CN8AE5SK625158,2025-11-01,1283,704,343766.65,671.49,2025,FLOTILLA 
24022,3N1CN8AE2SK625277,2025-11-01,1283,704,343766.65,671.49,2025,FLOTILLA 
24023,3N1CN8AEXSK625057,2025-11-01,1305,704,343766.65,1426.92,2025,FLOTILLA 
24024,3N1CN8AE8SK628989,2025-11-01,1305,704,328550.93,1363.76,2025,FLOTILLA 
24025,3N1CN8AE7SK629342,2025-11-01,1283,704,343766.65,2014.47,2025,FLOTILLA 
24026,3N1CN8AE7SK625338,2025-11-01,1283,704,343766.65,2014.47,2025,FLOTILLA 
24027,3N1CN8AE6SK625346,2025-11-01,1283,704,343766.65,2266.28,2025,FLOTILLA 
24028,3N1CN8AE4SK629329,2025-11-01,1283,704,343766.65,2266.28,2025,FLOTILLA 
24029,3N1CN8AE3SK625286,2025-11-01,1283,704,343766.65,2266.28,2025,FLOTILLA 
24030,3N1CN8AE3SK625191,2025-11-01,1283,704,343766.65,2266.28,2025,FLOTILLA 
24031,3N1CN8AE2SK629331,2025-11-01,1283,704,343766.65,2266.28,2025,FLOTILLA 
24032,3N1CN8AE0SK591601,2025-11-01,1331,704,355215.94,2933.39,2025,FLOTILLA 
24033,3N1CN8AE6SK619532,2025-11-01,1283,704,343766.65,2747.27,2025,FLOTILLA 
24034,3N1CN8AE7SK635531,2025-11-01,1331,704,346452.05,1476.66,2025,NUEVO 
24035,3N1CN8AE2SK632925,2025-11-01,1283,704,343766.65,2747.27,2025,FLOTILLA 
24036,3N1CN8AE7SL891050,2025-11-01,1283,704,346452.04,276.87,2025,FLOTILLA 
24037,3N1CN8AE1SK624122,2025-11-01,1283,704,343766.64,1739.94,2025,FLOTILLA 
24038,3N1CN8AE5SK617254,2025-11-01,1772,704,343766.64,1007.33,2025,FLOTILLA 
24039,3N1CN8AE2SK618300,2025-11-01,1772,704,343766.64,1007.33,2025,FLOTILLA 
24149,JN8AT3MT5TW058693,2025-11-01,1681,706,710477.39,4463.57,2026,NUEVO 
24150,JN8CT3MT4SW009718,2025-11-01,1845,706,746900.00,4436.43,2025,SEMINUEVOS 
24151,JN8CT3MT9SW007642,2025-11-01,1283,706,602800.00,5410.13,2025,SEMINUEVOS 
24152,JN8AT3ML1TW014982,2025-11-01,1681,706,687161.17,554.33,2026,NUEVO 
24153,JN8CT3MT5SW011008,2025-11-01,1681,706,847816.33,670.83,2025,DEMO 
24154,JN8CT3MT8SW010399,2025-11-01,1651,706,767735.99,2742.91,2025,NUEVO 
24155,JN8AT3MT5TW055325,2025-11-01,1283,706,587701.82,3287.70,2026,FLOTILLA 
24156,JN8AT3MT9TW060267,2025-11-01,1283,706,587701.83,2191.80,2026,FLOTILLA 
24157,JN8CT3MT8PW000298,2025-11-01,1681,706,476100.00,3804.83,2023,SEMINUEVOS 
24158,JN8AT3MT2TW059798,2025-11-01,1283,706,587701.83,2191.80,2026,FLOTILLA 
24159,JN8AT3MT8TW060485,2025-11-01,1283,706,587701.83,3287.70,2026,FLOTILLA 
24160,JN8CT3MT1SW010597,2025-11-01,1681,706,767736.00,5203.54,2025,FLOTILLA 
24161,JN8AT3MT0TW059640,2025-11-01,1283,706,587701.82,4301.98,2026,FLOTILLA 
24162,JN8CT3MT8SW009785,2025-11-01,1331,706,766691.71,1247.15,2025,FLOTILLA 
24163,JN8CT3MT8SW009365,2025-11-01,1331,706,766691.71,1247.15,2025,FLOTILLA 
24164,JN8CT3MTXSW009769,2025-11-01,1283,706,767735.99,1040.71,2025,FLOTILLA 
24165,JN8CT3MT1SW010471,2025-11-01,1283,706,767735.99,1040.71,2025,FLOTILLA 
24173,JN8AT3MTXPW008152,2025-11-01,1798,706,320000.00,153.78,2023,SEMINUEVOS 
24174,JN8AT3MT5PW011055,2025-11-01,1834,706,320000.00,538.22,2023,SEMINUEVOS 
24175,JN8CT3MT8SW009785,2025-11-01,1331,706,766691.71,4492.81,2025,FLOTILLA 
24176,JN8CT3MT8SW009365,2025-11-01,1331,706,766691.71,4492.81,2025,FLOTILLA 
24177,JN8CT3MTXSW009769,2025-11-01,1283,706,767735.99,2624.38,2025,FLOTILLA 
24178,JN8CT3MT1SW010471,2025-11-01,1283,706,767735.99,2999.29,2025,FLOTILLA 
24179,JN8CT3MT2RW002521,2025-11-01,1385,706,560200.00,3419.55,2024,SEMINUEVOS 
24180,JN8BT27T0LW117062,2025-11-01,1808,706,211000.00,721.27,2020,SEMINUEVOS 
24181,JN8AT3MT4TW060676,2025-11-01,1283,706,710477.39,2602.12,2026,NUEVO 
24201,3GNAX9EV0KS552531,2025-11-01,1681,716,207500.00,199.43,2019,SEMINUEVOS 
24202,93CEC76C6RB193737,2025-11-01,1385,752,251600.00,2010.70,2024,SEMINUEVOS 
24206,MK2L6D1Y1RN004246,2025-11-01,1864,860,267500.00,1923.99,2024,SEMINUEVOS 
24211,LZWMLMGN9RF114491,2025-11-01,1833,873,259000.00,1474.57,2024,SEMINUEVOS 
24213,3KPA24ACXLE350746,2025-11-01,1786,888,151000.00,129.36,2020,SEMINUEVOS 
24217,MR2BF8C39P0026448,2025-11-01,1829,909,212400.00,172.75,2023,SEMINUEVOS 
24218,MR2B29F30N1239664,2025-11-01,1859,909,184500.00,44.33,2022,SEMINUEVOS 
24220,JAANPR758M7000162,2025-11-01,1822,920,564000.00,963.97,2021,SEMINUEVOS 
24221,3KPF24AD0LE128652,2025-11-01,1849,923,164500.00,240.99,2020,SEMINUEVOS 
24222,1N4BL4AP7PN341286,2025-08-01,,650,345000.00,2973.80,2023,SEMINUEVOS 
24223,1N4BL4AP7PN341286,2025-07-01,1385,650,345000.00,2973.80,2023,SEMINUEVOS 
24224,LSGHD52H9ND113781,2025-08-01,,652,149900.00,181.38,2022,SEMINUEVOS 
24225,LSGHD52H0MD121606,2025-08-01,,652,139000.00,722.03,2021,SEMINUEVOS 
24226,LSGHD52H7LD068739,2025-08-01,,652,128300.00,1019.27,2020,SEMINUEVOS 
24227,LSGHD52H1ND037795,2025-08-01,,652,149900.00,1190.87,2022,SEMINUEVOS 
24228,LSGHD52H4ND115521,2025-08-01,,652,150900.00,793.73,2022,SEMINUEVOS 
24229,LSGHD52H4ND115521,2025-07-01,1901,652,150900.00,396.87,2022,SEMINUEVOS 
24230,LSGHD52H3LD032840,2025-07-01,1914,652,128300.00,337.43,2020,SEMINUEVOS 
24231,LZWLLNGL4PB019907,2025-08-01,,655,250700.00,303.35,2023,SEMINUEVOS 
24232,LZWLLNGL8RB016656,2025-08-01,,655,279500.00,1715.20,2024,SEMINUEVOS 
24233,LZWLLNGL5PB019866,2025-07-01,1950,655,260100.00,76.22,2023,SEMINUEVOS 
24234,LZWLLNGL1PB007147,2025-07-01,1917,655,262700.00,1241.77,2023,SEMINUEVOS 
24235,LZWLLNGL8RB016656,2025-07-01,1681,655,279500.00,163.35,2024,SEMINUEVOS 
24236,LSGKB5416NV002904,2025-08-01,,656,209900.00,1990.03,2022,SEMINUEVOS 
24237,LSGKB5418NV001947,2025-08-01,,656,179500.00,1043.04,2022,SEMINUEVOS 
24238,LSGKB5417NV058009,2025-08-01,,656,209900.00,1901.46,2022,SEMINUEVOS 
24239,LSGKB5416NV002904,2025-07-01,1738,656,209900.00,1604.86,2022,SEMINUEVOS 
24240,LSGKB5418NV001947,2025-07-01,1385,656,179500.00,1372.43,2022,SEMINUEVOS 
24241,LSGKB5417NV058009,2025-07-01,1681,656,209900.00,490.70,2022,SEMINUEVOS 
24242,93YHSCCX8PJ447798,2025-07-01,1681,659,267900.00,41.19,2023,SEMINUEVOS 
24243,3N6AD33A6SK834510,2025-08-01,,663,659969.56,5505.25,2025,NUEVO 
24244,3N6AD33A0SK834311,2025-08-01,,663,659969.56,5688.75,2025,NUEVO 
24245,3N6AD33A7SK832121,2025-08-01,,663,483665.94,864.37,2025,NUEVO 
24246,3N6AD33A6SK832904,2025-08-01,,663,561646.63,2186.37,2025,NUEVO 
24247,3N6AD33A8SK832967,2025-08-01,,663,580294.60,3872.50,2025,NUEVO 
24248,3N6AD33A8SK830569,2025-08-01,,663,659969.55,5995.64,2025,NUEVO 
24249,3N6AD33A4SK830634,2025-08-01,,663,561646.62,3573.24,2025,NUEVO 
24250,3N6AD33B1SK825030,2025-08-01,,663,687094.20,6242.06,2025,NUEVO 
24251,3N6AD33A0SK830355,2025-08-01,,663,483665.93,4393.97,2025,NUEVO 
24252,3N6AD33A4SK827247,2025-08-01,,663,483665.94,4393.97,2025,NUEVO 
24253,3N6AD33A0SK827486,2025-08-01,,663,561646.63,5102.40,2025,NUEVO 
24254,3N6AD33A5SK827676,2025-08-01,,663,580294.60,5271.82,2025,NUEVO 
24255,3N6AD33B4SK827628,2025-08-01,,663,687094.20,6230.23,2025,NUEVO 
24256,3N6AD33A8SK826022,2025-08-01,,663,438036.85,3715.65,2025,NUEVO 
24257,3N6AD33A7SK827288,2025-08-01,,663,561646.62,5092.73,2025,NUEVO 
24258,3N6AD33B2SK826431,2025-08-01,,663,687094.20,5426.33,2025,NUEVO 
24259,3N6AD33A9SK826160,2025-08-01,,663,561646.62,39.06,2025,NUEVO 
24260,3N6AD33A0SK825589,2025-08-01,,663,659969.56,5836.51,2025,NUEVO 
24261,3N6AD33BXSK821686,2025-08-01,,663,675908.12,770.54,2025,NUEVO 
24262,3N6AD33A0SK816942,2025-08-01,,663,648765.22,743.60,2025,NUEVO 
24263,3N6AD33A7SK808482,2025-08-01,,663,550441.12,1150.29,2025,NUEVO 
24264,3N6AD33B1SK805411,2025-08-01,,663,675888.13,2543.59,2025,NUEVO 
24265,3N6AD33A4SK811078,2025-08-01,,663,473307.24,1202.32,2025,DEMO 
24266,1N6ED1EK7SN603721,2025-08-01,,663,898831.90,1635.87,2025,DEMO 
24267,1N6ED1EK1SN600846,2025-08-01,,663,898831.90,2402.55,2025,DEMO 
24268,1N6ED1EK7SN603721,2025-07-01,1712,663,898831.90,8062.52,2025,DEMO 
24269,1N6ED1EK1SN600846,2025-07-01,1681,663,898831.90,8091.73,2025,DEMO 
24270,3N6AD33A5SK823563,2025-08-01,,663,580294.60,120.92,2025,NUEVO 
24271,3N6AD33A9MK832561,2025-08-01,,663,262400.00,317.50,2021,SEMINUEVOS 
24272,3N6AD33A1MK832862,2025-08-01,,663,262400.00,317.50,2021,SEMINUEVOS 
24273,3N6AD33B4SK807010,2025-08-01,,663,675888.13,3923.91,2025,FLOTILLA 
24274,3N6AD33A9SK823470,2025-08-01,,663,580294.60,3900.87,2025,FLOTILLA 
24275,3N6AD33A7SK823483,2025-08-01,,663,580294.60,3900.87,2025,FLOTILLA 
24276,3N6AD33A6SK823569,2025-08-01,,663,580294.60,3900.87,2025,FLOTILLA 
24277,3N6AD33A5SK823563,2025-08-01,,663,580294.60,3900.87,2025,FLOTILLA 
24278,3N6AD33A3SK837817,2025-08-01,,663,580294.59,339.15,2025,NUEVO 
24279,3N6CD33B7RK841445,2025-08-01,,663,522469.13,3358.90,2024,FLOTILLA 
24280,3N6AD33AXSK834316,2025-08-01,,663,659969.56,1735.72,2025,NUEVO 
24281,3N6AD33B6SK837058,2025-08-01,,663,687094.20,2007.84,2025,NUEVO 
24282,3N6AD33B5SK837133,2025-08-01,,663,687094.20,2610.19,2025,NUEVO 
24283,3N6AD33A5SK835227,2025-08-01,,663,580294.59,4084.57,2025,NUEVO 
24284,3N6AD33B8SK835148,2025-08-01,,663,687094.20,5540.46,2025,NUEVO 
24285,3N6CD33B9SK832767,2025-08-01,,663,534522.59,1646.33,2025,FLOTILLA 
24286,3N6AD33B4SK807010,2025-08-01,,663,675888.13,2480.51,2025,FLOTILLA 
24287,3N6AD33A9SK823470,2025-08-01,,663,580294.60,887.37,2025,FLOTILLA 
24288,3N6AD33A7SK823483,2025-08-01,,663,580294.60,887.37,2025,FLOTILLA 
24289,3N6AD33A6SK823569,2025-08-01,,663,580294.60,887.37,2025,FLOTILLA 
24290,3N6AD33A5SK823563,2025-08-01,,663,580294.60,887.37,2025,FLOTILLA 
24291,3N6AD33A7SK834855,2025-08-01,,663,659969.55,5505.25,2025,NUEVO 
24292,3N6AD33A3SK828342,2025-08-01,,663,561646.63,4685.07,2025,NUEVO 
24293,3N6AD33A5SK835244,2025-08-01,,663,483665.93,4034.58,2025,NUEVO 
24294,3N6AD33A8SK826022,2025-07-01,1681,663,438036.85,3971.90,2025,NUEVO 
24295,3N6AD33A7SK827288,2025-07-01,1331,663,561646.62,5092.73,2025,NUEVO 
24296,3N6AD33B2SK826431,2025-07-01,1681,663,687094.20,6230.23,2025,NUEVO 
24297,3N6AD33A9SK826160,2025-07-01,1933,663,561646.62,5092.73,2025,NUEVO 
24298,3N6AD33B1SK823651,2025-07-01,1681,663,687094.20,3416.58,2025,FLOTILLA 
24299,3N6AD33A7SK823483,2025-07-01,1681,663,580294.60,993.27,2025,FLOTILLA 
24300,3N6AD33A5SK823563,2025-07-01,1681,663,580294.60,993.27,2025,FLOTILLA 
24301,3N6AD33A6SK823569,2025-07-01,1681,663,580294.60,993.27,2025,FLOTILLA 
24302,3N6AD33A9SK823470,2025-07-01,1681,663,580294.60,993.27,2025,FLOTILLA 
24303,3N6AD33B5SK823667,2025-07-01,1681,663,687094.20,4421.45,2025,FLOTILLA 
24304,3N6AD33A0SK825589,2025-07-01,1331,663,659969.56,5836.51,2025,NUEVO 
24305,3N6AD33B3SK823313,2025-07-01,1681,663,687094.21,588.04,2025,FLOTILLA 
24306,3N6AD33B5SK823183,2025-07-01,1681,663,687094.21,3136.20,2025,FLOTILLA 
24307,3N6AD33B5SK823118,2025-07-01,1681,663,687094.21,3136.20,2025,FLOTILLA 
24308,3N6AD33BXSK821686,2025-07-01,1681,663,675908.12,5971.65,2025,NUEVO 
24309,1N6ED1EKXNN654571,2025-07-01,1894,663,459300.00,196.35,2022,SEMINUEVOS 
24310,3N6AD33A0SK816942,2025-07-01,1681,663,648765.22,6184.35,2025,NUEVO 
24311,3N6AD33A7SK808482,2025-07-01,1681,663,550441.12,5351.36,2025,NUEVO 
24312,3N6AD33B1SK805411,2025-07-01,1681,663,675888.13,6570.95,2025,NUEVO 
24313,3N6AD33A8SK830569,2025-07-01,1331,663,659969.55,4061.56,2025,NUEVO 
24314,3N6AD33B4SK807010,2025-07-01,1331,663,675888.13,2460.23,2025,FLOTILLA 
24315,3N6AD33A9RK840246,2025-07-01,1925,663,633507.16,354.76,2024,NUEVO 
24316,3N6AD33A7SK820275,2025-07-01,1283,663,434397.15,486.52,2025,FLOTILLA 
24317,3N6AD33B8SK829043,2025-07-01,1681,663,687094.20,3462.95,2025,NUEVO 
24318,3N6AD33A4SK830634,2025-07-01,1681,663,561646.62,4279.44,2025,NUEVO 
24319,3N6AD33B1SK825030,2025-07-01,1331,663,687094.20,6040.70,2025,NUEVO 
24320,3N6AD33A0SK830355,2025-07-01,1331,663,483665.93,4252.23,2025,NUEVO 
24321,3N6AD33A3SK829359,2025-07-01,1681,663,483665.93,2615.42,2025,NUEVO 
24322,3N6AD33A4SK827247,2025-07-01,1681,663,483665.94,4393.97,2025,NUEVO 
24323,3N6AD33A6SK829209,2025-07-01,1888,663,483665.94,1275.67,2025,NUEVO 
24324,3N6AD33A0SK827486,2025-07-01,1752,663,561646.63,5102.40,2025,NUEVO 
24325,3N6AD33A8SK828370,2025-07-01,1681,663,580294.60,2041.15,2025,NUEVO 
24326,3N6AD33A5SK827676,2025-07-01,1331,663,580294.60,5271.82,2025,NUEVO 
24327,3N6AD33B4SK827628,2025-07-01,1699,663,687094.20,6230.23,2025,NUEVO 
24328,3N6AD33B4SK807010,2025-07-01,1331,663,675888.13,3720.76,2025,FLOTILLA 
24329,3N6AD33A9SK823470,2025-07-01,1681,663,580294.60,4436.84,2025,FLOTILLA 
24330,3N6AD33A7SK823483,2025-07-01,1681,663,580294.60,4436.84,2025,FLOTILLA 
24331,3N6AD33A6SK823569,2025-07-01,1681,663,580294.60,4436.84,2025,FLOTILLA 
24332,3N6AD33A5SK823563,2025-07-01,1681,663,580294.60,4436.84,2025,FLOTILLA 
24333,3N6AD33A0SK834311,2025-07-01,1681,663,659969.56,550.52,2025,NUEVO 
24334,3N6CD33B7RK841445,2025-07-01,1959,663,522469.13,4212.99,2024,FLOTILLA 
24335,3N6AD33A4RK865104,2025-07-01,1681,663,385300.00,3321.18,2024,SEMINUEVOS 
24336,3N6AD33A7SK832121,2025-07-01,1681,663,483665.94,1344.86,2025,NUEVO 
24337,3N6AD33A6SK832904,2025-07-01,1681,663,561646.63,1561.69,2025,NUEVO 
24338,3N6AD33A8SK832967,2025-07-01,1681,663,580294.60,1613.54,2025,NUEVO 
24339,3N6AD33A0SK832560,2025-07-01,1681,663,580294.60,484.06,2025,NUEVO 
24340,3N6CD33B7RK841445,2025-07-01,1959,663,522469.13,305.35,2024,FLOTILLA 
24341,JTFAMHCP2L6001515,2025-08-01,,666,373700.00,452.18,2020,SEMINUEVOS 
24342,JTFAMHCP6L6002828,2025-08-01,,666,373700.00,1941.16,2020,SEMINUEVOS 
24343,JTFAMHCP7N6004915,2025-08-01,,666,433300.00,2250.75,2022,SEMINUEVOS 
24344,JTFJM9CPXM6003178,2025-08-01,,666,402200.00,2089.21,2021,SEMINUEVOS 
24345,JTFJM9CP1M6003098,2025-08-01,,666,426100.00,3859.99,2021,SEMINUEVOS 
24346,JTFJM9CP1M6003862,2025-08-01,,666,426100.00,3153.96,2021,SEMINUEVOS 
24347,JTFAMHCP7N6004879,2025-08-01,,666,460000.00,4361.18,2022,SEMINUEVOS 
24348,JTFJM9CP1M6003098,2025-07-01,1385,666,426100.00,1120.64,2021,SEMINUEVOS 
24349,JTFJM9CP1M6003862,2025-07-01,1385,666,426100.00,1120.64,2021,SEMINUEVOS 
24350,JTFAMHCP7N6004879,2025-07-01,1681,666,460000.00,3235.72,2022,SEMINUEVOS 
24351,MR0CX3DD5N1329772,2025-07-01,1681,667,327900.00,1075.74,2022,SEMINUEVOS 
24352,MR0CX3DD3N1322867,2025-07-01,1681,667,287000.00,803.60,2022,SEMINUEVOS 
24353,JS2FH81S5N6303822,2025-08-01,,669,163500.00,1550.12,2022,SEMINUEVOS 
24354,JS2FH81S5N6303822,2025-07-01,1385,669,163500.00,1200.09,2022,SEMINUEVOS 
24355,3N8AP6HE1SL415972,2025-08-01,,672,538755.69,3145.88,2025,FLOTILLA 
24356,MNTFP5CP4S6018098,2025-08-01,,672,531543.96,3274.31,2025,NUEVO 
24357,MNTFP5CP0S6018096,2025-08-01,,672,541168.48,3333.60,2025,NUEVO 
24358,MNTFP5CP0S6017983,2025-08-01,,672,541168.48,3333.60,2025,NUEVO 
24359,MNTFP5CPXS6018090,2025-08-01,,672,541168.48,3333.60,2025,NUEVO 
24360,MNTFP5CP3S6017623,2025-08-01,,672,531543.96,3274.31,2025,NUEVO 
24361,MNTFP5CP8S6017455,2025-08-01,,672,531543.96,3274.31,2025,NUEVO 
24362,MNTFP5CP7S6017298,2025-08-01,,672,561293.32,3457.57,2025,NUEVO 
24363,MNTFP5CP2S6017175,2025-08-01,,672,531543.96,3274.31,2025,NUEVO 
24364,MNTFP5CP7S6018208,2025-08-01,,672,541168.48,2947.41,2025,NUEVO 
24365,MNTFP5CP8S6018234,2025-08-01,,672,561293.32,3771.89,2025,NUEVO 
24366,MNTFP5CP9S6018047,2025-08-01,,672,541168.48,4916.37,2025,NUEVO 
24367,MNTFP5CP3S6017511,2025-08-01,,672,531543.96,4828.93,2025,NUEVO 
24368,MNTFP5CP0S6017031,2025-08-01,,672,561293.32,5099.19,2025,NUEVO 
24369,MNTFP5CP4S6017324,2025-08-01,,672,561293.32,4605.72,2025,NUEVO 
24370,MNTFP5CP3S6017380,2025-08-01,,672,561293.33,5099.19,2025,NUEVO 
24371,MNTFP5CP2S6017340,2025-08-01,,672,561293.33,5099.19,2025,NUEVO 
24372,3N8AP6HE7SL418648,2025-08-01,,672,506464.76,4601.09,2025,NUEVO 
24373,3N8CP5HE4SL485422,2025-08-01,,672,398683.36,3621.93,2025,NUEVO 
24374,3N8CP5HE6SL488998,2025-08-01,,672,429415.24,2698.66,2025,NUEVO 
24375,3N8AP6HE2SL413714,2025-08-01,,672,538755.69,3789.25,2025,NUEVO 
24376,3N8CP5HE9SL487537,2025-08-01,,672,398683.37,3621.93,2025,NUEVO 
24377,3N8AP6HE0SL415106,2025-08-01,,672,538755.69,4420.79,2025,NUEVO 
24378,MNTFP5CP9S6016735,2025-08-01,,672,541168.48,4907.05,2025,NUEVO 
24379,MNTFP5CP4S6017064,2025-08-01,,672,561293.32,4463.50,2025,NUEVO 
24380,3N8AP6HE7SL410064,2025-08-01,,672,506464.76,3804.84,2025,NUEVO 
24381,MNTFP5CP8S6018167,2025-08-01,,672,541168.49,475.78,2025,FLOTILLA 
24382,MNTFP5CP3S6017136,2025-08-01,,672,541168.49,475.78,2025,FLOTILLA 
24383,3N8CP5HE0SL485465,2025-08-01,,672,429415.25,3797.58,2025,NUEVO 
24384,3N8AP6HE4SL406960,2025-08-01,,672,461919.61,476.16,2025,NUEVO 
24385,3N8AP6HE6SL405373,2025-08-01,,672,461919.60,4085.04,2025,NUEVO 
24386,3N8AP6HE5SL404246,2025-08-01,,672,461919.61,105.89,2025,NUEVO 
24387,MNTFP5CP0S6017546,2025-08-01,,672,541168.49,4785.88,2025,NUEVO 
24388,MNTFP5CP0S6017675,2025-08-01,,672,541168.49,4785.88,2025,NUEVO 
24389,MNTFP5CP4S6017470,2025-08-01,,672,541168.49,4785.88,2025,NUEVO 
24390,MNTFP5CPXS6016940,2025-08-01,,672,561293.33,4963.86,2025,NUEVO 
24391,3N8AP6HE5SL395371,2025-08-01,,672,537826.90,4751.70,2025,NUEVO 
24392,3N8AP6HE5SL389277,2025-08-01,,672,537826.90,1994.59,2025,NUEVO 
24393,3N8AP6HE7SL387532,2025-08-01,,672,448680.90,3967.96,2025,NUEVO 
24394,MNTFP5CP6S6016594,2025-08-01,,672,534005.22,4722.53,2025,NUEVO 
24395,3N8AP6HE1SL379152,2025-08-01,,672,448660.90,2759.26,2025,NUEVO 
24396,MNTFP5CP6S6015039,2025-08-01,,672,554109.92,4358.07,2025,DEMO 
24397,MNTFP5CP4S6014987,2025-08-01,,672,533985.22,5379.90,2025,NUEVO 
24398,MNTFP5CP0S6015036,2025-08-01,,672,554109.92,4358.07,2025,DEMO 
24399,3N8CP5HE1SL470490,2025-08-01,,672,417025.38,2087.21,2025,DEMO 
24400,3N8AP6HE3SL322189,2025-08-01,,672,535427.74,3073.12,2025,DEMO 
24401,3N8AP6HE1SL328685,2025-08-01,,672,472263.42,1909.73,2025,DEMO 
24402,3N8CP5HE4RL590357,2025-08-01,,672,417025.38,4054.30,2024,NUEVO 
24403,3N8AP6HEXSL328524,2025-07-01,1681,672,472263.42,1724.92,2025,DEMO 
24404,3N8AP6HE0SL367588,2025-07-01,1976,672,537806.90,1827.82,2025,NUEVO 
24405,3N8AP6HE1SL329318,2025-07-01,1681,672,535427.74,2909.87,2025,NUEVO 
24406,3N8AP6HE3SL322189,2025-07-01,1681,672,535427.74,3631.87,2025,DEMO 
24407,3N8AP6HE1SL328685,2025-07-01,1932,672,472263.42,3111.01,2025,DEMO 
24408,3N8CP5HE4RL590357,2025-07-01,1331,672,417025.38,4054.30,2024,NUEVO 
24409,3N8CP5HE8SL470468,2025-08-01,,672,417274.78,378.68,2025,FLOTILLA 
24410,MNTFP5CP7R6007574,2025-08-01,,672,327200.00,692.85,2024,SEMINUEVOS 
24411,3N8AP6HE5SL420432,2025-08-01,,672,482601.25,2801.77,2025,FLOTILLA 
24412,3N8CP5HE8NL531743,2025-08-01,,672,222000.00,1153.17,2022,SEMINUEVOS 
24413,MNTFP5CP4S6018814,2025-08-01,,672,561293.33,1372.05,2025,FLOTILLA 
24414,MNTFP5CP8S6018167,2025-08-01,,672,541168.49,3141.78,2025,FLOTILLA 
24415,MNTFP5CP3S6017136,2025-08-01,,672,541168.49,3141.78,2025,FLOTILLA 
24416,3N8AP6HE2SL443053,2025-08-01,,672,482601.24,282.05,2025,NUEVO 
24417,MNTFP5CP7R6012709,2025-08-01,,672,374300.00,3202.34,2024,SEMINUEVOS 
24418,3N8CP5HE8SL470468,2025-08-01,,672,417274.78,3414.24,2025,FLOTILLA 
24419,3N8AP6HEXSL441986,2025-08-01,,672,482601.24,564.11,2025,NUEVO 
24420,3N8CP5HE9SL494102,2025-08-01,,672,429415.25,865.94,2025,NUEVO 
24421,3N8CP5HE5SL492380,2025-08-01,,672,398683.37,1281.55,2025,NUEVO 
24422,3N8AP6HE0SL427689,2025-08-01,,672,538755.68,2801.08,2025,NUEVO 
24423,3N8CP5HEXSL485604,2025-08-01,,672,429415.25,3262.60,2025,FLOTILLA 
24424,MNTFP5CP4S6017808,2025-08-01,,672,541168.49,3310.45,2025,FLOTILLA 
24425,3N8CP5HE0SL492271,2025-08-01,,672,398683.36,3048.27,2025,NUEVO 
24426,3N8CP5HE8SL488016,2025-08-01,,672,429415.25,2985.03,2025,NUEVO 
24427,3N8CP5HE1SL487418,2025-08-01,,672,429415.25,238.80,2025,NUEVO 
24428,3N8AP6HE5SL416705,2025-08-01,,672,506464.77,2816.51,2025,NUEVO 
24429,MNTFP5CP5S6018885,2025-08-01,,672,561293.33,1248.57,2025,NUEVO 
24430,MNTFP5CP2S6018939,2025-08-01,,672,541168.49,1203.80,2025,NUEVO 
24431,MNTFP5CP1S6018804,2025-08-01,,672,561293.33,780.35,2025,NUEVO 
24432,MNTFP5CP3S6018576,2025-08-01,,672,561293.33,1248.57,2025,NUEVO 
24433,MNTFP5CP2S6018522,2025-08-01,,672,561293.33,1248.57,2025,NUEVO 
24434,MNTFP5CP7S6018810,2025-08-01,,672,561293.33,1248.57,2025,NUEVO 
24435,3N8CP5HE9SL494021,2025-08-01,,672,398683.36,3214.83,2025,NUEVO 
24436,3N8AP6HE5SL434007,2025-08-01,,672,506464.76,4224.76,2025,NUEVO 
24437,3N8CP5HE9SL492446,2025-08-01,,672,398683.36,2403.74,2025,NUEVO 
24438,3N8CP5HE8SL493605,2025-08-01,,672,398683.36,3436.54,2025,NUEVO 
24439,3N8AP6HE7SL432730,2025-08-01,,672,538755.69,4643.92,2025,NUEVO 
24440,3N8AP6HE9SL428369,2025-08-01,,672,538755.69,4643.92,2025,NUEVO 
24441,3N8AP6HE5SL420432,2025-08-01,,672,482601.25,1697.15,2025,FLOTILLA 
24442,3N8CP5HE3RL501345,2025-07-01,1902,672,338500.00,2281.58,2024,SEMINUEVOS 
24443,MNTFP5CP9S6016735,2025-07-01,1331,672,541168.48,2532.67,2025,NUEVO 
24444,MNTFP5CP8S6017410,2025-07-01,1568,672,561293.32,1477.60,2025,NUEVO 
24445,MNTFP5CP4S6017064,2025-07-01,1331,672,561293.32,2626.85,2025,NUEVO 
24446,3N8AP6HE3SL412586,2025-07-01,1681,672,482601.24,2964.38,2025,NUEVO 
24447,3N8AP6HE7SL410064,2025-07-01,1681,672,506464.76,4592.37,2025,NUEVO 
24448,MNTFP5CP8S6018167,2025-07-01,1283,672,541168.49,4916.37,2025,FLOTILLA 
24449,MNTFP5CP3S6017136,2025-07-01,1283,672,541168.49,4916.37,2025,FLOTILLA 
24450,3N8CP5HE0SL485465,2025-07-01,1331,672,429415.25,3797.58,2025,NUEVO 
24451,3N8AP6HE4SL406960,2025-07-01,1681,672,461919.61,4085.04,2025,NUEVO 
24452,3N8AP6HE6SL405373,2025-07-01,1681,672,461919.60,4085.04,2025,NUEVO 
24453,3N8AP6HE5SL404246,2025-07-01,1978,672,461919.61,4085.04,2025,NUEVO 
24454,MNTFP5CP9S6016640,2025-07-01,1283,672,534005.22,3904.91,2025,FLOTILLA 
24455,MNTFP5CP0S6017546,2025-07-01,1681,672,541168.49,4785.88,2025,NUEVO 
24456,MNTFP5CP0S6017675,2025-07-01,1331,672,541168.49,4785.88,2025,NUEVO 
24457,MNTFP5CP4S6017470,2025-07-01,1681,672,541168.49,4785.88,2025,NUEVO 
24458,MNTFP5CP5S6017560,2025-07-01,1952,672,561293.33,2241.74,2025,NUEVO 
24459,MNTFP5CPXS6016940,2025-07-01,1681,672,561293.33,4963.86,2025,NUEVO 
24460,3N8AP6HE5SL395371,2025-07-01,1331,672,537826.90,4751.70,2025,NUEVO 
24461,3N8AP6HE5SL389277,2025-07-01,1681,672,537826.90,4756.33,2025,NUEVO 
24462,3N8AP6HE7SL387532,2025-07-01,1681,672,448680.90,3967.96,2025,NUEVO 
24463,MNTFP5CP0R6009800,2025-07-01,1943,672,410000.00,2851.81,2024,SEMINUEVOS 
24464,MNTFP5CP6S6016594,2025-07-01,1681,672,534005.22,4722.53,2025,NUEVO 
24465,3N8AP6HE1SL379152,2025-07-01,1681,672,448660.90,4276.86,2025,NUEVO 
24466,MNTFP5CP6S6015039,2025-07-01,1712,672,554109.92,4250.02,2025,DEMO 
24467,MNTFP5CP4S6014987,2025-07-01,1331,672,533985.22,5379.90,2025,NUEVO 
24468,MNTFP5CP0S6015036,2025-07-01,1681,672,554109.92,4898.33,2025,DEMO 
24469,3N8CP5HEXSL473307,2025-07-01,1916,672,417274.78,523.45,2025,NUEVO 
24470,3N8CP5HE7SL469909,2025-07-01,1681,672,417025.38,1219.80,2025,DEMO 
24471,3N8CP5HE1SL470490,2025-07-01,1524,672,417025.38,3578.08,2025,DEMO 
24472,3N8AP6HE6SL336782,2025-07-01,1936,672,535427.74,4002.32,2025,NUEVO 
24473,3N8AP6HE1SL415972,2025-07-01,1681,672,538755.69,1797.65,2025,FLOTILLA 
24474,MNTFP5CPXR6009643,2025-07-01,1681,672,387200.00,1576.22,2024,SEMINUEVOS 
24475,MNTFP5CP9S6018047,2025-07-01,1681,672,541168.48,317.18,2025,NUEVO 
24476,MNTFP5CP3S6017511,2025-07-01,1681,672,531543.96,311.54,2025,NUEVO 
24477,MNTFP5CP0S6017031,2025-07-01,1681,672,561293.32,328.98,2025,NUEVO 
24478,MNTFP5CP3S6017380,2025-07-01,1681,672,561293.33,822.45,2025,NUEVO 
24479,MNTFP5CP2S6017340,2025-07-01,1681,672,561293.33,1315.92,2025,NUEVO 
24480,3N8AP6HEXSL419504,2025-07-01,1681,672,538755.68,2934.86,2025,NUEVO 
24481,3N8CP5HE6SL485650,2025-07-01,1681,672,398683.36,1473.59,2025,NUEVO 
24482,3N8AP6HE9SL416772,2025-07-01,1681,672,538755.68,3993.34,2025,NUEVO 
24483,3N8AP6HE7SL418648,2025-07-01,1681,672,506464.76,4601.09,2025,NUEVO 
24484,3N8AP6HE4SL418199,2025-07-01,1963,672,538755.68,3315.59,2025,NUEVO 
24485,3N8AP6HE3SL405458,2025-07-01,1681,672,506464.76,148.42,2025,NUEVO 
24486,3N8CP5HE4SL485422,2025-07-01,1331,672,398683.36,3621.93,2025,NUEVO 
24487,3N8CP5HE6SL488998,2025-07-01,1331,672,429415.24,3901.12,2025,NUEVO 
24488,3N8AP6HE2SL413714,2025-07-01,1681,672,538755.69,4894.45,2025,NUEVO 
24489,3N8CP5HE9SL487537,2025-07-01,1331,672,398683.37,3621.93,2025,NUEVO 
24490,3N8AP6HE0SL415106,2025-07-01,1681,672,538755.69,4894.45,2025,NUEVO 
24491,3N8CP5HE8SL493605,2025-07-01,1681,672,398683.36,110.86,2025,NUEVO 
24492,3N8AP6HE7SL432730,2025-07-01,1681,672,538755.69,149.80,2025,NUEVO 
24493,3N8AP6HE9SL428369,2025-07-01,1681,672,538755.69,1048.63,2025,NUEVO 
24494,3N8AP6HE5SL420432,2025-07-01,1331,672,482601.25,990.00,2025,FLOTILLA 
24495,3N8CP5HEXSL485604,2025-07-01,1283,672,429415.25,125.84,2025,FLOTILLA 
24496,3N8CP5HE8SL470468,2025-07-01,1331,672,417274.78,3364.74,2025,FLOTILLA 
24497,MNTFP5CP7R6012709,2025-07-01,1749,672,519109.85,3608.53,2024,FLOTILLA 
24498,3N8AP6HE5SL421077,2025-07-01,1927,672,482601.24,810.77,2025,NUEVO 
24499,MNTFP5CP7S6015602,2025-07-01,1283,672,534005.22,593.93,2025,FLOTILLA 
24500,MNTFP5CP6S6015655,2025-07-01,1283,672,534005.22,593.93,2025,FLOTILLA 
24501,MNTFP5CP6S6015302,2025-07-01,1283,672,534005.22,593.93,2025,FLOTILLA 
24502,MNTFP5CP3S6016469,2025-07-01,1283,672,534005.22,593.93,2025,FLOTILLA 
24503,MNTFP5CP3S6015709,2025-07-01,1283,672,534005.22,1484.83,2025,FLOTILLA 
24504,3N8CP5HE8SL470468,2025-07-01,1331,672,417274.78,243.87,2025,FLOTILLA 
24505,MNTFP5CP9S6016640,2025-07-01,1283,672,534005.22,780.24,2025,FLOTILLA 
24506,3N8CP5HEXSL485604,2025-07-01,1283,672,429415.25,752.91,2025,FLOTILLA 
24507,MNTFP5CP5P6001513,2025-07-01,1931,672,332900.00,97.28,2023,SEMINUEVOS 
24508,3N8AP6HE6SL336782,2025-07-01,1936,672,535427.74,1140.17,2025,FLOTILLA 
24509,VF1HR3NB3PC386389,2025-08-01,,673,333600.00,2561.42,2023,SEMINUEVOS 
24510,VF1HR3NB3PC381354,2025-07-01,1878,673,333600.00,1561.25,2023,SEMINUEVOS 
24511,VF1HR3NB3PC386389,2025-07-01,1681,673,333600.00,3024.92,2023,SEMINUEVOS 
24512,VF1HR3NB1PC389260,2025-07-01,1681,673,347100.00,2544.10,2023,SEMINUEVOS 
24513,93Y1R5F52PJ237054,2025-08-01,,674,155100.00,47.39,2023,SEMINUEVOS 
24514,MMBML45G2MH004820,2025-08-01,,675,262400.00,76.68,2021,SEMINUEVOS 
24515,MMBML45G2MH004820,2025-07-01,1915,675,262400.00,690.11,2021,SEMINUEVOS 
24516,9FB4SR0E0RM676551,2025-08-01,,676,196300.00,60.04,2024,SEMINUEVOS 
24517,9FB4SR4D6RM630000,2025-08-01,,676,212400.00,1924.11,2024,SEMINUEVOS 
24518,9FB4SR4D6RM629929,2025-07-01,1681,676,222500.00,1281.37,2024,SEMINUEVOS 
24519,9FB4SR0E0RM676551,2025-07-01,1681,676,196300.00,1500.88,2024,SEMINUEVOS 
24520,9FB4SR4D6RM630000,2025-07-01,1681,676,212400.00,496.54,2024,SEMINUEVOS 
24521,MDHBD0FA0SG007487,2025-08-01,,677,352728.80,8.41,2025,NUEVO 
24522,MDHBD0FA7SG004330,2025-08-01,,677,409248.64,3717.91,2025,NUEVO 
24523,MDHBD0FA4SG007718,2025-08-01,,677,392658.33,3472.52,2025,NUEVO 
24524,MDHBD0FA6SG008899,2025-08-01,,677,352728.81,3119.40,2025,NUEVO 
24525,MDHBD0FA5SG000695,2025-08-01,,677,409081.98,1748.83,2025,NUEVO 
24526,MDHBD0FA0SG001432,2025-08-01,,677,392491.66,3467.66,2025,NUEVO 
24527,MDHBD0FA7SG004716,2025-08-01,,677,392491.66,3467.66,2025,NUEVO 
24528,MDHBD0FAXSG006864,2025-08-01,,677,409081.98,1504.33,2025,NUEVO 
24529,MDHBD0FA4SG007167,2025-08-01,,677,392491.66,3467.66,2025,NUEVO 
24530,MDHBD0FA6SG007574,2025-08-01,,677,392491.66,2946.52,2025,NUEVO 
24531,MDHBD0FA3SG005359,2025-08-01,,677,392491.66,3467.66,2025,NUEVO 
24532,MDHBD0FA0SG004895,2025-08-01,,677,392491.66,2460.92,2025,NUEVO 
24533,MDHBD0FA6SG003749,2025-08-01,,677,392491.66,3467.66,2025,NUEVO 
24534,MDHBD0FA3SG007077,2025-08-01,,677,392491.66,3467.66,2025,NUEVO 
24535,MDHBD0FA9SG007181,2025-08-01,,677,409081.98,2448.36,2025,NUEVO 
24536,MDHBD0FA2SG005157,2025-08-01,,677,392491.66,2937.17,2025,NUEVO 
24537,MDHBD0FA9SG003440,2025-08-01,,677,392491.66,585.43,2025,NUEVO 
24538,MDHBD0FA6SG001449,2025-08-01,,677,392491.66,3467.66,2025,NUEVO 
24539,MDHBD0FA4SG010960,2025-08-01,,677,352728.81,1275.02,2025,NUEVO 
24540,MDHBD0FAXSG016438,2025-08-01,,677,352728.81,1849.62,2025,NUEVO 
24541,MDHBD0FA2SG017020,2025-08-01,,677,392658.33,2292.80,2025,NUEVO 
24542,MDHBD0FA6SG017361,2025-08-01,,677,409248.65,167.53,2025,NUEVO 
24543,MDHBD0FA5SG011017,2025-08-01,,677,392658.33,2838.70,2025,NUEVO 
24544,MDHBD0FA4SG010053,2025-08-01,,677,392658.33,1274.21,2025,NUEVO 
24545,MDHBD0FA0SG016822,2025-08-01,,677,352728.80,3040.42,2025,NUEVO 
24546,MDHBD0FA6SG011186,2025-08-01,,677,409248.64,2293.74,2025,NUEVO 
24547,MDHBD0FA9SG017967,2025-08-01,,677,352728.81,736.44,2025,NUEVO 
24548,MDHBD0FA4SG007718,2025-07-01,1331,677,392658.33,3472.52,2025,NUEVO 
24549,MDHBD0FA6SG008899,2025-07-01,1681,677,352728.81,3119.40,2025,NUEVO 
24550,MDHBD0FA3SG003742,2025-07-01,1912,677,409081.98,2818.51,2025,NUEVO 
24551,MDHBD0FA5SG000695,2025-07-01,1331,677,409081.98,3614.24,2025,NUEVO 
24552,MDHBD0FA0SG001432,2025-07-01,1331,677,392491.66,3467.66,2025,NUEVO 
24553,MDHBD0FA1SG001455,2025-07-01,1681,677,409081.98,3518.04,2025,NUEVO 
24554,MDHBD0FA6SG002245,2025-07-01,1937,677,409081.98,2967.87,2025,NUEVO 
24555,MDHBD0FA8SG002456,2025-07-01,1681,677,392491.66,3355.80,2025,NUEVO 
24556,MDHBD0FA5SG001121,2025-07-01,1681,677,409081.98,1632.24,2025,NUEVO 
24557,MDHBD0FA8SG000612,2025-07-01,1681,677,409081.98,116.59,2025,NUEVO 
24558,MDHBD0FA7SG004716,2025-07-01,1681,677,392491.66,3467.66,2025,NUEVO 
24559,MDHBD0FAXSG006864,2025-07-01,1681,677,409081.98,3614.24,2025,NUEVO 
24560,MDHBD0FA4SG007167,2025-07-01,1681,677,392491.66,3467.66,2025,NUEVO 
24561,MDHBD0FA6SG007574,2025-07-01,1331,677,392491.66,3467.66,2025,NUEVO 
24562,MDHBD0FA2SG005031,2025-07-01,1929,677,392491.66,2850.56,2025,NUEVO 
24563,MDHBD0FA3SG005359,2025-07-01,1681,677,392491.66,3467.66,2025,NUEVO 
24564,MDHBD0FA5SG005718,2025-07-01,1949,677,392491.66,99.67,2025,NUEVO 
24565,MDHBD0FA0SG004895,2025-07-01,1681,677,392491.66,3467.66,2025,NUEVO 
24566,MDHBD0FA6SG003749,2025-07-01,1331,677,392491.66,3467.66,2025,NUEVO 
24567,MDHBD0FA9SG007018,2025-07-01,1681,677,409081.98,2275.84,2025,NUEVO 
24568,MDHBD0FA3SG007077,2025-07-01,1681,677,392491.66,3467.66,2025,NUEVO 
24569,MDHBD0FA7SG006918,2025-07-01,1949,677,392491.66,223.72,2025,NUEVO 
24570,MDHBD0FA9SG007181,2025-07-01,1331,677,409081.98,3614.24,2025,NUEVO 
24571,MDHBD0FA2SG005157,2025-07-01,1681,677,392491.66,3467.66,2025,NUEVO 
24572,MDHBD0FA9SG003440,2025-07-01,1681,677,392491.66,3467.66,2025,NUEVO 
24573,MDHBD0FA9SG003261,2025-07-01,1930,677,392491.66,806.69,2025,NUEVO 
24574,MDHBD0FA6SG001449,2025-07-01,1331,677,392491.66,3467.66,2025,NUEVO 
24575,MDHBD0FA2SG001982,2025-07-01,1887,677,352563.30,1525.69,2025,NUEVO 
24576,MDHBD0FA7SG001833,2025-07-01,1681,677,392491.66,3467.66,2025,NUEVO 
24577,MDHBD0FA7SG004330,2025-07-01,1681,677,409248.64,2998.31,2025,NUEVO 
24578,MDHBD0FA6SG008076,2025-07-01,1875,677,352728.81,2817.64,2025,NUEVO 
24579,MDHBD0FA9SG008217,2025-07-01,1681,677,409248.65,3082.72,2025,NUEVO 
24580,MDHBD0FAXSG017220,2025-07-01,1681,677,366119.85,106.99,2025,FLOTILLA 
24581,MDHBD0FA0SG016822,2025-07-01,1681,677,352728.80,98.08,2025,NUEVO 
24582,MDHBD0FA6SG011186,2025-07-01,1681,677,409248.64,113.79,2025,NUEVO 
24583,MDHBD0FA9SG017967,2025-07-01,1681,677,352728.81,490.39,2025,NUEVO 
24584,MDHBD0FA0SG007487,2025-07-01,1979,677,352728.80,1447.17,2025,NUEVO 
24585,3N1CK3CE6SL210983,2025-08-01,,678,283771.45,2446.03,2025,NUEVO 
24586,3N1CK3CE5SL210926,2025-08-01,,678,288245.57,1202.22,2025,NUEVO 
24587,3N1CK3CE5SL210800,2025-08-01,,678,283771.45,2446.03,2025,NUEVO 
24588,3N1CK3CE2SL210768,2025-08-01,,678,288245.57,2484.60,2025,NUEVO 
24589,3N1CK3CEXSL209674,2025-08-01,,678,264080.44,773.90,2025,FLOTILLA 
24590,3N1CK3CE8SL210256,2025-08-01,,678,308832.09,1297.09,2025,NUEVO 
24591,3N1CK3CE7SL210006,2025-08-01,,678,283771.44,2463.14,2025,NUEVO 
24592,3N1CK3CE4SL209749,2025-08-01,,678,308832.09,1176.56,2025,NUEVO 
24593,3N1CK3CE3SL209600,2025-08-01,,678,283771.44,2577.98,2025,NUEVO 
24594,3N1CK3CE1SL208218,2025-08-01,,678,288245.56,1536.47,2025,NUEVO 
24595,3N1CK3CE0SL209697,2025-08-01,,678,264080.45,928.68,2025,FLOTILLA 
24596,3N1CK3CE3SL209564,2025-08-01,,678,264080.44,541.73,2025,FLOTILLA 
24597,3N1CK3CE2SL208275,2025-08-01,,678,308832.09,755.08,2025,NUEVO 
24598,3N1CK3CE0SL207111,2025-08-01,,678,283771.45,2509.56,2025,NUEVO 
24599,3N1CK3CE5SL207668,2025-08-01,,678,283771.45,2509.56,2025,NUEVO 
24600,3N1CK3CE6SL206304,2025-08-01,,678,287288.94,81.88,2025,NUEVO 
24601,3N1CK3CE6SL206299,2025-08-01,,678,307873.14,2544.57,2025,NUEVO 
24602,3N1CK3CE8SL206188,2025-08-01,,678,281918.14,2490.75,2025,NUEVO 
24603,3N1CK3CE1SL205724,2025-08-01,,678,307873.14,2720.06,2025,NUEVO 
24604,3N1CK3CE3SL203523,2025-08-01,,678,281898.14,1213.57,2025,NUEVO 
24605,3N1CK3CE8SL201718,2025-08-01,,678,307853.14,170.40,2025,DEMO 
24606,3N1CK3CE9SL204482,2025-08-01,,678,307853.14,1135.98,2025,NUEVO 
24607,3N1CK3CE3SL203988,2025-08-01,,678,307853.14,2934.61,2025,NUEVO 
24608,3N1CK3CE3SL200394,2025-08-01,,678,307853.14,567.99,2025,NUEVO 
24609,3N1CK3CE2SL203089,2025-08-01,,678,307853.14,425.99,2025,DEMO 
24610,3N1CK3CE8RL234129,2025-08-01,,678,203400.00,246.11,2024,SEMINUEVOS 
24611,3N1CK3CE7SL208367,2025-08-01,,678,264080.45,1291.06,2025,FLOTILLA 
24612,3N1CK3CE7SL208031,2025-08-01,,678,264080.45,1210.37,2025,FLOTILLA 
24613,3N1CK3CEXSL209674,2025-08-01,,678,264080.44,1694.52,2025,FLOTILLA 
24614,3N1CK3CE9SL206264,2025-08-01,,678,262228.30,1682.63,2025,FLOTILLA 
24615,3N1CK3CE9SL207978,2025-08-01,,678,264080.44,1936.59,2025,FLOTILLA 
24616,3N1CK3CE2SL208132,2025-08-01,,678,264080.44,1936.59,2025,FLOTILLA 
24617,3N1CK3CE0SL208114,2025-08-01,,678,264080.44,322.77,2025,FLOTILLA 
24618,3N1CK3CE4SL208035,2025-08-01,,678,264080.45,564.84,2025,FLOTILLA 
24619,3N1CK3CEXSL207844,2025-08-01,,678,264080.45,2097.97,2025,FLOTILLA 
24620,3N1CK3CE8SL207843,2025-08-01,,678,264080.45,2097.97,2025,FLOTILLA 
24621,3N1CK3CE7SL207929,2025-08-01,,678,264080.45,2097.97,2025,FLOTILLA 
24622,3N1CK3CE3SL207927,2025-08-01,,678,264080.45,2097.97,2025,FLOTILLA 
24623,3N1CK3CE4ML207020,2025-08-01,,678,159000.00,1263.17,2021,SEMINUEVOS 
24624,3N1CK3CE0SL210591,2025-08-01,,678,264080.45,440.57,2025,FLOTILLA 
24625,3N1CK3CE5SL210618,2025-08-01,,678,264080.45,293.72,2025,FLOTILLA 
24626,3N1CK3CE5SL210599,2025-08-01,,678,264080.45,293.72,2025,FLOTILLA 
24627,3N1CK3CE8SL210628,2025-08-01,,678,264080.45,73.43,2025,FLOTILLA 
24628,3N1CK3CE0SL211367,2025-08-01,,678,264080.44,1218.39,2025,FLOTILLA 
24629,3N1CK3CE7SL212368,2025-08-01,,678,264080.45,77.17,2025,FLOTILLA 
24630,3N1CK3CE5SL212952,2025-08-01,,678,283771.45,82.92,2025,FLOTILLA 
24631,3N1CK3CE2SL212889,2025-08-01,,678,264080.45,77.17,2025,FLOTILLA 
24632,3N1CK3CE5SL211154,2025-08-01,,678,288245.57,2611.18,2025,FLOTILLA 
24633,3N1CK3CE8SL212587,2025-08-01,,678,264080.44,559.30,2025,NUEVO 
24634,3N1CK3CE3SL212058,2025-08-01,,678,264080.44,308.68,2025,FLOTILLA 
24635,3N1CK3CE7SL212533,2025-08-01,,678,308832.08,180.50,2025,NUEVO 
24636,3N1CK3CE7SL211754,2025-08-01,,678,288245.57,642.65,2025,NUEVO 
24637,3N1CK3CE3SL212237,2025-08-01,,678,308832.09,2077.93,2025,NUEVO 
24638,3N1CK3CE8SL212279,2025-08-01,,678,264080.45,1534.53,2025,NUEVO 
24639,3N1CK3CE6SL210580,2025-08-01,,678,264080.45,220.29,2025,FLOTILLA 
24640,3N1CK3CE1SL210566,2025-08-01,,678,264080.45,954.58,2025,FLOTILLA 
24641,3N1CK3CE4SL210643,2025-08-01,,678,264080.45,440.57,2025,FLOTILLA 
24642,3N1CK3CE9SL210640,2025-08-01,,678,264080.45,293.72,2025,FLOTILLA 
24643,3N1CK3CE7SL210667,2025-08-01,,678,264080.45,220.29,2025,FLOTILLA 
24644,3N1CK3CE3SL210634,2025-08-01,,678,264080.45,293.72,2025,FLOTILLA 
24645,3N1CK3CE1SL210616,2025-08-01,,678,264080.45,293.72,2025,FLOTILLA 
24646,3N1CK3CE2SL210673,2025-08-01,,678,264080.45,514.00,2025,FLOTILLA 
24647,3N1CK3CE3SL210682,2025-08-01,,678,264080.45,954.58,2025,FLOTILLA 
24648,3N1CK3CE7SL210636,2025-08-01,,678,264080.45,440.57,2025,FLOTILLA 
24649,3N1CK3CE4SL210674,2025-08-01,,678,264080.45,440.57,2025,FLOTILLA 
24650,3N1CK3CE8SL210595,2025-08-01,,678,264080.45,440.57,2025,FLOTILLA 
24651,3N1CK3CEXSL210582,2025-08-01,,678,264080.45,440.57,2025,FLOTILLA 
24652,3N1CK3CE1SL210681,2025-08-01,,678,264080.45,440.57,2025,FLOTILLA 
24653,3N1CK3CE2SL210656,2025-08-01,,678,264080.45,881.15,2025,FLOTILLA 
24654,3N1CK3CEXSL210579,2025-08-01,,678,264080.45,660.86,2025,FLOTILLA 
24655,3N1CK3CE0SL210641,2025-08-01,,678,264080.45,10.20,2025,FLOTILLA 
24656,3N1CK3CE0SL210686,2025-08-01,,678,264080.45,220.29,2025,FLOTILLA 
24657,3N1CK3CE0SL210588,2025-08-01,,678,264080.45,220.29,2025,FLOTILLA 
24658,3N1CK3CE0SL212776,2025-08-01,,678,283771.44,331.70,2025,FLOTILLA 
24659,3N1CK3CE6SL212779,2025-08-01,,678,283771.44,331.70,2025,FLOTILLA 
24660,3N1CK3CE9SL212162,2025-08-01,,678,264080.45,848.87,2025,FLOTILLA 
24661,3N1CK3CE7SL212239,2025-08-01,,678,264080.45,848.87,2025,FLOTILLA 
24662,3N1CK3CE8SL212234,2025-08-01,,678,264080.45,848.87,2025,FLOTILLA 
24663,3N1CK3CE2SL212228,2025-08-01,,678,264080.45,848.87,2025,FLOTILLA 
24664,3N1CK3CE1SL212169,2025-08-01,,678,264080.45,848.87,2025,FLOTILLA 
24665,3N1CK3CE3SL212156,2025-08-01,,678,264080.45,848.87,2025,FLOTILLA 
24666,3N1CK3CE6SL212152,2025-08-01,,678,264080.44,1234.72,2025,FLOTILLA 
24667,3N1CK3CEXSL208220,2025-08-01,,678,264080.44,323.06,2025,FLOTILLA 
24668,3N1CK3CE6SL208389,2025-08-01,,678,264080.45,646.12,2025,FLOTILLA 
24669,3N1CK3CE6SL208232,2025-08-01,,678,264080.44,323.06,2025,FLOTILLA 
24670,3N1CK3CE6SL208182,2025-08-01,,678,264080.44,323.06,2025,FLOTILLA 
24671,3N1CK3CE9SL206264,2025-08-01,,678,262228.30,801.98,2025,FLOTILLA 
24672,3N1CK3CEXSL208265,2025-08-01,,678,264080.44,969.18,2025,FLOTILLA 
24673,3N1CK3CEXSL208234,2025-08-01,,678,264080.44,969.18,2025,FLOTILLA 
24674,3N1CK3CEXSL208167,2025-08-01,,678,264080.44,969.18,2025,FLOTILLA 
24675,3N1CK3CE8SL208250,2025-08-01,,678,264080.44,969.18,2025,FLOTILLA 
24676,3N1CK3CE8SL208233,2025-08-01,,678,264080.44,969.18,2025,FLOTILLA 
24677,3N1CK3CE8SL207969,2025-08-01,,678,264080.44,969.18,2025,FLOTILLA 
24678,3N1CK3CE7SL208367,2025-08-01,,678,264080.45,969.18,2025,FLOTILLA 
24679,3N1CK3CE7SL208238,2025-08-01,,678,264080.44,969.18,2025,FLOTILLA 
24680,3N1CK3CE7SL208157,2025-08-01,,678,264080.45,565.35,2025,FLOTILLA 
24681,3N1CK3CE7SL208031,2025-08-01,,678,264080.45,969.18,2025,FLOTILLA 
24682,3N1CK3CE5SL208223,2025-08-01,,678,264080.44,969.18,2025,FLOTILLA 
24683,3N1CK3CE1SL208204,2025-08-01,,678,264080.44,969.18,2025,FLOTILLA 
24684,3N1CK3CE0SL208243,2025-08-01,,678,264080.44,969.18,2025,FLOTILLA 
24685,3N1CK3CE0SL208193,2025-08-01,,678,264080.44,969.18,2025,FLOTILLA 
24686,3N1CK3CE4SL208035,2025-08-01,,678,264080.45,484.59,2025,FLOTILLA 
24687,3N1CK3CE9SL207978,2025-08-01,,678,264080.44,565.35,2025,FLOTILLA 
24688,3N1CK3CE2SL208132,2025-08-01,,678,264080.44,565.35,2025,FLOTILLA 
24689,3N1CK3CE0SL208114,2025-08-01,,678,264080.44,565.35,2025,FLOTILLA 
24690,3N1CK3CEXSL207844,2025-08-01,,678,264080.45,403.82,2025,FLOTILLA 
24691,3N1CK3CEXSL207729,2025-08-01,,678,264080.45,323.06,2025,FLOTILLA 
24692,3N1CK3CE8SL207843,2025-08-01,,678,264080.45,403.82,2025,FLOTILLA 
24693,3N1CK3CE7SL207929,2025-08-01,,678,264080.45,403.82,2025,FLOTILLA 
24694,3N1CK3CE3SL207927,2025-08-01,,678,264080.45,403.82,2025,FLOTILLA 
24695,3N1CK3CE2NL209186,2025-08-01,,678,162500.00,1043.66,2022,SEMINUEVOS 
24696,3N1CK3CE1SL208073,2025-07-01,1288,678,264080.44,602.69,2025,FLOTILLA 
24697,3N1CK3CE2SL208132,2025-07-01,1288,678,264080.44,602.69,2025,FLOTILLA 
24698,3N1CK3CE0SL208114,2025-07-01,1288,678,264080.44,602.69,2025,FLOTILLA 
24699,3N1CK3CE3SL208141,2025-07-01,1288,678,264080.44,678.03,2025,FLOTILLA 
24700,3N1CK3CE3SL207989,2025-07-01,1288,678,264080.44,678.03,2025,FLOTILLA 
24701,3N1CK3CE2SL207790,2025-07-01,1576,678,264080.44,602.69,2025,FLOTILLA 
24702,3N1CK3CE2SL208003,2025-07-01,1288,678,264080.45,527.35,2025,FLOTILLA 
24703,3N1CK3CE0SL208002,2025-07-01,1288,678,264080.45,527.35,2025,FLOTILLA 
24704,3N1CK3CE3SL208026,2025-07-01,1288,678,264080.45,527.35,2025,FLOTILLA 
24705,3N1CK3CE1SL207957,2025-07-01,1288,678,264080.45,527.35,2025,FLOTILLA 
24706,3N1CK3CE2SL207966,2025-07-01,1288,678,264080.45,678.03,2025,FLOTILLA 
24707,3N1CK3CE1SL207943,2025-07-01,1288,678,264080.45,527.35,2025,FLOTILLA 
24708,3N1CK3CE0SL208047,2025-07-01,1288,678,264080.45,527.35,2025,FLOTILLA 
24709,3N1CK3CE1SL208008,2025-07-01,1288,678,264080.45,527.35,2025,FLOTILLA 
24710,3N1CK3CE1SL207988,2025-07-01,1288,678,264080.45,527.35,2025,FLOTILLA 
24711,3N1CK3CE4SL207774,2025-07-01,1288,678,264080.45,452.02,2025,FLOTILLA 
24712,3N1CK3CE2SL207918,2025-07-01,1288,678,264080.45,452.02,2025,FLOTILLA 
24713,3N1CK3CE2SL207840,2025-07-01,1288,678,264080.45,452.02,2025,FLOTILLA 
24714,3N1CK3CE3SL207829,2025-07-01,1288,678,264080.45,452.02,2025,FLOTILLA 
24715,3N1CK3CE1SL207294,2025-07-01,1288,678,264080.45,452.02,2025,FLOTILLA 
24716,3N1CK3CE1SL209790,2025-07-01,1681,678,264080.44,1702.59,2025,FLOTILLA 
24717,3N1CK3CE0SL209697,2025-07-01,1681,678,264080.45,2399.10,2025,FLOTILLA 
24718,3N1CK3CE3SL209581,2025-07-01,1681,678,264080.44,1702.59,2025,FLOTILLA 
24719,3N1CK3CE3SL209564,2025-07-01,1681,678,264080.44,2399.10,2025,FLOTILLA 
24720,3N1CK3CE1SL208204,2025-07-01,1305,678,264080.44,979.37,2025,FLOTILLA 
24721,3N1CK3CE4SL208181,2025-07-01,1288,678,264080.44,678.03,2025,FLOTILLA 
24722,3N1CK3CE3SL208169,2025-07-01,1305,678,264080.44,979.37,2025,FLOTILLA 
24723,3N1CK3CE5SL208223,2025-07-01,1305,678,264080.44,979.37,2025,FLOTILLA 
24724,3N1CK3CE4SL208214,2025-07-01,1305,678,264080.44,979.37,2025,FLOTILLA 
24725,3N1CK3CE0SL208193,2025-07-01,1305,678,264080.44,979.37,2025,FLOTILLA 
24726,3N1CK3CE0SL207867,2025-07-01,1288,678,264080.45,452.02,2025,FLOTILLA 
24727,3N1CK3CE9SL207933,2025-07-01,1288,678,264080.45,452.02,2025,FLOTILLA 
24728,3N1CK3CE1SL207263,2025-07-01,1288,678,264080.45,452.02,2025,FLOTILLA 
24729,3N1CK3CE0SL207870,2025-07-01,1288,678,264080.45,452.02,2025,FLOTILLA 
24730,3N1CK3CE3SL208057,2025-07-01,1681,678,283771.45,1746.38,2025,FLOTILLA 
24731,3N1CK3CE0SL208095,2025-07-01,1681,678,283771.45,1746.38,2025,FLOTILLA 
24732,3N1CK3CE2SL208275,2025-07-01,1681,678,308832.09,2731.19,2025,NUEVO 
24733,3N1CK3CE0SL207111,2025-07-01,1681,678,283771.45,2509.56,2025,NUEVO 
24734,3N1CK3CE1SL208798,2025-07-01,1948,678,288245.56,2224.65,2025,NUEVO 
24735,3N1CK3CE7SL208398,2025-07-01,1576,678,264080.45,979.37,2025,FLOTILLA 
24736,3N1CK3CE4SL208052,2025-07-01,1288,678,264080.44,602.69,2025,FLOTILLA 
24737,3N1CK3CE7SL207977,2025-07-01,1681,678,283771.45,647.63,2025,FLOTILLA 
24738,3N1CK3CEXSL207780,2025-07-01,1288,678,264080.45,452.02,2025,FLOTILLA 
24739,3N1CK3CE8SL207342,2025-07-01,1288,678,264080.45,452.02,2025,FLOTILLA 
24740,3N1CK3CE0SL207237,2025-07-01,1681,678,283771.45,84.90,2025,NUEVO 
24741,3N1CK3CE5SL207668,2025-07-01,1331,678,283771.45,2509.56,2025,NUEVO 
24742,3N1CK3CE6SL206304,2025-07-01,1919,678,287288.94,2538.20,2025,NUEVO 
24743,3N1CK3CE6SL206299,2025-07-01,1681,678,307873.14,2720.06,2025,NUEVO 
24744,3N1CK3CE8SL206188,2025-07-01,1331,678,281918.14,2490.75,2025,NUEVO 
24745,3N1CK3CEXSL206046,2025-07-01,1681,678,262228.30,747.35,2025,NUEVO 
24746,3N1CK3CE1SL205724,2025-07-01,1331,678,307873.14,2720.06,2025,NUEVO 
24747,3N1CK3CE3SL203523,2025-07-01,1681,678,281898.14,2687.19,2025,NUEVO 
24748,3N1CK3CE6SL204021,2025-07-01,1681,678,307853.14,2517.37,2025,NUEVO 
24749,3N1CK3CE9SL204482,2025-07-01,1331,678,307853.14,2934.61,2025,NUEVO 
24750,3N1CK3CE3SL203988,2025-07-01,1331,678,307853.14,2934.61,2025,NUEVO 
24751,3N1CK3CE3SL200394,2025-07-01,1681,678,307853.14,2934.61,2025,NUEVO 
24752,3N1CK3CE8SL210256,2025-07-01,1681,678,308832.09,2075.35,2025,NUEVO 
24753,3N1CK3CE7SL208384,2025-07-01,1576,678,264080.45,452.02,2025,FLOTILLA 
24754,3N1CK3CE1SL208039,2025-07-01,1576,678,264080.44,75.34,2025,FLOTILLA 
24755,3N1CK3CE9SL206264,2025-07-01,1576,678,262228.30,734.24,2025,FLOTILLA 
24756,3N1CK3CE7SL210247,2025-07-01,1681,678,264080.44,1848.56,2025,NUEVO 
24757,3N1CK3CE6SL210045,2025-07-01,1967,678,264080.44,1626.74,2025,NUEVO 
24758,3N1CK3CE5SL210022,2025-07-01,1910,678,264080.44,1478.85,2025,NUEVO 
24759,3N1CK3CE7SL210006,2025-07-01,1681,678,283771.44,2383.68,2025,NUEVO 
24760,3N1CK3CE6SL209557,2025-07-01,1681,678,264080.44,1083.46,2025,FLOTILLA 
24761,3N1CK3CE5SL209890,2025-07-01,1681,678,308832.08,1357.57,2025,NUEVO 
24762,3N1CK3CE4SL209749,2025-07-01,1681,678,308832.09,2805.65,2025,NUEVO 
24763,3N1CK3CE4SL209590,2025-07-01,1285,678,308832.08,1538.58,2025,NUEVO 
24764,3N1CK3CE4SL209556,2025-07-01,1681,678,264080.44,1238.24,2025,FLOTILLA 
24765,3N1CK3CE3SL209600,2025-07-01,1681,678,283771.44,2577.98,2025,NUEVO 
24766,3N1CK3CE8SL209561,2025-07-01,1681,678,264080.44,1702.59,2025,FLOTILLA 
24767,3N1CK3CE9SL208404,2025-07-01,1576,678,264080.45,602.69,2025,FLOTILLA 
24768,3N1CK3CEXSL208380,2025-07-01,1576,678,264080.45,828.70,2025,FLOTILLA 
24769,3N1CK3CE8SL208118,2025-07-01,1576,678,264080.45,602.69,2025,FLOTILLA 
24770,3N1CK3CE7SL208031,2025-07-01,1576,678,264080.45,979.37,2025,FLOTILLA 
24771,3N1CK3CE9SL208435,2025-07-01,1576,678,264080.45,979.37,2025,FLOTILLA 
24772,3N1CK3CE6SL208389,2025-07-01,1576,678,264080.45,979.37,2025,FLOTILLA 
24773,3N1CK3CE7SL208434,2025-07-01,1576,678,264080.45,602.69,2025,FLOTILLA 
24774,3N1CK3CE7SL208353,2025-07-01,1288,678,264080.45,753.36,2025,FLOTILLA 
24775,3N1CK3CE6SL208344,2025-07-01,1288,678,264080.45,979.37,2025,FLOTILLA 
24776,3N1CK3CE6SL208358,2025-07-01,1288,678,264080.45,979.37,2025,FLOTILLA 
24777,3N1CK3CE5SL208285,2025-07-01,1288,678,264080.45,678.03,2025,FLOTILLA 
24778,3N1CK3CE7SL208269,2025-07-01,1288,678,264080.45,979.37,2025,FLOTILLA 
24779,3N1CK3CE8SL208281,2025-07-01,1288,678,264080.45,753.36,2025,FLOTILLA 
24780,3N1CK3CE7SL208157,2025-07-01,1288,678,264080.45,979.37,2025,FLOTILLA 
24781,3N1CK3CE7SL208238,2025-07-01,1305,678,264080.44,979.37,2025,FLOTILLA 
24782,3N1CK3CEXSL208234,2025-07-01,1305,678,264080.44,979.37,2025,FLOTILLA 
24783,3N1CK3CE6SL208196,2025-07-01,1305,678,264080.44,979.37,2025,FLOTILLA 
24784,3N1CK3CE8SL208202,2025-07-01,1305,678,264080.44,979.37,2025,FLOTILLA 
24785,3N1CK3CEXSL208265,2025-07-01,1305,678,264080.44,979.37,2025,FLOTILLA 
24786,3N1CK3CEXSL208220,2025-07-01,1305,678,264080.44,979.37,2025,FLOTILLA 
24787,3N1CK3CE5SL208190,2025-07-01,1288,678,264080.44,828.70,2025,FLOTILLA 
24788,3N1CK3CE8SL208233,2025-07-01,1305,678,264080.44,979.37,2025,FLOTILLA 
24789,3N1CK3CE8SL208250,2025-07-01,1305,678,264080.44,979.37,2025,FLOTILLA 
24790,3N1CK3CE8SL208264,2025-07-01,1288,678,264080.44,979.37,2025,FLOTILLA 
24791,3N1CK3CEXSL208170,2025-07-01,1305,678,264080.44,979.37,2025,FLOTILLA 
24792,3N1CK3CE6SL208182,2025-07-01,1305,678,264080.44,979.37,2025,FLOTILLA 
24793,3N1CK3CE6SL208232,2025-07-01,1305,678,264080.44,979.37,2025,FLOTILLA 
24794,3N1CK3CE5SL208058,2025-07-01,1305,678,264080.44,979.37,2025,FLOTILLA 
24795,3N1CK3CE8SL207986,2025-07-01,1305,678,264080.44,979.37,2025,FLOTILLA 
24796,3N1CK3CE5SL207931,2025-07-01,1305,678,264080.44,979.37,2025,FLOTILLA 
24797,3N1CK3CE7SL208059,2025-07-01,1288,678,264080.44,678.03,2025,FLOTILLA 
24798,3N1CK3CE6SL208134,2025-07-01,1288,678,264080.44,678.03,2025,FLOTILLA 
24799,3N1CK3CE9SL208077,2025-07-01,1288,678,264080.44,602.69,2025,FLOTILLA 
24800,3N1CK3CE9SL208130,2025-07-01,1288,678,264080.44,602.69,2025,FLOTILLA 
24801,3N1CK3CE8SL208068,2025-07-01,1288,678,264080.44,602.69,2025,FLOTILLA 
24802,3N1CK3CE5SL208061,2025-07-01,1288,678,264080.44,602.69,2025,FLOTILLA 
24803,3N1CK3CEXSL208136,2025-07-01,1288,678,264080.44,602.69,2025,FLOTILLA 
24804,3N1CK3CE7SL208028,2025-07-01,1576,678,264080.44,602.69,2025,FLOTILLA 
24805,3N1CK3CE6SL207940,2025-07-01,1288,678,264080.44,678.03,2025,FLOTILLA 
24806,3N1CK3CE6SL208019,2025-07-01,1288,678,264080.45,602.69,2025,FLOTILLA 
24807,3N1CK3CE9SL207947,2025-07-01,1288,678,264080.45,527.35,2025,FLOTILLA 
24808,3N1CK3CE5SL207976,2025-07-01,1288,678,264080.45,678.03,2025,FLOTILLA 
24809,3N1CK3CE5SL207945,2025-07-01,1288,678,264080.45,527.35,2025,FLOTILLA 
24810,3N1CK3CE4SL208021,2025-07-01,1288,678,264080.45,678.03,2025,FLOTILLA 
24811,3N1CK3CE8SL208006,2025-07-01,1288,678,264080.45,527.35,2025,FLOTILLA 
24812,3N1CK3CE4SL208035,2025-07-01,1288,678,264080.45,527.35,2025,FLOTILLA 
24813,3N1CK3CE6SL207971,2025-07-01,1288,678,264080.45,527.35,2025,FLOTILLA 
24814,3N1CK3CE5SL208030,2025-07-01,1576,678,264080.45,527.35,2025,FLOTILLA 
24815,3N1CK3CEXSL207956,2025-07-01,1288,678,264080.45,527.35,2025,FLOTILLA 
24816,3N1CK3CE5SL207962,2025-07-01,1288,678,264080.45,527.35,2025,FLOTILLA 
24817,3N1CK3CE6SL207954,2025-07-01,1576,678,264080.45,527.35,2025,FLOTILLA 
24818,3N1CK3CE4SL208004,2025-07-01,1288,678,264080.45,678.03,2025,FLOTILLA 
24819,3N1CK3CE8SL207941,2025-07-01,1288,678,264080.45,452.02,2025,FLOTILLA 
24820,3N1CK3CE7SL207851,2025-07-01,1288,678,264080.45,452.02,2025,FLOTILLA 
24821,3N1CK3CE5SL207881,2025-07-01,1288,678,264080.45,452.02,2025,FLOTILLA 
24822,3N1CK3CE5SL207914,2025-07-01,1288,678,264080.45,452.02,2025,FLOTILLA 
24823,3N1CK3CE7SL207882,2025-07-01,1288,678,264080.45,452.02,2025,FLOTILLA 
24824,3N1CK3CE8SL207860,2025-07-01,1288,678,264080.45,452.02,2025,FLOTILLA 
24825,3N1CK3CE7SL206098,2025-07-01,1681,678,307873.14,1316.16,2025,NUEVO 
24826,3N1CK3CE0SL209876,2025-07-01,1681,678,308832.08,2772.46,2025,NUEVO 
24827,3N1CK3CE2SL208177,2025-07-01,1681,678,308832.08,2686.56,2025,NUEVO 
24828,3N1CK3CE1SL208218,2025-07-01,1681,678,288245.56,2618.63,2025,NUEVO 
24829,3N1CK3CE0SL209585,2025-07-01,1681,678,308832.08,812.33,2025,NUEVO 
24830,3N1CK3CE4SL208388,2025-07-01,1576,678,264080.45,753.36,2025,FLOTILLA 
24831,3N1CK3CE4SL208391,2025-07-01,1576,678,264080.45,979.37,2025,FLOTILLA 
24832,3N1CK3CE3SL208401,2025-07-01,1288,678,264080.45,602.69,2025,FLOTILLA 
24833,3N1CK3CE4SL208455,2025-07-01,1576,678,264080.45,602.69,2025,FLOTILLA 
24834,3N1CK3CE4SL208469,2025-07-01,1576,678,264080.45,602.69,2025,FLOTILLA 
24835,3N1CK3CE3SL208298,2025-07-01,1288,678,264080.45,828.70,2025,FLOTILLA 
24836,3N1CK3CE0SL208307,2025-07-01,1288,678,264080.45,753.36,2025,FLOTILLA 
24837,3N1CK3CE0SL208176,2025-07-01,1288,678,264080.45,979.37,2025,FLOTILLA 
24838,3N1CK3CE3SL208236,2025-07-01,1305,678,264080.44,979.37,2025,FLOTILLA 
24839,3N1CK3CE0SL208159,2025-07-01,1288,678,264080.44,979.37,2025,FLOTILLA 
24840,3N1CK3CE2SL208244,2025-07-01,1288,678,264080.44,979.37,2025,FLOTILLA 
24841,3N1CK3CE1SL208235,2025-07-01,1305,678,264080.44,979.37,2025,FLOTILLA 
24842,3N1CK3CE2SL208230,2025-07-01,1288,678,264080.44,753.36,2025,FLOTILLA 
24843,3N1CK3CE3SL208253,2025-07-01,1305,678,264080.44,979.37,2025,FLOTILLA 
24844,3N1CK3CE0SL208260,2025-07-01,1305,678,264080.44,979.37,2025,FLOTILLA 
24845,3N1CK3CE1SL208199,2025-07-01,1288,678,264080.44,979.37,2025,FLOTILLA 
24846,3N1CK3CEXSL208380,2025-07-01,1576,678,264080.45,1373.00,2025,FLOTILLA 
24847,3N1CK3CEXSL208220,2025-07-01,1305,678,264080.44,1453.76,2025,FLOTILLA 
24848,3N1CK3CEXSL208170,2025-07-01,1305,678,264080.44,726.88,2025,FLOTILLA 
24849,3N1CK3CE9SL208435,2025-07-01,1576,678,264080.45,646.12,2025,FLOTILLA 
24850,3N1CK3CE8SL208202,2025-07-01,1305,678,264080.44,242.29,2025,FLOTILLA 
24851,3N1CK3CE8SL207986,2025-07-01,1305,678,264080.44,726.88,2025,FLOTILLA 
24852,3N1CK3CE7SL208398,2025-07-01,1576,678,264080.45,888.41,2025,FLOTILLA 
24853,3N1CK3CE7SL208384,2025-07-01,1576,678,264080.45,323.06,2025,FLOTILLA 
24854,3N1CK3CE7SL208269,2025-07-01,1288,678,264080.45,1292.23,2025,FLOTILLA 
24855,3N1CK3CE6SL208389,2025-07-01,1576,678,264080.45,1453.76,2025,FLOTILLA 
24856,3N1CK3CE6SL208358,2025-07-01,1288,678,264080.45,1211.47,2025,FLOTILLA 
24857,3N1CK3CE6SL208344,2025-07-01,1288,678,264080.45,888.41,2025,FLOTILLA 
24858,3N1CK3CE6SL208232,2025-07-01,1305,678,264080.44,1453.76,2025,FLOTILLA 
24859,3N1CK3CE6SL208196,2025-07-01,1305,678,264080.44,726.88,2025,FLOTILLA 
24860,3N1CK3CE6SL208182,2025-07-01,1305,678,264080.44,1453.76,2025,FLOTILLA 
24861,3N1CK3CE5SL208058,2025-07-01,1305,678,264080.44,403.82,2025,FLOTILLA 
24862,3N1CK3CE5SL207931,2025-07-01,1305,678,264080.44,242.29,2025,FLOTILLA 
24863,3N1CK3CE4SL208391,2025-07-01,1576,678,264080.45,242.29,2025,FLOTILLA 
24864,3N1CK3CE4SL208214,2025-07-01,1305,678,264080.44,726.88,2025,FLOTILLA 
24865,3N1CK3CE4SL208178,2025-07-01,1288,678,264080.44,807.65,2025,FLOTILLA 
24866,3N1CK3CE4SL208116,2025-07-01,1288,678,264080.44,807.65,2025,FLOTILLA 
24867,3N1CK3CE3SL208415,2025-07-01,1576,678,264080.45,323.06,2025,FLOTILLA 
24868,3N1CK3CE3SL208253,2025-07-01,1305,678,264080.44,403.82,2025,FLOTILLA 
24869,3N1CK3CE3SL208236,2025-07-01,1305,678,264080.44,242.29,2025,FLOTILLA 
24870,3N1CK3CE3SL208169,2025-07-01,1305,678,264080.44,726.88,2025,FLOTILLA 
24871,3N1CK3CE2SL208244,2025-07-01,1288,678,264080.44,807.65,2025,FLOTILLA 
24872,3N1CK3CE1SL208235,2025-07-01,1305,678,264080.44,242.29,2025,FLOTILLA 
24873,3N1CK3CE1SL208199,2025-07-01,1288,678,264080.44,807.65,2025,FLOTILLA 
24874,3N1CK3CE1SL208056,2025-07-01,1288,678,264080.44,323.06,2025,FLOTILLA 
24875,3N1CK3CE0SL208260,2025-07-01,1305,678,264080.44,242.29,2025,FLOTILLA 
24876,3N1CK3CE0SL208176,2025-07-01,1288,678,264080.45,242.29,2025,FLOTILLA 
24877,3N1CK3CE0SL208159,2025-07-01,1288,678,264080.44,807.65,2025,FLOTILLA 
24878,3N1CK3CE9SL206264,2025-07-01,1576,678,262228.30,1684.16,2025,FLOTILLA 
24879,3N1CK3CEXSL208265,2025-07-01,1305,678,264080.44,1453.76,2025,FLOTILLA 
24880,3N1CK3CEXSL208234,2025-07-01,1305,678,264080.44,1453.76,2025,FLOTILLA 
24881,3N1CK3CEXSL208167,2025-07-01,1305,678,264080.44,1453.76,2025,FLOTILLA 
24882,3N1CK3CE8SL208264,2025-07-01,1288,678,264080.44,1373.00,2025,FLOTILLA 
24883,3N1CK3CE8SL208250,2025-07-01,1305,678,264080.44,1453.76,2025,FLOTILLA 
24884,3N1CK3CE8SL208233,2025-07-01,1305,678,264080.44,1453.76,2025,FLOTILLA 
24885,3N1CK3CE8SL207969,2025-07-01,1305,678,264080.44,1453.76,2025,FLOTILLA 
24886,3N1CK3CE7SL208367,2025-07-01,1288,678,264080.45,1453.76,2025,FLOTILLA 
24887,3N1CK3CE7SL208238,2025-07-01,1305,678,264080.44,1453.76,2025,FLOTILLA 
24888,3N1CK3CE7SL208157,2025-07-01,1288,678,264080.45,1453.76,2025,FLOTILLA 
24889,3N1CK3CE7SL208031,2025-07-01,1576,678,264080.45,1453.76,2025,FLOTILLA 
24890,3N1CK3CE5SL208223,2025-07-01,1305,678,264080.44,1453.76,2025,FLOTILLA 
24891,3N1CK3CE1SL208204,2025-07-01,1305,678,264080.44,1453.76,2025,FLOTILLA 
24892,3N1CK3CE0SL208243,2025-07-01,1305,678,264080.44,1453.76,2025,FLOTILLA 
24893,3N1CK3CE0SL208193,2025-07-01,1305,678,264080.44,1453.76,2025,FLOTILLA 
24894,3N1CK3CEXSL207956,2025-07-01,1288,678,264080.45,323.06,2025,FLOTILLA 
24895,3N1CK3CE9SL207947,2025-07-01,1288,678,264080.45,323.06,2025,FLOTILLA 
24896,3N1CK3CE8SL208023,2025-07-01,1288,678,264080.45,323.06,2025,FLOTILLA 
24897,3N1CK3CE8SL208006,2025-07-01,1288,678,264080.45,323.06,2025,FLOTILLA 
24898,3N1CK3CE6SL207971,2025-07-01,1288,678,264080.45,323.06,2025,FLOTILLA 
24899,3N1CK3CE6SL207954,2025-07-01,1576,678,264080.45,726.88,2025,FLOTILLA 
24900,3N1CK3CE4SL207998,2025-07-01,1288,678,264080.45,323.06,2025,FLOTILLA 
24901,3N1CK3CE2SL208003,2025-07-01,1288,678,264080.45,323.06,2025,FLOTILLA 
24902,3N1CK3CE1SL208008,2025-07-01,1288,678,264080.45,323.06,2025,FLOTILLA 
24903,3N1CK3CE1SL207988,2025-07-01,1288,678,264080.45,242.29,2025,FLOTILLA 
24904,3N1CK3CE1SL207957,2025-07-01,1288,678,264080.45,242.29,2025,FLOTILLA 
24905,3N1CK3CE0SL208047,2025-07-01,1288,678,264080.45,323.06,2025,FLOTILLA 
24906,3N1CK3CE0SL208002,2025-07-01,1288,678,264080.45,242.29,2025,FLOTILLA 
24907,3N1CK3CE5SL208030,2025-07-01,1576,678,264080.45,1130.70,2025,FLOTILLA 
24908,3N1CK3CE5SL207962,2025-07-01,1288,678,264080.45,1292.23,2025,FLOTILLA 
24909,3N1CK3CE5SL207945,2025-07-01,1288,678,264080.45,888.41,2025,FLOTILLA 
24910,3N1CK3CE4SL208035,2025-07-01,1288,678,264080.45,1938.35,2025,FLOTILLA 
24911,3N1CK3CE3SL208026,2025-07-01,1288,678,264080.45,1857.59,2025,FLOTILLA 
24912,3N1CK3CE1SL207943,2025-07-01,1288,678,264080.45,1857.59,2025,FLOTILLA 
24913,3N1CK3CEXSL208024,2025-07-01,1576,678,264080.44,242.29,2025,FLOTILLA 
24914,3N1CK3CE9SL208130,2025-07-01,1288,678,264080.44,242.29,2025,FLOTILLA 
24915,3N1CK3CE9SL208077,2025-07-01,1288,678,264080.44,1049.94,2025,FLOTILLA 
24916,3N1CK3CE8SL208068,2025-07-01,1288,678,264080.44,161.53,2025,FLOTILLA 
24917,3N1CK3CE4SL208052,2025-07-01,1288,678,264080.44,1049.94,2025,FLOTILLA 
24918,3N1CK3CE2SL207790,2025-07-01,1576,678,264080.44,646.12,2025,FLOTILLA 
24919,3N1CK3CE1SL208073,2025-07-01,1288,678,264080.44,161.53,2025,FLOTILLA 
24920,3N1CK3CE1SL208039,2025-07-01,1576,678,264080.44,646.12,2025,FLOTILLA 
24921,3N1CK3CEXSL208136,2025-07-01,1288,678,264080.44,1211.47,2025,FLOTILLA 
24922,3N1CK3CE9SL207978,2025-07-01,1576,678,264080.44,1857.59,2025,FLOTILLA 
24923,3N1CK3CE5SL208061,2025-07-01,1288,678,264080.44,1211.47,2025,FLOTILLA 
24924,3N1CK3CE2SL208132,2025-07-01,1288,678,264080.44,1857.59,2025,FLOTILLA 
24925,3N1CK3CE0SL208114,2025-07-01,1288,678,264080.44,1857.59,2025,FLOTILLA 
24926,3N1CK3CEXSL207844,2025-07-01,1288,678,264080.45,2019.12,2025,FLOTILLA 
24927,3N1CK3CEXSL207780,2025-07-01,1288,678,264080.45,1373.00,2025,FLOTILLA 
24928,3N1CK3CEXSL207729,2025-07-01,1288,678,264080.45,2019.12,2025,FLOTILLA 
24929,3N1CK3CE8SL207941,2025-07-01,1288,678,264080.45,1373.00,2025,FLOTILLA 
24930,3N1CK3CE8SL207860,2025-07-01,1288,678,264080.45,1938.35,2025,FLOTILLA 
24931,3N1CK3CE8SL207843,2025-07-01,1288,678,264080.45,2019.12,2025,FLOTILLA 
24932,3N1CK3CE8SL207342,2025-07-01,1288,678,264080.45,1938.35,2025,FLOTILLA 
24933,3N1CK3CE7SL207929,2025-07-01,1288,678,264080.45,2019.12,2025,FLOTILLA 
24934,3N1CK3CE6SL207839,2025-07-01,1288,678,264080.45,1373.00,2025,FLOTILLA 
24935,3N1CK3CE5SL207914,2025-07-01,1288,678,264080.45,1373.00,2025,FLOTILLA 
24936,3N1CK3CE5SL207881,2025-07-01,1288,678,264080.45,1373.00,2025,FLOTILLA 
24937,3N1CK3CE3SL207927,2025-07-01,1288,678,264080.45,2019.12,2025,FLOTILLA 
24938,3N1CK3CE1SL207294,2025-07-01,1288,678,264080.45,1373.00,2025,FLOTILLA 
24939,3N1CK3CE9SL207933,2025-07-01,1288,678,264080.45,1211.47,2025,FLOTILLA 
24940,3N1CK3CE7SL207882,2025-07-01,1288,678,264080.45,242.29,2025,FLOTILLA 
24941,3N1CK3CE7SL207851,2025-07-01,1288,678,264080.45,161.53,2025,FLOTILLA 
24942,3N1CK3CE4SL207774,2025-07-01,1288,678,264080.45,161.53,2025,FLOTILLA 
24943,3N1CK3CE3SL207829,2025-07-01,1288,678,264080.45,403.82,2025,FLOTILLA 
24944,3N1CK3CE2SL207918,2025-07-01,1288,678,264080.45,242.29,2025,FLOTILLA 
24945,3N1CK3CE2SL207840,2025-07-01,1288,678,264080.45,242.29,2025,FLOTILLA 
24946,3N1CK3CE1SL207828,2025-07-01,1288,678,264080.45,403.82,2025,FLOTILLA 
24947,3N1CK3CE1SL207263,2025-07-01,1288,678,264080.45,161.53,2025,FLOTILLA 
24948,3N1CK3CE0SL207870,2025-07-01,1288,678,264080.45,161.53,2025,FLOTILLA 
24949,3N1CK3CE0SL207867,2025-07-01,1288,678,264080.45,242.29,2025,FLOTILLA 
24950,3N1CK3CE2NL209186,2025-07-01,1926,678,162500.00,1192.75,2022,SEMINUEVOS 
24951,3N1CK3CEXSL211215,2025-07-01,1681,678,288245.57,320.59,2025,NUEVO 
24952,3N1CK3CE5SL211154,2025-07-01,1681,678,288245.57,240.44,2025,NUEVO 
24953,3N1CK3CE6SL210983,2025-07-01,1681,678,283771.45,789.04,2025,NUEVO 
24954,3N1CK3CE5SL210926,2025-07-01,1331,678,288245.57,801.48,2025,NUEVO 
24955,3N1CK3CE4SL210870,2025-07-01,1681,678,264080.45,293.72,2025,NUEVO 
24956,3N1CK3CE5SL210800,2025-07-01,1331,678,283771.45,946.85,2025,NUEVO 
24957,3N1CK3CE2SL210768,2025-07-01,1681,678,288245.57,961.78,2025,NUEVO 
24958,3N1CK3CE2SL210396,2025-07-01,1681,678,283771.45,874.02,2025,NUEVO 
24959,3N1CK3CE5SL208979,2025-07-01,1681,678,264080.44,323.06,2025,FLOTILLA 
24960,3N1CK3CE9SL201873,2025-07-01,1290,678,262208.30,801.99,2025,FLOTILLA 
24961,3N1CK3CE8SL201914,2025-07-01,1290,678,262208.30,801.99,2025,FLOTILLA 
24962,3N1CK3CEXSL209674,2025-07-01,1576,678,264080.44,696.51,2025,FLOTILLA 
24963,3N1CK3CE0SL210591,2025-07-01,1305,678,264080.45,440.57,2025,FLOTILLA 
24964,3N1CK3CE5SL210618,2025-07-01,1305,678,264080.45,440.57,2025,FLOTILLA 
24965,3N1CK3CE5SL210599,2025-07-01,1305,678,264080.45,440.57,2025,FLOTILLA 
24966,3N1CK3CE8SL210628,2025-07-01,1305,678,264080.45,440.57,2025,FLOTILLA 
24967,3N1CK3CE5SL211154,2025-07-01,1681,678,288245.57,252.70,2025,FLOTILLA 
24968,LSJA36E65NZ044721,2025-08-01,,679,146300.00,177.02,2022,SEMINUEVOS 
24969,LSJA36E95PZ802652,2025-08-01,,679,176300.00,373.32,2023,SEMINUEVOS 
24970,LSJA36E98PZ150545,2025-08-01,,679,161400.00,1462.10,2023,SEMINUEVOS 
24971,LSJA36E93PZ109868,2025-07-01,1681,679,171500.00,1055.44,2023,SEMINUEVOS 
24972,LSJA36E94RZ026341,2025-07-01,1681,679,206500.00,38.98,2024,SEMINUEVOS 
24973,LSJA36E99PZ040409,2025-07-01,1681,679,172500.00,774.09,2023,SEMINUEVOS 
24974,LSJA36E98PZ150545,2025-07-01,1385,679,161400.00,377.32,2023,SEMINUEVOS 
24975,3N6AD31A5RK860884,2025-08-01,,682,418746.90,3609.48,2024,NUEVO 
24976,3N6AD35A8SK832285,2025-08-01,,682,436301.08,3760.79,2025,NUEVO 
24977,3N6AD31A0RK860811,2025-08-01,,682,418746.90,3609.48,2024,NUEVO 
24978,3N6AD31AXSK832522,2025-08-01,,682,437168.77,3768.27,2025,NUEVO 
24979,3N6AD35A0SK831535,2025-08-01,,682,436301.06,3787.09,2025,NUEVO 
24980,3N6AD35A7SK825084,2025-08-01,,682,436301.06,3963.67,2025,NUEVO 
24981,3N6AD31A7SK830257,2025-08-01,,682,437168.76,3971.56,2025,NUEVO 
24982,3N6AD31A3SK823709,2025-08-01,,682,437168.76,1281.15,2025,NUEVO 
24983,3N6AD31A4SK827073,2025-08-01,,682,437168.76,511.49,2025,NUEVO 
24984,3N6AD31A6SK827527,2025-08-01,,682,437168.76,3964.03,2025,NUEVO 
24985,3N6AD31A8SK826668,2025-08-01,,682,437168.76,3580.41,2025,NUEVO 
24986,3N6AD31A4SK825050,2025-08-01,,682,437168.76,2494.29,2025,NUEVO 
24987,3N6AD35A8SK820492,2025-08-01,,682,429187.74,1778.66,2025,NUEVO 
24988,3N6AD31A7SK819260,2025-08-01,,682,430056.02,490.74,2025,NUEVO 
24989,3N6AD31A3SK813164,2025-08-01,,682,430036.02,4177.08,2025,NUEVO 
24990,3N6AD31AXRK854787,2025-07-01,1681,682,418746.90,273.12,2024,NUEVO 
24991,3N6AD31A9RK852724,2025-07-01,1890,682,418746.90,4319.84,2024,NUEVO 
24992,3N6AD33A0LK812682,2025-08-01,,682,246600.00,298.39,2020,SEMINUEVOS 
24993,3N6AD35AXSK836550,2025-08-01,,682,436301.08,1467.79,2025,NUEVO 
24994,3N6AD35A6SK833435,2025-08-01,,682,436301.06,1019.97,2025,NUEVO 
24995,3N6AD35A7SK817664,2025-08-01,,682,429187.74,2759.20,2025,FLOTILLA 
24996,3N6AD35A1RK861301,2025-08-01,,682,413537.75,966.76,2024,NUEVO 
24997,3N6AD31A8SK826864,2025-08-01,,682,437168.76,2810.51,2025,FLOTILLA 
24998,3N6AD31A6PK852905,2025-08-01,,682,307600.00,2786.51,2023,SEMINUEVOS 
24999,3N6AD35A8SK834893,2025-08-01,,682,436301.08,2062.37,2025,NUEVO 
25000,3N6AD31A7SK830646,2025-08-01,,682,437168.77,2674.26,2025,NUEVO 
25001,3N6AD35A7SK831760,2025-08-01,,682,436301.06,1577.11,2025,NUEVO 
25002,3N6AD35AXSK831817,2025-08-01,,682,436301.06,3639.48,2025,NUEVO 
25003,3N6AD35A9SK832490,2025-08-01,,682,436301.06,485.26,2025,NUEVO 
25004,3N6AD35A0SK831843,2025-08-01,,682,436301.06,3032.90,2025,NUEVO 
25005,3N6AD35A0SK832944,2025-08-01,,682,436301.08,3760.79,2025,NUEVO 
25006,3N6AD31A0SK833839,2025-08-01,,682,437168.76,3768.27,2025,NUEVO 
25007,3N6AD31A6SK827527,2025-07-01,1331,682,437168.76,3964.03,2025,NUEVO 
25008,3N6AD31A8SK826864,2025-07-01,1806,682,437168.76,2557.44,2025,NUEVO 
25009,3N6AD31A8SK826668,2025-07-01,1681,682,437168.76,3964.03,2025,NUEVO 
25010,3N6AD35A6SK819325,2025-07-01,1283,682,429187.74,1255.37,2025,FLOTILLA 
25011,3N6AD35A7SK817664,2025-07-01,1283,682,429187.74,3138.44,2025,FLOTILLA 
25012,3N6AD35A4SK817735,2025-07-01,1283,682,429187.74,2008.60,2025,FLOTILLA 
25013,3N6AD31A4SK825050,2025-07-01,1331,682,437168.76,3866.15,2025,NUEVO 
25014,3N6AD35A8SK820492,2025-07-01,1331,682,429187.74,3791.87,2025,NUEVO 
25015,3N6AD31A7SK819260,2025-07-01,1681,682,430056.02,3803.25,2025,NUEVO 
25016,3N6AD31A3SK813164,2025-07-01,1331,682,430036.02,4177.08,2025,NUEVO 
25017,3N6AD35A0SK819921,2025-07-01,1283,682,429187.75,477.35,2025,FLOTILLA 
25018,3N6AD35A4SK830579,2025-07-01,1904,682,436301.08,1347.71,2025,NUEVO 
25019,3N6AD35A7SK830270,2025-07-01,1892,682,436301.06,2301.49,2025,NUEVO 
25020,3N6AD35A0SK831535,2025-07-01,1331,682,436301.06,2321.12,2025,NUEVO 
25021,3N6AD35A1SK831267,2025-07-01,1681,682,436301.06,2198.96,2025,NUEVO 
25022,3N6AD35A8SK821013,2025-07-01,1283,682,429187.74,480.69,2025,FLOTILLA 
25023,3N6AD35A6SK820202,2025-07-01,1283,682,429187.74,480.69,2025,FLOTILLA 
25024,3N6AD35A4SK830422,2025-07-01,1681,682,436301.06,488.66,2025,NUEVO 
25025,3N6AD35A6SK830132,2025-07-01,1681,682,436301.06,488.66,2025,NUEVO 
25026,3N6AD35A6SK830356,2025-07-01,1681,682,436301.06,2931.94,2025,NUEVO 
25027,3N6AD35A2SK826384,2025-07-01,1681,682,436301.06,255.72,2025,NUEVO 
25028,3N6AD35A0SK823323,2025-07-01,1681,682,436301.06,127.86,2025,NUEVO 
25029,3N6AD35A3SK823557,2025-07-01,1965,682,436301.06,2685.07,2025,NUEVO 
25030,3N6AD35A3SK823462,2025-07-01,1681,682,436301.06,1150.74,2025,NUEVO 
25031,3N6AD35A7SK825084,2025-07-01,1331,682,436301.06,3452.23,2025,NUEVO 
25032,3N6AD35A5SK829568,2025-07-01,1681,682,436301.08,3707.95,2025,NUEVO 
25033,3N6AD35A3SK827785,2025-07-01,1942,682,436301.08,3835.81,2025,NUEVO 
25034,3N6AD35A5SK827027,2025-07-01,1681,682,436301.06,1403.80,2025,NUEVO 
25035,3N6AD31A7SK830257,2025-07-01,1331,682,437168.76,3459.10,2025,NUEVO 
25036,3N6AD31A8SK829263,2025-07-01,1681,682,437168.77,3715.33,2025,NUEVO 
25037,3N6AD31A3SK823709,2025-07-01,1681,682,437168.76,3971.56,2025,NUEVO 
25038,3N6AD31A4SK827073,2025-07-01,1681,682,437168.76,3964.03,2025,NUEVO 
25039,3N6AD31A8SK826864,2025-07-01,1806,682,437168.76,127.75,2025,NUEVO 
25040,3N6AD31A6PK852905,2025-07-01,1385,682,307600.00,808.99,2023,SEMINUEVOS 
25041,3N6AD33A6LK824481,2025-07-01,1899,682,262700.00,690.90,2020,SEMINUEVOS 
25042,3N6AD31A8SK826864,2025-07-01,1806,682,437168.76,255.50,2025,FLOTILLA 
25043,3N6AD35A3SK823462,2025-07-01,1681,682,436301.06,2401.84,2025,FLOTILLA 
25044,3N6AD35A0SK832944,2025-07-01,1331,682,436301.08,485.26,2025,NUEVO 
25045,3N6AD31A5RK860884,2025-07-01,1331,682,418746.90,3609.48,2024,NUEVO 
25046,3N6AD35A8SK832285,2025-07-01,1331,682,436301.08,1455.79,2025,NUEVO 
25047,3N6AD31A1RK842480,2025-07-01,1944,682,414406.18,2765.47,2024,NUEVO 
25048,3N6AD31A0RK860811,2025-07-01,1331,682,418746.90,3609.48,2024,NUEVO 
25049,3N6AD31AXSK832522,2025-07-01,1331,682,437168.77,1458.69,2025,NUEVO 
25050,3N6AD35A1RK861301,2025-07-01,1331,682,413537.75,2644.69,2024,FLOTILLA 
25051,3N6AD35A7SK817664,2025-07-01,1283,682,429187.74,752.51,2025,FLOTILLA 
25052,3N6AD35A1RK861301,2025-07-01,1331,682,413537.75,845.91,2024,NUEVO 
25053,3N6AD35A1RK861301,2025-07-01,1331,682,413537.75,120.84,2024,FLOTILLA 
25054,3N6AD31A8SK826864,2025-07-01,1806,682,437168.76,1022.00,2025,FLOTILLA 
25055,JN6BE6CS4N9067436,2025-08-01,,683,378400.00,296.86,2022,SEMINUEVOS 
25056,JN6BE6CS5N9067347,2025-08-01,,683,380200.00,789.15,2022,SEMINUEVOS 
25057,JN6BE6CS4L9060211,2025-08-01,,683,329500.00,683.92,2020,SEMINUEVOS 
25058,JN1BE6DS1L9036209,2025-08-01,,683,409100.00,495.01,2020,SEMINUEVOS 
25059,JN1BE6DSXL9039027,2025-08-01,,683,409100.00,495.01,2020,SEMINUEVOS 
25060,JN6BE6CS4N9067436,2025-08-01,,683,368900.00,1916.23,2022,SEMINUEVOS 
25061,JN1BE6DS4M9041115,2025-08-01,,683,409100.00,2125.05,2021,SEMINUEVOS 
25062,JN1BE6DS5L9035970,2025-08-01,,683,378100.00,1964.02,2020,SEMINUEVOS 
25063,JN1BE6DSXM9040423,2025-08-01,,683,409100.00,2125.05,2021,SEMINUEVOS 
25064,JN1BE6DS3L9036910,2025-08-01,,683,381700.00,349.89,2020,SEMINUEVOS 
25065,JN1BE6DSXL9039299,2025-08-01,,683,381700.00,1749.46,2020,SEMINUEVOS 
25066,JN1BE6DSXM9041393,2025-08-01,,683,413000.00,3741.32,2021,SEMINUEVOS 
25067,JN1BE6DSXL9037584,2025-08-01,,683,381700.00,446.16,2020,SEMINUEVOS 
25068,JN1BE6DS5L9036309,2025-08-01,,683,381700.00,3457.78,2020,SEMINUEVOS 
25069,JN1BE6DS3L9035756,2025-08-01,,683,381700.00,2788.53,2020,SEMINUEVOS 
25070,JN1BE6DS0L9036511,2025-08-01,,683,381700.00,600.28,2020,SEMINUEVOS 
25071,JN6BE6CS4N9067436,2025-07-01,1681,683,378400.00,1781.16,2022,SEMINUEVOS 
25072,JN6BE6CS5N9067347,2025-07-01,1889,683,380200.00,1724.44,2022,SEMINUEVOS 
25073,JN6BE6CS4L9060211,2025-07-01,1941,683,329500.00,1494.49,2020,SEMINUEVOS 
25074,JN1BE6DSXM9041393,2025-07-01,1921,683,413000.00,1086.19,2021,SEMINUEVOS 
25075,JN1BE6DSXL9037584,2025-07-01,1939,683,381700.00,1003.87,2020,SEMINUEVOS 
25076,JN1BE6DS5L9036309,2025-07-01,1681,683,381700.00,1003.87,2020,SEMINUEVOS 
25077,JN1BE6DS3L9035756,2025-07-01,1681,683,381700.00,1003.87,2020,SEMINUEVOS 
25078,JN1BE6DS0L9036511,2025-07-01,1681,683,381700.00,1003.87,2020,SEMINUEVOS 
25079,LSGEN53A4PD013169,2025-08-01,,684,229300.00,2173.96,2023,SEMINUEVOS 
25080,LSGEN53A5PD075924,2025-08-01,,684,188600.00,1625.68,2023,SEMINUEVOS 
25081,LSGEN53A1PD013999,2025-08-01,,684,229500.00,1332.38,2023,SEMINUEVOS 
25082,3G1MA5E5XNL219955,2025-08-01,,684,190700.00,58.27,2022,SEMINUEVOS 
25083,LSGEN53A8RD005692,2025-08-01,,684,256900.00,784.97,2024,SEMINUEVOS 
25084,LSGEN53A3PD044414,2025-08-01,,684,189300.00,1714.85,2023,SEMINUEVOS 
25085,LSGEN53A1PD085477,2025-08-01,,684,189300.00,1714.85,2023,SEMINUEVOS 
25086,LSGEN53A7PD004191,2025-08-01,,684,187600.00,1699.45,2023,SEMINUEVOS 
25087,LSGEN53A5PD075924,2025-07-01,1385,684,188600.00,1625.68,2023,SEMINUEVOS 
25088,LSGEN53A7PD004191,2025-07-01,1681,684,187600.00,438.57,2023,SEMINUEVOS 
25089,LSGEN53A4PD013169,2025-07-01,1681,684,229300.00,1753.19,2023,SEMINUEVOS 
25090,LSGEN53A3PD044414,2025-07-01,1681,684,189300.00,110.64,2023,SEMINUEVOS 
25091,LSGEN53A1PD085477,2025-07-01,1681,684,189300.00,442.54,2023,SEMINUEVOS 
25092,5N1DR3MN9RC256529,2025-08-01,,686,812000.00,7355.82,2024,SEMINUEVOS 
25093,5N1DR3MN8SC256849,2025-08-01,,686,1042253.26,579.61,2025,NUEVO 
25094,5N1DR3MN9RC256529,2025-07-01,1385,686,812000.00,2135.56,2024,SEMINUEVOS 
25095,RN74361820250703,2025-08-01,,691,120812.84,80.61,2025,REFACC 
25096,RN74361720250703,2025-08-01,,691,4085.80,2.73,2025,REFACC 
25097,RN74361620250703,2025-08-01,,691,4629.93,3.09,2025,REFACC 
25098,RN74304220250702,2025-08-01,,691,151751.58,202.50,2025,REFACC 
25099,RN74303620250702,2025-08-01,,691,164473.95,164.61,2025,REFACC 
25100,RN74303520250702,2025-08-01,,691,18501.00,18.52,2025,REFACC 
25101,RN74304420250702,2025-08-01,,691,74621.32,74.68,2025,REFACC 
25102,RN74303320250702,2025-08-01,,691,23711.88,23.73,2025,REFACC 
25103,RN74398820250704,2025-08-01,,691,11414.17,7.62,2025,REFACC 
25104,RN74454820250704,2025-08-01,,691,18126.81,6.05,2025,REFACC 
25105,RN74454720250704,2025-08-01,,691,25145.40,8.39,2025,REFACC 
25106,RN74456420250704,2025-08-01,,691,3627.00,1.21,2025,REFACC 
25107,RN74456320250704,2025-08-01,,691,4779.65,1.59,2025,REFACC 
25108,RN72189220250531,2025-07-01,1681,691,297288.25,101.57,2025,REFACC 
25109,RN72189120250531,2025-07-01,1681,691,13722.94,4.69,2025,REFACC 
25110,RN72188920250531,2025-07-01,1681,691,14993.03,5.12,2025,REFACC 
25111,RN73404420250619,2025-07-01,1681,691,8891.40,49.38,2025,REFACC 
25112,RN73395720250619,2025-07-01,1681,691,75252.82,417.90,2025,REFACC 
25113,RN73395620250619,2025-07-01,1681,691,3546.50,18.54,2025,REFACC 
25114,RN73400320250619,2025-07-01,1954,691,14780.26,82.08,2025,REFACC 
25115,RN73395320250619,2025-07-01,1954,691,70700.87,392.63,2025,REFACC 
25116,RN73396320250619,2025-07-01,1954,691,4334.18,24.07,2025,REFACC 
25117,RN72568320250606,2025-07-01,1681,691,58135.21,19.10,2025,REFACC 
25118,RN72564820250606,2025-07-01,1681,691,95203.17,31.28,2025,REFACC 
25119,RN72562520250606,2025-07-01,1681,691,181257.37,59.56,2025,REFACC 
25120,RN74014420250628,2025-07-01,1681,691,749387.71,244.80,2025,REFACC 
25121,3KPA24BC3NE455274,2025-08-01,,693,165200.00,1261.94,2022,SEMINUEVOS 
25122,3KPA34AC1NE480799,2025-07-01,1681,693,197400.00,384.22,2022,SEMINUEVOS 
25123,3N1AB8AE9PY212485,2025-08-01,,694,290000.00,645.09,2023,SEMINUEVOS 
25124,3N1AB8AE2SY363077,2025-08-01,,694,407219.81,3283.66,2025,NUEVO 
25125,3N1AB8AE9SY362119,2025-08-01,,694,372953.41,3007.35,2025,NUEVO 
25126,3N1AB8AE5SY361615,2025-08-01,,694,372953.41,2385.14,2025,NUEVO 
25127,3N1AB8AEXSY359102,2025-08-01,,694,407219.80,3534.67,2025,NUEVO 
25128,3N1AB8AE3SY355456,2025-08-01,,694,472259.85,4099.22,2025,NUEVO 
25129,3N1AB8AEXSY355731,2025-08-01,,694,426000.21,3697.68,2025,NUEVO 
25130,3N1AB8AE0SY354927,2025-08-01,,694,426000.20,3697.68,2025,NUEVO 
25131,3N1AB8AE9SY354358,2025-08-01,,694,391853.28,3401.29,2025,NUEVO 
25132,3N1AB8AE4SY351108,2025-08-01,,694,407219.80,3699.48,2025,NUEVO 
25133,3N1AB8AE9SY351329,2025-08-01,,694,407219.80,3699.48,2025,NUEVO 
25134,3N1AB8AE7SY348624,2025-08-01,,694,391853.28,3559.88,2025,NUEVO 
25135,3N1AB8AE1SY348618,2025-08-01,,694,372953.40,3388.18,2025,NUEVO 
25136,3N1AB8AE6SY335315,2025-08-01,,694,407219.81,2983.45,2025,NUEVO 
25137,3N1AB8AE3SY350287,2025-08-01,,694,372953.40,3388.18,2025,NUEVO 
25138,3N1AB8AE1SY349610,2025-08-01,,694,426000.20,3870.09,2025,NUEVO 
25139,3N1AB8AE1SY349977,2025-08-01,,694,372953.40,3388.18,2025,NUEVO 
25140,3N1AB8AE2SY334761,2025-08-01,,694,407219.80,3699.48,2025,NUEVO 
25141,3N1AB8AE6SY330874,2025-08-01,,694,391853.28,3559.88,2025,NUEVO 
25142,3N1AB8AE8SY334148,2025-08-01,,694,426000.20,3870.09,2025,NUEVO 
25143,3N1AB8AE9SY330755,2025-08-01,,694,391853.28,3559.88,2025,NUEVO 
25144,3N1AB8AEXSY328223,2025-08-01,,694,472259.84,4290.35,2025,NUEVO 
25145,3N1AB8AE3SY348068,2025-08-01,,694,426000.20,3870.09,2025,NUEVO 
25146,3N1AB8AE4SY343574,2025-08-01,,694,407219.80,3699.48,2025,NUEVO 
25147,3N1AB8AE1SY346299,2025-08-01,,694,426000.21,3870.09,2025,NUEVO 
25148,3N1AB8AE5SY342675,2025-08-01,,694,372953.40,3381.76,2025,NUEVO 
25149,3N1AB8AE2SY340866,2025-08-01,,694,407219.80,3692.47,2025,NUEVO 
25150,3N1AB8AE1SY319605,2025-08-01,,694,391853.29,3465.40,2025,NUEVO 
25151,3N1AB8AE8SY331377,2025-08-01,,694,391853.28,3553.13,2025,NUEVO 
25152,3N1AB8AE2PY234845,2025-08-01,,694,269900.00,692.97,2023,SEMINUEVOS 
25153,3N1AB8AE7SY326798,2025-08-01,,694,426000.21,3950.80,2025,NUEVO 
25154,3N1AB8AE3SY325650,2025-08-01,,694,372953.41,3458.83,2025,NUEVO 
25155,3N1AB8AE5SY318361,2025-08-01,,694,401075.66,3543.50,2025,NUEVO 
25156,3N1AB8AE9MY277252,2025-08-01,,694,230600.00,1172.79,2021,SEMINUEVOS 
25157,3N1AB8AE2SY313263,2025-08-01,,694,419856.06,3709.43,2025,NUEVO 
25158,3N1AB8AE9SY312983,2025-08-01,,694,401075.66,2402.78,2025,NUEVO 
25159,3N1AB8AE8RY328375,2025-08-01,,694,303500.00,43.25,2024,SEMINUEVOS 
25160,3N1AB8AE3SY303499,2025-08-01,,694,401055.66,3367.00,2025,NUEVO 
25161,3N1AB8AE8SY302297,2025-08-01,,694,401055.66,107.74,2025,NUEVO 
25162,3N1AB8AE3SY289958,2025-08-01,,694,385689.14,2842.48,2025,DEMO 
25163,3N1AB8AEXSY290105,2025-08-01,,694,419836.06,3660.29,2025,DEMO 
25164,3N1AB8AE8SY287042,2025-08-01,,694,419836.06,3449.63,2025,DEMO 
25165,3N1AB8AE7SY281426,2025-08-01,,694,401055.66,3899.04,2025,NUEVO 
25166,3N1AB8AE8SY246054,2025-08-01,,694,477832.58,2966.08,2025,DEMO 
25167,3N1AB8AE8SY239234,2025-08-01,,694,477832.58,3251.58,2025,DEMO 
25168,3N1AB8AE3SY289958,2025-07-01,1681,694,385689.14,120.96,2025,DEMO 
25169,3N1AB8AEXSY290105,2025-07-01,1524,694,419836.06,131.67,2025,DEMO 
25170,3N1AB8AE8SY287042,2025-07-01,1681,694,419836.06,131.67,2025,DEMO 
25171,3N1AB8AE7SY281426,2025-07-01,1331,694,401055.66,3899.04,2025,NUEVO 
25172,3N1AB8AE2SY250097,2025-07-01,1938,694,477832.58,1534.28,2025,NUEVO 
25173,3N1AB8AE8SY246054,2025-07-01,1681,694,477832.58,3790.87,2025,DEMO 
25174,3N1AB8AE8SY239234,2025-07-01,1524,694,477832.58,3790.87,2025,DEMO 
25175,3N1AB8AE4LY255061,2025-08-01,,694,210100.00,254.22,2020,SEMINUEVOS 
25176,3N1AB8AE7SY274346,2025-08-01,,694,416170.46,2161.77,2025,FLOTILLA 
25177,3N1AB8AE4SY269640,2025-08-01,,694,382024.70,1984.41,2025,FLOTILLA 
25178,3N1AB8AE6LY306785,2025-08-01,,694,228700.00,691.82,2020,SEMINUEVOS 
25179,3N1AB8AE7SY375919,2025-08-01,,694,426000.21,386.60,2025,FLOTILLA 
25180,3N1AB8AEXPY207019,2025-08-01,,694,250300.00,1300.17,2023,SEMINUEVOS 
25181,3N1AB8AE7SY268529,2025-08-01,,694,387000.00,2246.75,2025,SEMINUEVOS 
25182,3N1AB8AE4PY205511,2025-08-01,,694,275100.00,2185.52,2023,SEMINUEVOS 
25183,3N1AB8AE1PY205014,2025-08-01,,694,242300.00,1628.79,2023,SEMINUEVOS 
25184,3N1AB8AE3SY349236,2025-08-01,,694,426000.20,3236.65,2025,FLOTILLA 
25185,3N1AB8AE2SY349311,2025-08-01,,694,426000.20,995.89,2025,FLOTILLA 
25186,3N1AB8AE8SY375637,2025-08-01,,694,372953.40,326.96,2025,NUEVO 
25187,3N1AB8AE0SY374773,2025-08-01,,694,391853.28,343.52,2025,NUEVO 
25188,3N1AB8AE4SY370001,2025-08-01,,694,488168.08,427.96,2025,NUEVO 
25189,3N1AB8AE8SY375427,2025-08-01,,694,372953.41,342.18,2025,NUEVO 
25190,3N1AB8AE4SY373724,2025-08-01,,694,488168.09,75.70,2025,NUEVO 
25191,3N1AB8AE7SY369912,2025-08-01,,694,426000.21,912.00,2025,NUEVO 
25192,3N1AB8AE6MY283610,2025-08-01,,694,221500.00,906.18,2021,SEMINUEVOS 
25193,3N1AB8AE6NY266548,2025-08-01,,694,254400.00,2304.58,2022,SEMINUEVOS 
25194,3N1AB8AE9PY231800,2025-08-01,,694,251500.00,2010.37,2023,SEMINUEVOS 
25195,3N1AB8AE7SY274346,2025-08-01,,694,416170.46,1702.60,2025,FLOTILLA 
25196,3N1AB8AE4SY269640,2025-08-01,,694,382024.70,1562.91,2025,FLOTILLA 
25197,3N1AB8AE6RY228498,2025-08-01,,694,355900.00,50.38,2024,SEMINUEVOS 
25198,3N1AB8AE0SY369329,2025-08-01,,694,407219.80,1471.99,2025,NUEVO 
25199,3N1AB8AE9SY376053,2025-08-01,,694,426000.21,2214.85,2025,FLOTILLA 
25200,3N1AB7AD5HL691648,2025-08-01,,694,140200.00,1200.58,2017,SEMINUEVOS 
25201,3N1AB8AE4SY340769,2025-07-01,1681,694,372953.41,2295.22,2025,FLOTILLA 
25202,3N1AB8AE1SY319605,2025-07-01,1681,694,391853.29,3465.40,2025,NUEVO 
25203,3N1AB8AE0SY307557,2025-07-01,1877,694,391853.29,3266.36,2025,NUEVO 
25204,3N1AB8AE8SY331377,2025-07-01,1681,694,391853.28,3553.13,2025,NUEVO 
25205,3N1AB8AE2PY234845,2025-07-01,1681,694,269900.00,2367.64,2023,SEMINUEVOS 
25206,3N1AB8AE7SY326798,2025-07-01,1331,694,426000.21,3950.80,2025,NUEVO 
25207,3N1AB8AE3SY325650,2025-07-01,1331,694,372953.41,3458.83,2025,NUEVO 
25208,3N1AB8AE1SY319099,2025-07-01,1911,694,401075.66,3543.50,2025,NUEVO 
25209,3N1AB8AE6SY318448,2025-07-01,1681,694,419856.06,1877.83,2025,NUEVO 
25210,3N1AB8AE5SY318361,2025-07-01,1681,694,401075.66,3543.50,2025,NUEVO 
25211,3N1AB8AE9MY277252,2025-07-01,1385,694,230600.00,1724.70,2021,SEMINUEVOS 
25212,3N1AB8AE2SY313263,2025-07-01,1331,694,419856.06,3709.43,2025,NUEVO 
25213,3N1AB8AE9SY312983,2025-07-01,1331,694,401075.66,3546.96,2025,NUEVO 
25214,3N1AB8AE8RY328375,2025-07-01,1908,694,303500.00,1967.82,2024,SEMINUEVOS 
25215,3N1AB8AE1PY202369,2025-07-01,1681,694,280800.00,1170.72,2023,SEMINUEVOS 
25216,3N1AB8AE3SY303499,2025-07-01,1681,694,401055.66,3823.06,2025,NUEVO 
25217,3N1AB8AE8SY302297,2025-07-01,1681,694,401055.66,3823.06,2025,NUEVO 
25218,3N1AB8AE7SY274346,2025-07-01,1290,694,416170.46,1735.78,2025,FLOTILLA 
25219,3N1AB8AE4SY269640,2025-07-01,1290,694,382024.70,1593.36,2025,FLOTILLA 
25220,3N1AB8AE9SY354358,2025-07-01,1331,694,391853.28,1206.91,2025,NUEVO 
25221,3N1AB8AE4SY351108,2025-07-01,1681,694,407219.80,1312.72,2025,NUEVO 
25222,3N1AB8AE9SY351329,2025-07-01,1681,694,407219.80,1312.72,2025,NUEVO 
25223,3N1AB8AE7SY348624,2025-07-01,1681,694,391853.28,1263.18,2025,NUEVO 
25224,3N1AB8AE1SY348618,2025-07-01,1331,694,372953.40,1202.26,2025,NUEVO 
25225,3N1AB8AE6SY335315,2025-07-01,1331,694,407219.81,1312.72,2025,NUEVO 
25226,3N1AB8AE3SY350287,2025-07-01,1681,694,372953.40,1420.85,2025,NUEVO 
25227,3N1AB8AE1SY349610,2025-07-01,1331,694,426000.20,1498.10,2025,NUEVO 
25228,3N1AB8AE1SY349977,2025-07-01,1681,694,372953.40,1420.85,2025,NUEVO 
25229,3N1AB8AE2SY334761,2025-07-01,1681,694,407219.80,1551.39,2025,NUEVO 
25230,3N1AB8AE6SY330874,2025-07-01,1331,694,391853.28,1378.02,2025,NUEVO 
25231,3N1AB8AE6SY331894,2025-07-01,1681,694,372953.40,327.89,2025,NUEVO 
25232,3N1AB8AE4SY331358,2025-07-01,1681,694,372953.40,487.63,2025,NUEVO 
25233,3N1AB8AE8SY334148,2025-07-01,1681,694,426000.20,1622.94,2025,NUEVO 
25234,3N1AB8AE9SY330755,2025-07-01,1331,694,391853.28,1378.02,2025,NUEVO 
25235,3N1AB8AEXSY328223,2025-07-01,1331,694,472259.84,1660.78,2025,NUEVO 
25236,3N1AB8AE3SY348068,2025-07-01,1331,694,426000.20,2871.36,2025,NUEVO 
25237,3N1AB8AE4SY343574,2025-07-01,1331,694,407219.80,2744.77,2025,NUEVO 
25238,3N1AB8AE1SY346299,2025-07-01,1681,694,426000.21,2996.20,2025,NUEVO 
25239,3N1AB8AE5SY342675,2025-07-01,1681,694,372953.40,3054.49,2025,NUEVO 
25240,3N1AB8AE2SY340866,2025-07-01,1331,694,407219.80,3573.35,2025,NUEVO 
25241,3N1AB8AE6MY283610,2025-07-01,1681,694,221500.00,582.55,2021,SEMINUEVOS 
25242,3N1AB8AE6NY266548,2025-07-01,1681,694,254400.00,669.07,2022,SEMINUEVOS 
25243,3N1AB8AE9PY231800,2025-07-01,1681,694,251500.00,661.45,2023,SEMINUEVOS 
25244,3N1AB8AE7SY274346,2025-07-01,1290,694,416170.46,1945.83,2025,FLOTILLA 
25245,3N1AB8AE4SY269640,2025-07-01,1290,694,382024.70,1786.18,2025,FLOTILLA 
25246,3N1AB8AE6RY228498,2025-07-01,1951,694,355900.00,1560.03,2024,SEMINUEVOS 
25247,3N1AB7AD5HL691648,2025-07-01,1385,694,140200.00,986.19,2017,SEMINUEVOS 
25248,3N1AB8AE9PY212485,2025-07-01,1895,694,290000.00,2499.72,2023,SEMINUEVOS 
25249,3N1AB8AE5PY212645,2025-07-01,1928,694,290000.00,1290.18,2023,SEMINUEVOS 
25250,3N1AB8AEXSY355731,2025-07-01,1681,694,426000.21,238.56,2025,NUEVO 
25251,3N1AB8AE0SY354927,2025-07-01,1681,694,426000.20,477.12,2025,NUEVO 
25252,3N1AB8AE2SY349311,2025-07-01,1283,694,426000.20,499.37,2025,FLOTILLA 
25253,3N1AB8AE3SY349236,2025-07-01,1283,694,426000.20,499.37,2025,FLOTILLA 
25254,3N1AB8AE3SY349236,2025-07-01,1283,694,426000.20,746.92,2025,FLOTILLA 
25255,3N1AB8AE2SY349311,2025-07-01,1283,694,426000.20,746.92,2025,FLOTILLA 
25256,9FB5R2VD4PM475384,2025-07-01,1968,697,207300.00,1335.01,2023,SEMINUEVOS 
25257,LZWNNNGM7PC825388,2025-07-01,1681,699,191900.00,176.07,2023,SEMINUEVOS 
25258,JN6BE6CS7L9060218,2025-08-01,,701,324100.00,2793.65,2020,SEMINUEVOS 
25259,JN6BE6CS1N9067345,2025-08-01,,701,376400.00,3244.46,2022,SEMINUEVOS 
25260,JN6BE6CS2N9066821,2025-08-01,,701,380400.00,2414.56,2022,SEMINUEVOS 
25261,JN1BE6DS1M9040729,2025-08-01,,701,413000.00,3662.97,2021,SEMINUEVOS 
25262,JN1BE6DS9L9036409,2025-07-01,1681,701,388700.00,2387.59,2020,SEMINUEVOS 
25263,JN1BE6DS7L9036196,2025-07-01,1681,701,388700.00,1932.81,2020,SEMINUEVOS 
25264,JN6BE6CS2N9066821,2025-07-01,1681,701,380400.00,3282.72,2022,SEMINUEVOS 
25265,JN1BE6DS0R9105397,2025-07-01,1681,701,664744.87,2167.81,2024,NUEVO 
25266,JN6BE6CS7L9060218,2025-07-01,1681,701,324100.00,2793.65,2020,SEMINUEVOS 
25267,JN6BE6CS5L9060363,2025-07-01,1681,701,324100.00,991.30,2020,SEMINUEVOS 
25268,JN6BE6CS1N9067345,2025-07-01,1681,701,376400.00,3244.46,2022,SEMINUEVOS 
25269,JN1BE6DS1M9040729,2025-07-01,1681,701,413000.00,2905.11,2021,SEMINUEVOS 
25270,3N1CN7AE3SK402997,2025-08-01,,702,273956.68,2361.43,2025,NUEVO 
25271,3N1CN7AE5SK402905,2025-08-01,,702,273956.68,2361.43,2025,NUEVO 
25272,3N1CN7AE1SK402044,2025-08-01,,702,273956.69,1523.50,2025,NUEVO 
25273,3N1CN7AE0SK401483,2025-08-01,,702,273956.69,2361.43,2025,NUEVO 
25274,3N1CN7AE9SK401546,2025-08-01,,702,273956.69,76.18,2025,NUEVO 
25275,3N1CN7AE6SK401584,2025-08-01,,702,273956.69,76.18,2025,NUEVO 
25276,3N1CN7AE6SK401424,2025-08-01,,702,273956.69,76.18,2025,NUEVO 
25277,3N1CN7AE5SK401480,2025-08-01,,702,273956.69,76.18,2025,NUEVO 
25278,3N1CN7AE2SK401257,2025-08-01,,702,273956.69,2361.43,2025,NUEVO 
25279,3N1CN7AE0SK401161,2025-08-01,,702,273956.69,2361.43,2025,NUEVO 
25280,3N1CN7AE3SK400747,2025-08-01,,702,273956.69,306.83,2025,NUEVO 
25281,3N1CN7AE8SK400873,2025-08-01,,702,273956.69,18.92,2025,NUEVO 
25282,3N1CN7AE0SK400334,2025-08-01,,702,273956.68,76.71,2025,NUEVO 
25283,3N1CN7AEXSK400339,2025-08-01,,702,273956.68,76.71,2025,NUEVO 
25284,3N1CN7AE9SK400204,2025-08-01,,702,273956.68,306.83,2025,NUEVO 
25285,3N1CN7AE7SK400282,2025-08-01,,702,273956.68,306.83,2025,NUEVO 
25286,3N1CN7AE4SK399110,2025-08-01,,702,273956.68,883.13,2025,NUEVO 
25287,3N1CN7AE8SK399093,2025-08-01,,702,273956.69,883.13,2025,NUEVO 
25288,3N1CN7AE6SK399271,2025-08-01,,702,273956.69,321.14,2025,NUEVO 
25289,3N1CN7AE6SK399142,2025-08-01,,702,273956.68,1922.88,2025,NUEVO 
25290,3N1CN7AE0SK399184,2025-08-01,,702,273956.69,2488.82,2025,NUEVO 
25291,3N1CN7AE1SK399064,2025-08-01,,702,273956.69,2488.82,2025,NUEVO 
25292,3N1CN7AE3NL700285,2025-08-01,,702,166300.00,201.22,2022,SEMINUEVOS 
25293,3N1CN7AE8RK393935,2025-08-01,,702,199300.00,60.29,2024,SEMINUEVOS 
25294,3N1CN7AE5SK403181,2025-08-01,,702,273956.69,669.67,2025,FLOTILLA 
25295,3N1CN7AE8NL704929,2025-08-01,,702,165400.00,202.16,2022,SEMINUEVOS 
25296,3N1CN7AE9SK404396,2025-08-01,,702,273956.69,1120.79,2025,NUEVO 
25297,3N1CN7AE8SK400484,2025-08-01,,702,273956.68,1441.01,2025,NUEVO 
25298,3N1CN7AE0SK404402,2025-08-01,,702,273956.69,1591.92,2025,NUEVO 
25299,3N1CN7AE2SK403560,2025-08-01,,702,273956.69,1129.69,2025,NUEVO 
25300,3N1CN7AE2SK403185,2025-08-01,,702,273956.69,1508.13,2025,NUEVO 
25301,3N1CN7AEXSK397040,2025-08-01,,702,273956.68,320.22,2025,FLOTILLA 
25302,3N1CN7AE9SK403118,2025-08-01,,702,273956.68,2094.63,2025,NUEVO 
25303,3N1CN7AE5SK403780,2025-08-01,,702,273956.69,2262.20,2025,NUEVO 
25304,3N1CN7AE5SK403181,2025-08-01,,702,273956.69,754.07,2025,NUEVO 
25305,3N1CN7AE2SK398327,2025-07-01,1962,702,273956.68,160.26,2025,NUEVO 
25306,3N1CN7AE0SK397449,2025-07-01,1681,702,273956.68,80.13,2025,NUEVO 
25307,3N1CN7AE8SK394881,2025-07-01,1970,702,272894.50,1859.02,2025,NUEVO 
25308,3N1CN7AE0SK400334,2025-07-01,1681,702,273956.68,1994.40,2025,NUEVO 
25309,3N1CN7AEXSK400339,2025-07-01,1681,702,273956.68,2301.24,2025,NUEVO 
25310,3N1CN7AE9SK400204,2025-07-01,1331,702,273956.68,2301.24,2025,NUEVO 
25311,3N1CN7AE7SK400282,2025-07-01,1331,702,273956.68,2301.24,2025,NUEVO 
25312,3N1CN7AEXSK397040,2025-07-01,1806,702,273956.68,1685.98,2025,NUEVO 
25313,3N1CN7AE4SK399110,2025-07-01,1331,702,273956.68,2488.82,2025,NUEVO 
25314,3N1CN7AE8SK399093,2025-07-01,1681,702,273956.69,2488.82,2025,NUEVO 
25315,3N1CN7AE6SK399271,2025-07-01,1331,702,273956.69,2488.82,2025,NUEVO 
25316,3N1CN7AE6SK399142,2025-07-01,1681,702,273956.68,2488.82,2025,NUEVO 
25317,3N1CN7AE9SK399166,2025-07-01,1874,702,273956.68,2007.11,2025,NUEVO 
25318,3N1CN7AE9SK399099,2025-07-01,1903,702,273956.69,80.28,2025,NUEVO 
25319,3N1CN7AE5SK398046,2025-07-01,1681,702,273956.68,80.13,2025,NUEVO 
25320,3N1CN7AE9SK397983,2025-07-01,1681,702,273956.68,80.13,2025,NUEVO 
25321,3N1CN7AEXSK397717,2025-07-01,1681,702,273956.68,80.13,2025,NUEVO 
25322,3N1CN7AE0SK399184,2025-07-01,1331,702,273956.69,2488.82,2025,NUEVO 
25323,3N1CN7AE1SK399064,2025-07-01,1761,702,273956.69,2488.82,2025,NUEVO 
25324,3N1CN7AE0SK397838,2025-07-01,1681,702,273956.68,80.13,2025,NUEVO 
25325,3N1CN7AE1SK397914,2025-07-01,1681,702,273956.68,80.13,2025,NUEVO 
25326,3N1CN7AEXSK397040,2025-07-01,1806,702,273956.68,800.56,2025,FLOTILLA 
25327,3N1CN7AE3SK402997,2025-07-01,1331,702,273956.68,304.70,2025,NUEVO 
25328,3N1CN7AE5SK402905,2025-07-01,1331,702,273956.68,380.88,2025,NUEVO 
25329,3N1CN7AE1SK402044,2025-07-01,1331,702,273956.69,990.28,2025,NUEVO 
25330,3N1CN7AE0SK401483,2025-07-01,1681,702,273956.69,761.75,2025,NUEVO 
25331,3N1CN7AE9SK401546,2025-07-01,1681,702,273956.69,1142.63,2025,NUEVO 
25332,3N1CN7AE6SK401584,2025-07-01,1681,702,273956.69,1142.63,2025,NUEVO 
25333,3N1CN7AE6SK401424,2025-07-01,1681,702,273956.69,1142.63,2025,NUEVO 
25334,3N1CN7AE5SK401480,2025-07-01,1681,702,273956.69,1142.63,2025,NUEVO 
25335,3N1CN7AE2SK401257,2025-07-01,1331,702,273956.69,1294.98,2025,NUEVO 
25336,3N1CN7AE0SK401161,2025-07-01,1331,702,273956.69,1294.98,2025,NUEVO 
25337,3N1CN7AEXSK400776,2025-07-01,1681,702,273956.69,76.71,2025,NUEVO 
25338,3N1CN7AE3SK400747,2025-07-01,1331,702,273956.69,1457.45,2025,NUEVO 
25339,3N1CN7AE8SK400873,2025-07-01,1980,702,273956.69,1380.74,2025,NUEVO 
25340,MEX5B2602MT131266,2025-08-01,,703,154800.00,1467.63,2021,SEMINUEVOS 
25341,MEX5B2600NT020233,2025-08-01,,703,168400.00,203.76,2022,SEMINUEVOS 
25342,MEX5A2604MT151084,2025-08-01,,703,153500.00,278.60,2021,SEMINUEVOS 
25343,MEX5B2602MT131266,2025-07-01,1681,703,154800.00,1183.58,2021,SEMINUEVOS 
25344,3N1CN8AE4SL869488,2025-08-01,,704,405743.12,3271.75,2025,NUEVO 
25345,3N1CN8AE8SL869445,2025-08-01,,704,391773.24,3159.11,2025,NUEVO 
25346,3N1CN8AE8SK622299,2025-08-01,,704,328550.93,2832.02,2025,NUEVO 
25347,3N1CN8AE5SK620820,2025-08-01,,704,328550.93,1965.12,2025,NUEVO 
25348,3N1CN8AE9SK621646,2025-08-01,,704,361666.61,3117.47,2025,NUEVO 
25349,3N1CN8AE9SL865758,2025-08-01,,704,405743.12,3521.85,2025,NUEVO 
25350,3N1CN8AE2SK622489,2025-08-01,,704,376740.81,1571.32,2025,NUEVO 
25351,3N1CN8AE0SK621860,2025-08-01,,704,376740.81,3247.40,2025,NUEVO 
25352,3N1CN8AE4SK621991,2025-08-01,,704,328550.93,1918.46,2025,NUEVO 
25353,3N1CN8AE2SK619852,2025-08-01,,704,343766.65,2963.17,2025,NUEVO 
25354,3N1CN8AE1SK620541,2025-08-01,,704,376740.81,3247.40,2025,NUEVO 
25355,3N1CN8AE1SK619857,2025-08-01,,704,343766.65,2983.89,2025,NUEVO 
25356,3N1CN8AE1SK620006,2025-08-01,,704,391773.25,3400.59,2025,NUEVO 
25357,3N1CN8AE3SK619987,2025-08-01,,704,361666.61,3139.27,2025,NUEVO 
25358,3N1CN8AE4SK619531,2025-08-01,,704,343766.65,2983.89,2025,NUEVO 
25359,3N1CN8AE6SK619532,2025-08-01,,704,343766.65,2983.89,2025,NUEVO 
25360,3N1CN8AE7SK618602,2025-08-01,,704,343766.64,2983.89,2025,NUEVO 
25361,3N1CN8AE6SK618915,2025-08-01,,704,361666.60,3139.27,2025,NUEVO 
25362,3N1CN8AE2SK618362,2025-08-01,,704,361666.60,3285.64,2025,NUEVO 
25363,3N1CN8AE4SK613454,2025-08-01,,704,376740.80,3422.59,2025,NUEVO 
25364,3N1CN8AE1SK618370,2025-08-01,,704,343766.64,3123.02,2025,NUEVO 
25365,3N1CN8AE9SK617628,2025-08-01,,704,343766.64,3123.02,2025,NUEVO 
25366,3N1CN8AE7SK618213,2025-08-01,,704,361666.60,3285.64,2025,NUEVO 
25367,3N1CN8AE8SK612422,2025-08-01,,704,328550.92,2984.79,2025,NUEVO 
25368,3N1CN8AE8SL861376,2025-08-01,,704,361666.60,3285.64,2025,NUEVO 
25369,3N1CN8AE9SK617614,2025-08-01,,704,328550.92,91.92,2025,NUEVO 
25370,3N1CN8AEXSL857524,2025-08-01,,704,405743.12,3679.08,2025,NUEVO 
25371,3N1CN8AE4SK618525,2025-08-01,,704,328550.92,2407.09,2025,NUEVO 
25372,3N1CN8AE5SK617819,2025-08-01,,704,343766.64,3123.02,2025,NUEVO 
25373,3N1CN8AE6SK617876,2025-08-01,,704,343766.64,3123.02,2025,NUEVO 
25374,3N1CN8AE5SK617254,2025-08-01,,704,343766.64,3123.02,2025,NUEVO 
25375,3N1CN8AE6SK617053,2025-08-01,,704,343766.64,3123.02,2025,NUEVO 
25376,3N1CN8AE4SK617486,2025-08-01,,704,343766.64,3123.02,2025,NUEVO 
25377,3N1CN8AE4SK611039,2025-08-01,,704,343766.64,41.48,2025,NUEVO 
25378,3N1CN8AE7SK613013,2025-08-01,,704,328550.92,2984.79,2025,NUEVO 
25379,3N1CN8AE5SK611261,2025-08-01,,704,343766.64,3123.02,2025,NUEVO 
25380,3N1CN8AE4SK617746,2025-08-01,,704,328550.93,2984.79,2025,NUEVO 
25381,3N1CN8AE3SK617785,2025-08-01,,704,328550.92,2984.79,2025,NUEVO 
25382,3N1CN8AE6SK617554,2025-08-01,,704,328550.93,2984.79,2025,NUEVO 
25383,3N1CN8AE6SK617408,2025-08-01,,704,376740.81,3422.59,2025,NUEVO 
25384,3N1CN8AE6SK614895,2025-08-01,,704,376740.81,3422.59,2025,NUEVO 
25385,3N1CN8AE1SK618191,2025-08-01,,704,328550.92,2984.79,2025,NUEVO 
25386,3N1CN8AE2SK618300,2025-08-01,,704,343766.64,3123.02,2025,NUEVO 
25387,3N1CN8AE2SK612108,2025-08-01,,704,328550.92,2984.79,2025,NUEVO 
25388,3N1CN8AE3SK613087,2025-08-01,,704,361666.60,3073.66,2025,NUEVO 
25389,3N1CN8AE2SK612836,2025-08-01,,704,343766.64,3123.02,2025,NUEVO 
25390,3N1CN8AE0SK611247,2025-08-01,,704,343766.64,3123.02,2025,NUEVO 
25391,3N1CN8AE3SK612702,2025-08-01,,704,328550.92,2984.79,2025,NUEVO 
25392,3N1CN8AE0SK612463,2025-08-01,,704,376740.80,3422.59,2025,NUEVO 
25393,3N1CN8AE1SK616523,2025-08-01,,704,328550.93,2984.79,2025,NUEVO 
25394,3N1CN8AE2SL858893,2025-08-01,,704,391773.25,3559.15,2025,NUEVO 
25395,3N1CN8AE2SK615784,2025-08-01,,704,376740.80,1741.97,2025,NUEVO 
25396,3N1CN8AE1SK615727,2025-08-01,,704,343766.64,3117.10,2025,NUEVO 
25397,3N1CN8AE1SK609295,2025-08-01,,704,343766.64,2212.14,2025,NUEVO 
25398,3N1CN8AE1ML919024,2025-08-01,,704,193300.00,1677.84,2021,SEMINUEVOS 
25399,3N1CN8AE7SK612301,2025-08-01,,704,343766.64,3117.10,2025,NUEVO 
25400,3N1CN8AE7SK614226,2025-08-01,,704,343766.64,3117.10,2025,NUEVO 
25401,3N1CN8AE0SL858259,2025-08-01,,704,391773.24,3552.40,2025,NUEVO 
25402,3N1CN8AE2SK613971,2025-08-01,,704,376740.80,1233.91,2025,NUEVO 
25403,3N1CN8AE2SK613663,2025-08-01,,704,376740.81,3331.75,2025,NUEVO 
25404,3N1CN8AE5SK613155,2025-08-01,,704,328550.93,2905.58,2025,NUEVO 
25405,3N1CN8AE4SK612966,2025-08-01,,704,361666.60,1444.46,2025,NUEVO 
25406,3N1CN8AE2SK612819,2025-08-01,,704,343766.64,3040.14,2025,NUEVO 
25407,3N1CN8AE3SK614093,2025-08-01,,704,361666.60,1481.02,2025,NUEVO 
25408,3N1CN8AE5SK613673,2025-08-01,,704,376740.81,3331.75,2025,NUEVO 
25409,3N1CN8AE5SK613186,2025-08-01,,704,391773.25,3464.69,2025,NUEVO 
25410,3N1CN8AE4SK613129,2025-08-01,,704,391773.25,3464.69,2025,NUEVO 
25411,3N1CN8AE0SK613015,2025-08-01,,704,376740.81,3331.75,2025,NUEVO 
25412,3N1CN8AE7SK613156,2025-08-01,,704,328550.93,2905.58,2025,NUEVO 
25413,3N1CN8AE3SK612988,2025-08-01,,704,328550.93,93.73,2025,NUEVO 
25414,3N1CN8AE1SL852275,2025-08-01,,704,391773.25,3164.55,2025,NUEVO 
25415,3N1CN8AEXSK610235,2025-08-01,,704,361666.61,3227.35,2025,NUEVO 
25416,3N1CN8AE9SL851827,2025-08-01,,704,398592.10,3521.56,2025,NUEVO 
25417,3N1CN8AE4SK610165,2025-08-01,,704,391773.25,3633.37,2025,NUEVO 
25418,3N1CN8AE8SK609102,2025-08-01,,704,321224.74,549.29,2025,NUEVO 
25419,3N1CN8AE8SK608869,2025-08-01,,704,321224.74,2838.02,2025,NUEVO 
25420,3N1CN8AE8SL850622,2025-08-01,,704,398592.10,3521.56,2025,NUEVO 
25421,3N1CN8AE9SK608704,2025-08-01,,704,384550.30,3397.50,2025,NUEVO 
25422,3N1CN8AE8SK608029,2025-08-01,,704,321224.74,2838.02,2025,NUEVO 
25423,3N1CN8AE7SK607020,2025-08-01,,704,336440.46,2972.45,2025,NUEVO 
25424,3N1CN8AE6SK607753,2025-08-01,,704,384550.30,1095.97,2025,NUEVO 
25425,3N1CN8AE7SK606790,2025-08-01,,704,336440.46,2397.14,2025,NUEVO 
25426,3N1CN8AE5SK604276,2025-08-01,,704,336440.46,2972.45,2025,NUEVO 
25427,3N1CN8AE1SK608891,2025-08-01,,704,355235.94,101.24,2025,NUEVO 
25428,3N1CN8AE2SL850552,2025-08-01,,704,398592.10,3521.56,2025,NUEVO 
25429,3N1CN8AE1SL849974,2025-08-01,,704,384550.30,3397.50,2025,NUEVO 
25430,3N1CN8AE0SK608820,2025-08-01,,704,321224.74,2838.02,2025,NUEVO 
25431,3N1CN8AE0SK608784,2025-08-01,,704,369485.38,3264.40,2025,NUEVO 
25432,3N1CN8AE0SK608848,2025-08-01,,704,321224.74,2838.02,2025,NUEVO 
25433,3N1CN8AE0SK605500,2025-08-01,,704,369485.38,2668.71,2025,NUEVO 
25434,3N1CN8AE4SK605242,2025-08-01,,704,369485.38,2349.17,2025,NUEVO 
25435,3N1CN8AE6SK605467,2025-08-01,,704,369485.38,3267.59,2025,NUEVO 
25436,3N1CN8AE7SK604862,2025-08-01,,704,369485.38,3267.59,2025,NUEVO 
25437,3N1CN8AE4SK603667,2025-08-01,,704,321204.74,3061.88,2025,NUEVO 
25438,3N1CN8AE9SL841153,2025-08-01,,704,398572.10,3011.33,2025,NUEVO 
25439,3N1CN8AE9SK599941,2025-08-01,,704,369465.38,3009.91,2025,NUEVO 
25440,3N1CN8AE3SL841410,2025-08-01,,704,398572.10,3871.46,2025,NUEVO 
25441,3N1CN8AE3SK597313,2025-08-01,,704,321204.74,3122.73,2025,NUEVO 
25442,3N1CN8AE8SK598182,2025-07-01,1681,704,336420.46,1477.07,2025,NUEVO 
25443,3N1CN8AE3SK597313,2025-07-01,1331,704,321204.74,3122.73,2025,NUEVO 
25444,3N1CN8AE3RK610670,2025-07-01,1681,704,315836.26,78.51,2024,NUEVO 
25445,3N1CN7AD7KK415193,2025-08-01,,704,116100.00,140.48,2019,SEMINUEVOS 
25446,3N1CN8AE7SK603159,2025-08-01,,704,369485.38,903.19,2025,FLOTILLA 
25447,3N1CN8AE3SK604003,2025-08-01,,704,369485.38,1354.78,2025,FLOTILLA 
25448,3N1CN8AE6NL856181,2025-08-01,,704,218800.00,1136.54,2022,SEMINUEVOS 
25449,3N1CN8AE8RL835323,2025-08-01,,704,290000.00,1506.39,2024,SEMINUEVOS 
25450,3N1CN8AE5MK858296,2025-08-01,,704,176600.00,215.84,2021,SEMINUEVOS 
25451,3N1CN8AE6SK624374,2025-08-01,,704,343766.64,735.28,2025,FLOTILLA 
25452,3N1CN8AE6SK624391,2025-08-01,,704,343766.64,735.28,2025,FLOTILLA 
25453,3N1CN8AE8SK624392,2025-08-01,,704,343766.64,735.28,2025,FLOTILLA 
25454,3N1CN8AE0SK624371,2025-08-01,,704,343766.64,735.28,2025,FLOTILLA 
25455,3N1CN8AE1SK624377,2025-08-01,,704,343766.64,735.28,2025,FLOTILLA 
25456,3N1CN8AE5SK624284,2025-08-01,,704,343766.64,735.28,2025,FLOTILLA 
25457,3N1CN8AE0SK624127,2025-08-01,,704,343766.64,735.28,2025,FLOTILLA 
25458,3N1CN8AE1SK624122,2025-08-01,,704,343766.64,735.28,2025,FLOTILLA 
25459,3N1CN8AE6SK624147,2025-08-01,,704,343766.64,735.28,2025,FLOTILLA 
25460,3N1CN8AE8SK624361,2025-08-01,,704,343766.64,735.28,2025,FLOTILLA 
25461,3N1CN8AE3SK624137,2025-08-01,,704,343766.64,735.28,2025,FLOTILLA 
25462,3N1CN8AE8SK624196,2025-08-01,,704,343766.64,735.28,2025,FLOTILLA 
25463,3N1CN8AE3SK624283,2025-08-01,,704,343766.64,735.28,2025,FLOTILLA 
25464,3N1CN8AE9SK624174,2025-08-01,,704,343766.64,735.28,2025,FLOTILLA 
25465,3N1CN8AE0SK591601,2025-08-01,,704,355215.94,3364.68,2025,FLOTILLA 
25466,3N1CN8AE9SK613692,2025-08-01,,704,343766.64,803.65,2025,FLOTILLA 
25467,3N1CN8AE0SK613791,2025-08-01,,704,343766.64,2611.86,2025,FLOTILLA 
25468,3N1CN8AE4SK617536,2025-08-01,,704,328550.93,2976.31,2025,NUEVO 
25469,3N1CN8AE6ML817265,2025-08-01,,704,198100.00,289.45,2021,SEMINUEVOS 
25470,3N1CN8AE2RK615908,2025-08-01,,704,331050.82,2998.95,2024,NUEVO 
25471,3N1CN8AE6SK610068,2025-08-01,,704,328550.93,768.08,2025,FLOTILLA 
25472,3N1CN8AE1SK610169,2025-08-01,,704,328550.93,768.08,2025,FLOTILLA 
25473,3N1CN8AE3SK604003,2025-08-01,,704,369485.38,1511.61,2025,FLOTILLA 
25474,3N1CN8AE7SK603159,2025-08-01,,704,369485.38,1511.61,2025,FLOTILLA 
25475,3N1CN8AE1SK623407,2025-08-01,,704,376740.80,3037.89,2025,NUEVO 
25476,3N1CN8AE0SK618358,2025-08-01,,704,343766.65,2102.90,2025,NUEVO 
25477,3N1CN8AE9SL869521,2025-08-01,,704,405743.12,2820.48,2025,NUEVO 
25478,3N1CN8AE2RK615908,2025-07-01,1331,704,331050.82,92.69,2024,FLOTILLA 
25479,3N1CN8AE0SK591601,2025-07-01,1331,704,355215.94,99.46,2025,FLOTILLA 
25480,3N1CN8AE4PL840841,2025-07-01,1681,704,223600.00,51.40,2023,SEMINUEVOS 
25481,3N1CN8AE7SK612301,2025-07-01,1331,704,343766.64,3117.10,2025,NUEVO 
25482,3N1CN8AE7SK614226,2025-07-01,1331,704,343766.64,3117.10,2025,NUEVO 
25483,3N1CN8AE6SK609986,2025-07-01,1283,704,328550.93,374.91,2025,FLOTILLA 
25484,3N1CN8AE0SL858259,2025-07-01,1681,704,391773.24,3552.40,2025,NUEVO 
25485,3N1CN8AE1SL857587,2025-07-01,1905,704,361666.60,1718.85,2025,NUEVO 
25486,3N1CN8AE2SK613971,2025-07-01,1331,704,376740.80,3416.10,2025,NUEVO 
25487,3N1CN8AE2SK613663,2025-07-01,1331,704,376740.81,3331.75,2025,NUEVO 
25488,3N1CN8AE5SK613155,2025-07-01,1331,704,328550.93,2905.58,2025,NUEVO 
25489,3N1CN8AE4SK612966,2025-07-01,1681,704,361666.60,3198.44,2025,NUEVO 
25490,3N1CN8AE2SK612819,2025-07-01,1331,704,343766.64,3040.14,2025,NUEVO 
25491,3N1CN8AE3SK614093,2025-07-01,1681,704,361666.60,3279.41,2025,NUEVO 
25492,3N1CN8AE5RL868179,2025-07-01,1961,704,299700.00,613.64,2024,SEMINUEVOS 
25493,3N1CN8AE5SK613673,2025-07-01,1681,704,376740.81,3331.75,2025,NUEVO 
25494,3N1CN8AE0SK613113,2025-07-01,1681,704,376740.81,395.26,2025,NUEVO 
25495,3N1CN8AE5SK613186,2025-07-01,1331,704,391773.25,3464.69,2025,NUEVO 
25496,3N1CN8AE4SK613129,2025-07-01,1331,704,391773.25,3464.69,2025,NUEVO 
25497,3N1CN8AE0SK613015,2025-07-01,1681,704,376740.81,3331.75,2025,NUEVO 
25498,3N1CN8AE9SK613076,2025-07-01,1681,704,376740.81,2350.93,2025,NUEVO 
25499,3N1CN8AE8SK613070,2025-07-01,1922,704,376740.81,3331.75,2025,NUEVO 
25500,3N1CN8AE7SK613156,2025-07-01,1681,704,328550.93,2905.58,2025,NUEVO 
25501,3N1CN8AE3SK612988,2025-07-01,1960,704,328550.93,2905.58,2025,NUEVO 
25502,3N1CN8AE2SK613114,2025-07-01,1975,704,328550.93,779.58,2025,NUEVO 
25503,3N1CN8AE3SK613302,2025-07-01,1956,704,328550.93,2069.07,2025,NUEVO 
25504,3N1CN8AE1SK610026,2025-07-01,1283,704,328550.92,937.28,2025,FLOTILLA 
25505,3N1CN8AE1SL852275,2025-07-01,1331,704,391773.25,3633.37,2025,NUEVO 
25506,3N1CN8AEXSK610235,2025-07-01,1681,704,361666.61,3354.16,2025,NUEVO 
25507,3N1CN8AE8SK610296,2025-07-01,1681,704,328550.93,1517.36,2025,NUEVO 
25508,3N1CN8AE9SK610095,2025-07-01,1681,704,376740.81,399.55,2025,NUEVO 
25509,3N1CN8AE9SL851827,2025-07-01,1681,704,398592.10,3521.56,2025,NUEVO 
25510,3N1CN8AE4SK610165,2025-07-01,1331,704,391773.25,3633.37,2025,NUEVO 
25511,3N1CN8AE2SK609242,2025-07-01,1981,704,321224.74,662.45,2025,NUEVO 
25512,3N1CN8AE8SK609102,2025-07-01,1681,704,321224.74,2838.02,2025,NUEVO 
25513,3N1CN8AE8SK608869,2025-07-01,1681,704,321224.74,2838.02,2025,NUEVO 
25514,3N1CN8AE8SL850622,2025-07-01,1681,704,398592.10,3521.56,2025,NUEVO 
25515,3N1CN8AE9SK608704,2025-07-01,1331,704,384550.30,3397.50,2025,NUEVO 
25516,3N1CN8AE8SK608029,2025-07-01,1331,704,321224.74,2838.02,2025,NUEVO 
25517,3N1CN8AE7SK607020,2025-07-01,1681,704,336440.46,2972.45,2025,NUEVO 
25518,3N1CN8AE6SK607753,2025-07-01,1331,704,384550.30,3397.50,2025,NUEVO 
25519,3N1CN8AE6SK607428,2025-07-01,1681,704,336440.46,2339.70,2025,NUEVO 
25520,3N1CN8AE4SK607007,2025-07-01,1879,704,355235.94,1619.88,2025,NUEVO 
25521,3N1CN8AE5SK606707,2025-07-01,1940,704,321224.74,1379.18,2025,NUEVO 
25522,3N1CN8AE7SK606790,2025-07-01,1331,704,336440.46,2972.45,2025,NUEVO 
25523,3N1CN8AE5SK604276,2025-07-01,1681,704,336440.46,2972.45,2025,NUEVO 
25524,3N1CN8AE1SK608891,2025-07-01,1971,704,355235.94,3138.51,2025,NUEVO 
25525,3N1CN8AE2SL850552,2025-07-01,1331,704,398592.10,3521.56,2025,NUEVO 
25526,3N1CN8AE1SL849974,2025-07-01,1681,704,384550.30,3397.50,2025,NUEVO 
25527,3N1CN8AE0SK608820,2025-07-01,1331,704,321224.74,2838.02,2025,NUEVO 
25528,3N1CN8AE0SK608784,2025-07-01,1331,704,369485.38,3264.40,2025,NUEVO 
25529,3N1CN8AE0SK608848,2025-07-01,1681,704,321224.74,2838.02,2025,NUEVO 
25530,3N1CN8AE0SK605500,2025-07-01,1331,704,369485.38,3267.59,2025,NUEVO 
25531,3N1CN8AE2SK605482,2025-07-01,1681,704,369485.38,2042.62,2025,NUEVO 
25532,3N1CN8AE4SK605242,2025-07-01,1681,704,369485.38,3267.59,2025,NUEVO 
25533,3N1CN8AE6SK605467,2025-07-01,1681,704,369485.38,3267.59,2025,NUEVO 
25534,3N1CN8AE3SK603384,2025-07-01,1681,704,369485.38,868.49,2025,NUEVO 
25535,3N1CN8AE7SK604862,2025-07-01,1681,704,369485.38,3267.59,2025,NUEVO 
25536,3N1CN8AE4SK603667,2025-07-01,1681,704,321204.74,3061.88,2025,NUEVO 
25537,3N1CN8AE9SK604006,2025-07-01,1681,704,384530.30,1182.43,2025,NUEVO 
25538,3N1CN8AE9SL841153,2025-07-01,1681,704,398572.10,3799.39,2025,NUEVO 
25539,3N1CN8AE9SK600358,2025-07-01,1947,704,336420.46,2213.65,2025,NUEVO 
25540,3N1CN8AE9SK599941,2025-07-01,1885,704,369465.38,3588.74,2025,NUEVO 
25541,3N1CN8AE3SL841410,2025-07-01,1331,704,398572.10,3871.46,2025,NUEVO 
25542,3N1CN8AE3SK604230,2025-07-01,1884,704,369465.38,113.61,2025,NUEVO 
25543,3N1CN8AE0SK610003,2025-07-01,1283,704,328550.93,913.55,2025,FLOTILLA 
25544,3N1CN8AE0SK609918,2025-07-01,1283,704,328550.93,913.55,2025,FLOTILLA 
25545,3N1CN8AE7SK603159,2025-07-01,1283,704,369485.38,1541.06,2025,FLOTILLA 
25546,3N1CN8AE3SK604003,2025-07-01,1283,704,369485.38,1541.06,2025,FLOTILLA 
25547,3N1CN8AE0SK603178,2025-07-01,1283,704,369485.38,1027.37,2025,FLOTILLA 
25548,3N1CN8AE1SK620006,2025-07-01,1681,704,391773.25,1864.84,2025,NUEVO 
25549,3N1CN8AE3SK619987,2025-07-01,1681,704,361666.61,1721.53,2025,NUEVO 
25550,3N1CN8AE4SK619531,2025-07-01,1681,704,343766.65,1925.09,2025,NUEVO 
25551,3N1CN8AE6SK619532,2025-07-01,1331,704,343766.65,1828.84,2025,NUEVO 
25552,3N1CN8AE7SK618602,2025-07-01,1681,704,343766.64,2021.35,2025,NUEVO 
25553,3N1CN8AE4SK617536,2025-07-01,1331,704,328550.93,1540.54,2025,FLOTILLA 
25554,3N1CN8AE9SK613692,2025-07-01,1283,704,343766.64,1309.66,2025,FLOTILLA 
25555,3N1CN8AE0SK613791,2025-07-01,1283,704,343766.64,1309.66,2025,FLOTILLA 
25556,3N1CN8AE6SK618915,2025-07-01,1681,704,361666.60,2531.67,2025,NUEVO 
25557,3N1CN8AE2SK618362,2025-07-01,1681,704,361666.60,2755.70,2025,NUEVO 
25558,3N1CN8AE9SK618424,2025-07-01,1681,704,376740.80,2649.74,2025,NUEVO 
25559,3N1CN8AE3SK614448,2025-07-01,1681,704,361666.60,1955.49,2025,NUEVO 
25560,3N1CN8AE4SK613454,2025-07-01,1681,704,376740.80,2870.56,2025,NUEVO 
25561,3N1CN8AE1SK618370,2025-07-01,1681,704,343766.64,2619.31,2025,NUEVO 
25562,3N1CN8AE7SK608555,2025-07-01,1283,704,336440.46,753.63,2025,FLOTILLA 
25563,3N1CN8AE9SK617628,2025-07-01,1331,704,343766.64,2720.05,2025,NUEVO 
25564,3N1CN8AE7SK618213,2025-07-01,1331,704,361666.60,3179.65,2025,NUEVO 
25565,3N1CN8AE8SK612422,2025-07-01,1681,704,328550.92,2984.79,2025,NUEVO 
25566,3N1CN8AE8SL861376,2025-07-01,1331,704,361666.60,3285.64,2025,NUEVO 
25567,3N1CN8AE9SK617614,2025-07-01,1681,704,328550.92,2984.79,2025,NUEVO 
25568,3N1CN8AE8SK617362,2025-07-01,1907,704,328550.93,2888.51,2025,NUEVO 
25569,3N1CN8AE9SK614373,2025-07-01,1681,704,343766.64,906.68,2025,NUEVO 
25570,3N1CN8AE7SL859831,2025-07-01,1873,704,361666.61,3073.66,2025,NUEVO 
25571,3N1CN8AEXSL857524,2025-07-01,1331,704,405743.12,3679.08,2025,NUEVO 
25572,3N1CN8AE4SK618525,2025-07-01,1331,704,328550.92,2599.66,2025,NUEVO 
25573,3N1CN8AE5SK617819,2025-07-01,1681,704,343766.64,2720.05,2025,NUEVO 
25574,3N1CN8AE6SK617876,2025-07-01,1331,704,343766.64,2720.05,2025,NUEVO 
25575,3N1CN8AE5SK617254,2025-07-01,1331,704,343766.64,3022.28,2025,NUEVO 
25576,3N1CN8AE6SK617053,2025-07-01,1331,704,343766.64,3022.28,2025,NUEVO 
25577,3N1CN8AE6SK616923,2025-07-01,1681,704,343766.64,1843.39,2025,NUEVO 
25578,3N1CN8AE5SK616976,2025-07-01,1681,704,343766.64,1071.68,2025,NUEVO 
25579,3N1CN8AE4SK617486,2025-07-01,1681,704,343766.64,2720.05,2025,NUEVO 
25580,3N1CN8AE4SK611039,2025-07-01,1681,704,343766.64,2720.05,2025,NUEVO 
25581,3N1CN8AE7SK613013,2025-07-01,1681,704,328550.92,2984.79,2025,NUEVO 
25582,3N1CN8AE5SK611261,2025-07-01,1331,704,343766.64,3022.28,2025,NUEVO 
25583,3N1CN8AE4SK617746,2025-07-01,1681,704,328550.93,2984.79,2025,NUEVO 
25584,3N1CN8AE3SK617785,2025-07-01,1681,704,328550.92,2984.79,2025,NUEVO 
25585,3N1CN8AE6SK617554,2025-07-01,1681,704,328550.93,2984.79,2025,NUEVO 
25586,3N1CN8AE6SK617408,2025-07-01,1331,704,376740.81,3422.59,2025,NUEVO 
25587,3N1CN8AE6SK617361,2025-07-01,1953,704,328550.92,2792.23,2025,NUEVO 
25588,3N1CN8AE6SK614895,2025-07-01,1681,704,376740.81,3422.59,2025,NUEVO 
25589,3N1CN8AE1SK618191,2025-07-01,1331,704,328550.92,2599.66,2025,NUEVO 
25590,3N1CN8AE2SK618300,2025-07-01,1331,704,343766.64,2720.05,2025,NUEVO 
25591,3N1CN8AE2SK617437,2025-07-01,1681,704,343766.64,791.31,2025,NUEVO 
25592,3N1CN8AE2SK612108,2025-07-01,1331,704,328550.92,2888.51,2025,NUEVO 
25593,3N1CN8AE3SK613087,2025-07-01,1331,704,361666.60,3179.65,2025,NUEVO 
25594,3N1CN8AE2SK612836,2025-07-01,1681,704,343766.64,2720.05,2025,NUEVO 
25595,3N1CN8AE0SK611247,2025-07-01,1681,704,343766.64,2720.05,2025,NUEVO 
25596,3N1CN8AE3SK612702,2025-07-01,1681,704,328550.92,2984.79,2025,NUEVO 
25597,3N1CN8AE0SK612463,2025-07-01,1681,704,376740.80,3422.59,2025,NUEVO 
25598,3N1CN8AE1SK616523,2025-07-01,1681,704,328550.93,2984.79,2025,NUEVO 
25599,3N1CN8AE2SL858893,2025-07-01,1681,704,391773.25,3559.15,2025,NUEVO 
25600,3N1CN8AE2SK615784,2025-07-01,1681,704,376740.80,3416.10,2025,NUEVO 
25601,3N1CN8AE1SK615727,2025-07-01,1681,704,343766.64,3117.10,2025,NUEVO 
25602,3N1CN8AE1SK609295,2025-07-01,1681,704,343766.64,3117.10,2025,NUEVO 
25603,3N1CN8AE1ML919024,2025-07-01,1923,704,193300.00,1677.84,2021,SEMINUEVOS 
25604,3N1CN7AD3KL869550,2025-07-01,1681,704,150200.00,351.13,2019,SEMINUEVOS 
25605,3N1CN8AE3SK604003,2025-07-01,1283,704,369485.38,1727.55,2025,FLOTILLA 
25606,3N1CN8AE7SK603159,2025-07-01,1283,704,369485.38,1727.55,2025,FLOTILLA 
25607,3N1CN8AE7SK608555,2025-07-01,1283,704,336440.46,2263.68,2025,FLOTILLA 
25608,3N1CN8AE8SK622299,2025-07-01,1681,704,328550.93,274.07,2025,NUEVO 
25609,3N1CN8AE5SK620820,2025-07-01,1681,704,328550.93,730.84,2025,NUEVO 
25610,3N1CN8AE9SK621646,2025-07-01,1331,704,361666.61,804.51,2025,NUEVO 
25611,3N1CN8AE9SL865758,2025-07-01,1681,704,405743.12,795.26,2025,NUEVO 
25612,3N1CN8AE2SK622489,2025-07-01,1681,704,376740.81,314.26,2025,NUEVO 
25613,3N1CN8AE0SK621860,2025-07-01,1681,704,376740.81,314.26,2025,NUEVO 
25614,3N1CN8AE4SK621991,2025-07-01,1681,704,328550.93,456.78,2025,NUEVO 
25615,3N1CN8AE2RK615908,2025-07-01,1331,704,331050.82,2328.67,2024,FLOTILLA 
25616,3N1CN8AE0SK591601,2025-07-01,1331,704,355215.94,3259.11,2025,FLOTILLA 
25617,3N1CN8AE7SK621175,2025-07-01,1822,704,361666.61,924.35,2025,NUEVO 
25618,3N1CN8AE2SK619852,2025-07-01,1681,704,343766.65,955.86,2025,NUEVO 
25619,3N1CN8AE1SK620541,2025-07-01,1331,704,376740.81,1257.06,2025,NUEVO 
25620,3N1CN8AE1SK619857,2025-07-01,1331,704,343766.65,1347.57,2025,NUEVO 
25621,3N1CN8AE3SK610755,2025-07-01,1283,704,343766.64,955.86,2025,FLOTILLA 
25622,3N1CN8AE9SK610002,2025-07-01,1283,704,328550.93,365.42,2025,FLOTILLA 
25623,3N1CN8AE7SK610158,2025-07-01,1283,704,328550.93,365.42,2025,FLOTILLA 
25624,3N1CN8AE7SK610130,2025-07-01,1283,704,328550.93,365.42,2025,FLOTILLA 
25625,3N1CN8AE6SK610068,2025-07-01,1283,704,328550.93,2101.17,2025,FLOTILLA 
25626,3N1CN8AE4SK609971,2025-07-01,1283,704,328550.93,365.42,2025,FLOTILLA 
25627,3N1CN8AE2SK610195,2025-07-01,1283,704,328550.93,913.55,2025,FLOTILLA 
25628,3N1CN8AE1SK610186,2025-07-01,1283,704,328550.93,2101.17,2025,FLOTILLA 
25629,3N1CN8AE1SK610169,2025-07-01,1283,704,328550.93,2101.17,2025,FLOTILLA 
25630,3N1CN8AE9SK613692,2025-07-01,1283,704,343766.64,602.74,2025,FLOTILLA 
25631,3N1CN8AE0SK613791,2025-07-01,1283,704,343766.64,602.74,2025,FLOTILLA 
25632,3N1CN8AE4SK617536,2025-07-01,1331,704,328550.93,288.03,2025,NUEVO 
25633,3N1CN8AE6ML817265,2025-07-01,1946,704,198100.00,231.56,2021,SEMINUEVOS 
25634,3N1CN8AE2RK615908,2025-07-01,1331,704,331050.82,677.18,2024,NUEVO 
25635,3N1CN8AE6SK610068,2025-07-01,1283,704,328550.93,768.08,2025,FLOTILLA 
25636,3N1CN8AE1SK610186,2025-07-01,1283,704,328550.93,672.07,2025,FLOTILLA 
25637,3N1CN8AE1SK610169,2025-07-01,1283,704,328550.93,768.08,2025,FLOTILLA 
25638,JN8AT3MT4RW012314,2025-08-01,,706,518200.00,3169.94,2024,SEMINUEVOS 
25639,JN8CT3MT3SW010987,2025-08-01,,706,847816.33,863.59,2025,NUEVO 
25640,JN8CT3MT1SW010454,2025-08-01,,706,767735.99,4949.76,2025,NUEVO 
25641,JN8CT3MT1SW010437,2025-08-01,,706,767735.99,6961.45,2025,NUEVO 
25642,JN8CT3MT8SW010399,2025-08-01,,706,767735.99,6961.45,2025,NUEVO 
25643,JN8BT27T3NW133842,2025-08-01,,706,295000.00,1815.48,2022,SEMINUEVOS 
25644,JN8AT3MT7RW012436,2025-08-01,,706,548000.00,4737.54,2024,SEMINUEVOS 
25645,JN8AT3MT1RW016403,2025-08-01,,706,548000.00,4135.31,2024,SEMINUEVOS 
25646,JN8AT3MT0SW045123,2025-08-01,,706,587701.82,861.15,2025,FLOTILLA 
25647,JN8CT3MT1SW010597,2025-08-01,,706,767736.00,6483.63,2025,NUEVO 
25648,JN8AT3MT2SW050727,2025-08-01,,706,705796.23,2042.54,2025,NUEVO 
25649,JN8AT3MT0SW049348,2025-08-01,,706,705796.24,1245.34,2025,NUEVO 
25650,JN8AT3MT8RW019220,2025-08-01,,706,548600.00,2010.50,2024,SEMINUEVOS 
25651,JN8AT3MT4RW013320,2025-08-01,,706,548600.00,2831.12,2024,SEMINUEVOS 
25652,JN8AT3MT6RW012492,2025-08-01,,706,461200.00,1840.19,2024,SEMINUEVOS 
25653,JN8CT3MT8PW000298,2025-08-01,,706,543700.00,1781.98,2023,SEMINUEVOS 
25654,JN8CT3MT8SW009947,2025-08-01,,706,766671.71,5016.66,2025,NUEVO 
25655,JN8CT3MT9SW009469,2025-08-01,,706,766671.71,7446.94,2025,NUEVO 
25656,JN8CT3MT9SW008046,2025-08-01,,706,846752.05,3804.03,2025,DEMO 
25657,JN8CT3MT6SW008005,2025-08-01,,706,846752.05,3775.86,2025,DEMO 
25658,JN8AT3MT4SW043181,2025-08-01,,706,668297.62,5299.60,2025,DEMO 
25659,JN8CT3MT8SW009785,2025-08-01,,706,766691.71,5622.41,2025,FLOTILLA 
25660,JN8CT3MT8SW009365,2025-08-01,,706,766691.71,5622.41,2025,FLOTILLA 
25661,JN8AT3MT0SW045123,2025-08-01,,706,587701.82,3771.09,2025,FLOTILLA 
25662,JN8CT3MT9SW007642,2025-08-01,,706,758752.22,6208.28,2025,NUEVO 
25663,JN8CT3MT9SW009388,2025-08-01,,706,766691.71,6945.38,2025,FLOTILLA 
25664,JN8CT3MT0SW010834,2025-08-01,,706,767735.99,6954.84,2025,FLOTILLA 
25665,JN8CT3MT6SW009994,2025-08-01,,706,846752.06,7670.63,2025,FLOTILLA 
25666,JN8CT3MT4SW009797,2025-08-01,,706,766691.71,234.48,2025,FLOTILLA 
25667,JN8CT3MT8SW009785,2025-08-01,,706,766691.71,1641.36,2025,FLOTILLA 
25668,JN8CT3MT8SW009365,2025-08-01,,706,766691.71,1641.36,2025,FLOTILLA 
25669,JN8AT3MTXTW055496,2025-08-01,,706,587701.82,490.24,2026,NUEVO 
25670,JN8AT3MT5TW055325,2025-08-01,,706,587701.82,490.24,2026,NUEVO 
25671,JN8CT3MT9SW010170,2025-07-01,1283,706,766691.71,214.67,2025,FLOTILLA 
25672,JN8CT3MT9SW009746,2025-07-01,1283,706,766691.71,214.67,2025,FLOTILLA 
25673,JN8CT3MTXSW009366,2025-07-01,1283,706,766691.71,214.67,2025,FLOTILLA 
25674,JN8BT27T3NW133842,2025-07-01,1385,706,295000.00,2679.99,2022,SEMINUEVOS 
25675,JN8AT3MT7RW012436,2025-07-01,1385,706,548000.00,4978.43,2024,SEMINUEVOS 
25676,JN8AT3MT1RW016403,2025-07-01,1385,706,548000.00,4978.43,2024,SEMINUEVOS 
25677,JN8AT3MT0SW045123,2025-07-01,1283,706,587701.82,5339.11,2025,FLOTILLA 
25678,JN8AT3MT1SW053828,2025-07-01,1681,706,587701.82,1152.13,2025,NUEVO 
25679,JN8BT27T1MW128802,2025-07-01,1681,706,326500.00,2005.53,2021,SEMINUEVOS 
25680,JN8CT3MT1SW010597,2025-07-01,1681,706,767736.00,4181.92,2025,NUEVO 
25681,JN8AT3MT7SW051260,2025-07-01,1909,706,670942.70,191.22,2025,NUEVO 
25682,JN8AT3MT2SW050727,2025-07-01,1331,706,705796.23,6235.71,2025,NUEVO 
25683,JN8AT3MT0SW049348,2025-07-01,1331,706,705796.24,6235.71,2025,NUEVO 
25684,JN8CT3MT9SW010394,2025-07-01,1681,706,846772.05,4239.90,2025,NUEVO 
25685,JN8AT3MT8RW019220,2025-07-01,1681,706,548600.00,4144.10,2024,SEMINUEVOS 
25686,JN8AT3MT4RW013320,2025-07-01,1681,706,548600.00,4144.10,2024,SEMINUEVOS 
25687,JN8AT3MT7SW045409,2025-07-01,1681,706,621203.85,164.53,2025,NUEVO 
25688,JN8AT3MT5SW047871,2025-07-01,1681,706,586769.56,4017.42,2025,NUEVO 
25689,JN8AT3MT3PW000975,2025-07-01,1681,706,478600.00,572.72,2023,SEMINUEVOS 
25690,JN8AT3MT4RW018663,2025-07-01,1891,706,548600.00,2291.48,2024,SEMINUEVOS 
25691,JN8CT3MT4SW010044,2025-07-01,1283,706,766671.71,917.45,2025,FLOTILLA 
25692,JN8CT3MT1SW009613,2025-07-01,1283,706,766671.71,917.45,2025,FLOTILLA 
25693,JN8CT3MT2SW009443,2025-07-01,1283,706,766671.71,917.45,2025,FLOTILLA 
25694,JN8CT3MT5SW008447,2025-07-01,1283,706,766671.71,917.45,2025,FLOTILLA 
25695,JN8AT3MT6RW012492,2025-07-01,1681,706,461200.00,2957.45,2024,SEMINUEVOS 
25696,JN8CT3MT6SW009994,2025-07-01,1681,706,846752.06,3905.64,2025,NUEVO 
25697,JN8CT3MT8PW000298,2025-07-01,1681,706,543700.00,3021.61,2023,SEMINUEVOS 
25698,JN8CT3MT8SW009947,2025-07-01,1974,706,766671.71,4308.30,2025,NUEVO 
25699,JN8CT3MT8SW009768,2025-07-01,1681,706,766671.71,4308.30,2025,NUEVO 
25700,JN8CT3MT9SW009469,2025-07-01,1681,706,766671.71,4446.94,2025,NUEVO 
25701,JN8CT3MT9SW009486,2025-07-01,1681,706,846752.06,531.10,2025,NUEVO 
25702,JN8CT3MT9SW008046,2025-07-01,1681,706,846752.05,5184.76,2025,DEMO 
25703,JN8CT3MT6SW008005,2025-07-01,1524,706,846752.05,5156.58,2025,DEMO 
25704,JN8CT3MTXSW008055,2025-07-01,1681,706,766671.71,4909.07,2025,NUEVO 
25705,JN8CT3MT9SW007642,2025-07-01,1331,706,758752.22,6498.71,2025,NUEVO 
25706,JN8AT3MT4SW043181,2025-07-01,1524,706,668297.62,3062.47,2025,DEMO 
25707,JN8AT3MT8SW038615,2025-07-01,1935,706,618791.93,205.40,2025,NUEVO 
25708,JN8AT3MT4RW012314,2025-07-01,1385,706,518200.00,4466.74,2024,SEMINUEVOS 
25709,JN8CT3MT3SW009886,2025-07-01,1681,706,847816.33,3726.86,2025,FLOTILLA 
25710,JN8CT3MT8SW009785,2025-07-01,1331,706,766691.71,1717.39,2025,FLOTILLA 
25711,JN8CT3MT8SW009365,2025-07-01,1331,706,766691.71,1717.39,2025,FLOTILLA 
25712,JN8CT3MT7SW010975,2025-07-01,1913,706,847816.33,1201.11,2025,NUEVO 
25713,JN8CT3MT1SW010437,2025-07-01,1331,706,767735.99,3143.88,2025,NUEVO 
25714,JN8CT3MT8SW010399,2025-07-01,1681,706,767735.99,3368.44,2025,NUEVO 
25715,JN8CT3MT9SW009388,2025-07-01,1705,706,766691.71,2016.40,2025,FLOTILLA 
25716,JN8CT3MT9SW009388,2025-07-01,1705,706,766691.71,224.04,2025,NUEVO 
25717,JN8CT3MT8SW009348,2025-07-01,1681,706,766691.71,672.13,2025,NUEVO 
25718,JN8CT3MT0SW010834,2025-07-01,1681,706,767735.99,3365.24,2025,FLOTILLA 
25719,JN8CT3MT6SW009994,2025-07-01,1681,706,846752.06,3959.04,2025,FLOTILLA 
25720,JN8CT3MT4SW009797,2025-07-01,1883,706,766691.71,4220.64,2025,FLOTILLA 
25721,JN8CT3MT4SW009797,2025-07-01,1883,706,766691.71,703.44,2025,NUEVO 
25722,JN8CT3MT8SW009785,2025-07-01,1331,706,766691.71,5393.04,2025,FLOTILLA 
25723,JN8CT3MT8SW009365,2025-07-01,1331,706,766691.71,5393.04,2025,FLOTILLA 
25724,JN8CT3MTXSW009366,2025-07-01,1283,706,766691.71,703.44,2025,FLOTILLA 
25725,JN8CT3MT9SW010170,2025-07-01,1283,706,766691.71,2110.32,2025,FLOTILLA 
25726,JN8CT3MT9SW009746,2025-07-01,1283,706,766691.71,6799.92,2025,FLOTILLA 
25727,JN8AT3MT6TW054961,2025-07-01,1524,706,706716.89,786.03,2026,DEMO 
25728,JN8CT3MT9SW009388,2025-07-01,1705,706,766691.71,4476.84,2025,FLOTILLA 
25729,JN8CT3MT8SW009348,2025-07-01,1681,706,766691.71,4476.84,2025,FLOTILLA 
25730,JN8CT3MT4SW009797,2025-07-01,1883,706,766691.71,2131.83,2025,FLOTILLA 
25731,JN8CT3MT9SW007642,2025-07-01,1331,706,758752.22,886.90,2025,NUEVO 
25732,93CEC76C2NB170871,2025-08-01,,752,220500.00,1610.88,2022,SEMINUEVOS 
25733,93CEC76C2NB170871,2025-07-01,1681,752,220500.00,579.92,2022,SEMINUEVOS 
25734,3GNCJ7EE0KL251881,2025-08-01,,754,185800.00,1467.66,2019,SEMINUEVOS 
25735,3GNCJ7EE0KL251881,2025-07-01,1681,754,185800.00,108.59,2019,SEMINUEVOS 
25736,1HGRW1894KL912891,2025-07-01,1681,821,355300.00,445.70,2019,SEMINUEVOS 
25737,1HGRW1894KL912891,2025-08-01,,821,250600.00,1830.77,2019,SEMINUEVOS 
25738,1HGRW1894KL912890,2025-07-01,1681,821,291700.00,170.48,2019,SEMINUEVOS 
25739,1HGRW1894KL912891,2025-07-01,1681,821,250600.00,292.92,2019,SEMINUEVOS 
25740,TMCJB3UEXNJ044087,2025-08-01,,854,412500.00,1645.88,2022,SEMINUEVOS 
25741,TMCJB3UEXNJ044087,2025-07-01,1681,854,412500.00,2645.16,2022,SEMINUEVOS 
25742,MK2L6Y1Y9PN000613,2025-08-01,,860,246400.00,2108.09,2023,SEMINUEVOS 
25743,MK2L6Y1Y1NN001302,2025-07-01,1973,860,231800.00,67.93,2022,SEMINUEVOS 
25744,LSJA36E90PZ110556,2025-07-01,1385,860,243500.00,609.36,2023,SEMINUEVOS 
25745,MK2L6Y1Y3PN001935,2025-07-01,1385,860,246400.00,648.03,2023,SEMINUEVOS 
25746,MK2K6Y1Y9PN001689,2025-07-01,1906,860,243500.00,744.70,2023,SEMINUEVOS 
25747,VF3DDNFP3NJ522992,2025-08-01,,861,191800.00,1818.42,2022,SEMINUEVOS 
25748,VF3DDNFP3NJ522992,2025-07-01,1385,861,191800.00,1407.81,2022,SEMINUEVOS 
25749,MB2PB2A16NM281897,2025-08-01,,870,267900.00,324.16,2022,SEMINUEVOS 
25750,3MZBPCC7XRM404686,2025-08-01,,885,304800.00,2761.15,2024,SEMINUEVOS 
25751,3MZBPCC7XRM404686,2025-07-01,1385,885,304800.00,178.14,2024,SEMINUEVOS 
25752,5KBRL688XNB800018,2025-08-01,,891,598000.00,1085.37,2022,SEMINUEVOS 
25753,JS2ZC13S7K6102533,2025-08-01,,898,178700.00,1146.66,2019,SEMINUEVOS 
25754,MR2BF8C3XR0043066,2025-07-01,1681,909,246700.00,754.56,2024,SEMINUEVOS 
25755,VSSGC6KJ4MR107728,2025-07-01,1681,961,229400.00,1348.87,2021,SEMINUEVOS 
25756,MRHDG1847LP032867,2025-07-01,1966,963,231900.00,203.88,2020,SEMINUEVOS 
25757,JM3KFADL1R0384201,2025-07-01,1681,968,393500.00,2407.13,2024,SEMINUEVOS 
25758,3N1CE2CD1JL371104,2025-08-01,,983,144900.00,296.40,2018,SEMINUEVOS 
25759,3N1CE2CD1JL371104,2025-07-01,1977,983,144900.00,338.74,2018,SEMINUEVOS 
25760,WVG2N4CW3PT011113,2025-07-01,1924,994,280800.00,944.66,2023,SEMINUEVOS 
25761,ML3ABW6J1MH000486,2025-02-01,,651,158200.00,594.83,2021,SEMINUEVOS 
25762,LSGHD52H3ND008640,2025-01-01,2041,652,178600.00,14.57,2022,SEMINUEVOS 
25763,LSGHD52H3ND021968,2025-01-01,2060,652,178600.00,174.88,2022,SEMINUEVOS 
25764,LZWLLNGLXPB067735,2025-02-01,,655,288300.00,374.79,2023,SEMINUEVOS 
25765,LZWLLNGLXPB011648,2025-02-01,,655,335000.00,2647.66,2023,SEMINUEVOS 
25766,LZWLLNGL2PB012549,2025-02-01,,655,290200.00,386.29,2023,SEMINUEVOS 
25767,LZWLLNGL8NB030048,2025-02-01,,655,266300.00,861.15,2022,SEMINUEVOS 
25768,LZWLLNGL8NB027859,2025-02-01,,655,252800.00,621.89,2022,SEMINUEVOS 
25769,LZWLLNGL2NB019904,2025-02-01,,655,255000.00,1358.30,2022,SEMINUEVOS 
25770,LZWLLNGL7RB024974,2025-02-01,,655,312600.00,195.90,2024,SEMINUEVOS 
25771,LZWLLNGLXPB011648,2025-01-01,1681,655,335000.00,3455.90,2023,SEMINUEVOS 
25772,LZWLLNGL2PB012549,2025-01-01,2078,655,290200.00,2993.74,2023,SEMINUEVOS 
25773,LZWLLNGL1NB042039,2025-01-01,2070,655,266300.00,2747.18,2022,SEMINUEVOS 
25774,LZWLLNGL8NB030048,2025-01-01,1681,655,266300.00,2340.56,2022,SEMINUEVOS 
25775,LZWLLNGLXNB032478,2025-01-01,1681,655,266300.00,37.71,2022,SEMINUEVOS 
25776,LZWLLNGLXPB067735,2025-01-01,2005,655,288300.00,2904.62,2023,SEMINUEVOS 
25777,LSGKB5419PV001510,2025-02-01,,656,225500.00,2052.05,2022,SEMINUEVOS 
25778,LSGKB54H4MV142364,2025-02-01,,656,187400.00,1481.11,2021,SEMINUEVOS 
25779,LSGKB5415NV031763,2025-02-01,,656,216500.00,900.19,2022,SEMINUEVOS 
25780,LSGKB541XNV060434,2025-02-01,,656,197900.00,1054.15,2022,SEMINUEVOS 
25781,LSGKB5410NV018175,2025-02-01,,656,197900.00,1054.15,2022,SEMINUEVOS 
25782,LSGKB54H4MV142364,2025-01-01,1385,656,187400.00,1933.24,2021,SEMINUEVOS 
25783,LSGKB5415NV031763,2025-01-01,2020,656,216500.00,1994.54,2022,SEMINUEVOS 
25784,LSGKB5419PV001510,2025-01-01,1385,656,225500.00,2271.91,2022,SEMINUEVOS 
25785,93YHSCCX4PJ449032,2025-02-01,,659,245800.00,2236.78,2023,SEMINUEVOS 
25786,93YHSB154MJ004474,2025-02-01,,659,186200.00,1471.63,2021,SEMINUEVOS 
25787,93YHSCCX8NJ141293,2025-02-01,,659,245700.00,302.21,2022,SEMINUEVOS 
25788,93YHSCCX8PJ447798,2025-02-01,,659,267900.00,659.03,2023,SEMINUEVOS 
25789,93YHSCCX6PJ320824,2025-02-01,,659,240900.00,1283.19,2023,SEMINUEVOS 
25790,93YHSB157NJ224242,2025-01-01,2077,659,186200.00,557.67,2022,SEMINUEVOS 
25791,93YHSB154MJ004474,2025-01-01,1385,659,186200.00,1920.86,2021,SEMINUEVOS 
25792,93YHSCCX4PJ449032,2025-01-01,1385,659,245800.00,2476.44,2023,SEMINUEVOS 
25793,3N6AD33A2MK833504,2025-02-01,,663,301900.00,2665.11,2021,SEMINUEVOS 
25794,3N6CD33B9RK859588,2025-02-01,,663,528402.53,299.26,2024,NUEVO 
25795,3N6AD33A7RK865906,2025-02-01,,663,434377.16,1441.89,2024,FLOTILLA 
25796,3N6AD33B7RK856258,2025-02-01,,663,664869.29,1103.50,2024,NUEVO 
25797,3N6AD33A9RK859508,2025-02-01,,663,558069.68,555.74,2024,FLOTILLA 
25798,3N6AD33B4PK818581,2025-02-01,,663,529000.00,3493.38,2023,SEMINUEVOS 
25799,3N6AD33B6RK844389,2025-02-01,,663,664021.91,4212.85,2024,NUEVO 
25800,3N6AD33A9RK840246,2025-02-01,,663,633507.16,5626.95,2024,NUEVO 
25801,3N6AD33A9RK840330,2025-02-01,,663,553831.62,4374.50,2024,DEMO 
25802,3N6AD33A4RK840025,2025-02-01,,663,633507.16,5003.83,2024,DEMO 
25803,3N6CD33B2RK820566,2025-02-01,,663,515790.01,3125.11,2024,NUEVO 
25804,3N6AD33A5RK812976,2025-02-01,,663,633529.55,820.07,2024,NUEVO 
25805,3N6AD33A5RK812976,2025-01-01,1681,663,633529.55,6355.53,2024,NUEVO 
25806,3N6AD33A5RK829566,2025-01-01,1681,663,633507.15,2492.20,2024,NUEVO 
25807,3N6AD33A4RK821250,2025-01-01,2042,663,434479.97,693.96,2024,NUEVO 
25808,3N6AD33A9SK808287,2025-02-01,,663,434377.16,544.90,2025,NUEVO 
25809,3N6AD33B1SK805411,2025-02-01,,663,675888.13,211.97,2025,NUEVO 
25810,3N6CD33B3RK860655,2025-02-01,,663,528402.53,4293.27,2024,NUEVO 
25811,3N6AD33B7RK861993,2025-02-01,,663,664869.29,13241.98,2024,NUEVO 
25812,3N6AD33B9RK855970,2025-02-01,,663,664869.29,13241.98,2024,NUEVO 
25813,3N6AD33B5RK853522,2025-02-01,,663,664869.28,24697.68,2024,NUEVO 
25814,3N6AD33BXRK850633,2025-02-01,,663,664869.28,27924.51,2024,NUEVO 
25815,3N6CD33B2RK820566,2025-02-01,,663,515790.01,1427.45,2024,NUEVO 
25816,3N6AD33A7SK811723,2025-02-01,,663,473307.23,1309.88,2025,FLOTILLA 
25817,3N6AD33A5SK808481,2025-02-01,,663,434377.16,136.23,2025,NUEVO 
25818,3N6AD33A6SK806688,2025-02-01,,663,569088.52,158.63,2025,NUEVO 
25819,3N6AD33A2SK808227,2025-02-01,,663,569088.52,178.47,2025,NUEVO 
25820,3N6AD33A7RK865906,2025-02-01,,663,434377.16,2449.89,2024,FLOTILLA 
25821,3N6AD33A8SK805963,2025-02-01,,663,550441.12,690.50,2025,NUEVO 
25822,3N6AD33A9RK859508,2025-01-01,1660,663,558069.68,4816.45,2024,FLOTILLA 
25823,3N6AD33B7RK861993,2025-01-01,1681,663,664869.29,6841.69,2024,NUEVO 
25824,3N6AD33B9RK855970,2025-01-01,1681,663,664869.29,6841.69,2024,NUEVO 
25825,3N6AD33B4PK818581,2025-01-01,1681,663,529000.00,5002.87,2023,SEMINUEVOS 
25826,3N6AD33A0RK854388,2025-01-01,1681,663,637745.22,2434.77,2024,NUEVO 
25827,3N6AD33A5RK854614,2025-01-01,1681,663,637745.22,466.70,2024,NUEVO 
25828,3N6AD33B5RK853522,2025-01-01,1681,663,664869.28,6835.96,2024,NUEVO 
25829,3N6AD33B0RK852956,2025-01-01,2053,663,664869.28,6858.87,2024,NUEVO 
25830,3N6AD33BXRK850633,2025-01-01,1681,663,664869.28,6870.32,2024,NUEVO 
25831,3N6AD33A8RK850203,2025-01-01,1681,663,637745.22,637.75,2024,NUEVO 
25832,3N6AD33A9RK848380,2025-01-01,1681,663,636897.84,6061.14,2024,NUEVO 
25833,3N6AD33B6RK844389,2025-01-01,1331,663,664021.91,6529.92,2024,NUEVO 
25834,3N6AD33A9RK840246,2025-01-01,1331,663,633507.16,6229.84,2024,NUEVO 
25835,3N6AD33A9RK844572,2025-01-01,1681,663,636897.84,4373.99,2024,NUEVO 
25836,3N6AD33A9RK840330,2025-01-01,1681,663,553831.62,1789.57,2024,DEMO 
25837,3N6AD33A4RK840025,2025-01-01,1524,663,633507.16,2047.02,2024,DEMO 
25838,3N6CD33B2RK820566,2025-01-01,1331,663,515790.01,5098.87,2024,NUEVO 
25839,3N6AD33B5RK842262,2025-01-01,2019,663,664021.90,4531.95,2024,FLOTILLA 
25840,3N6AD33A4RK866463,2025-01-01,1681,663,643679.77,794.18,2024,NUEVO 
25841,3N6AD33A9MK833712,2025-01-01,1681,663,314400.00,1538.75,2021,SEMINUEVOS 
25842,3N6AD33A5MK833058,2025-01-01,1681,663,314400.00,2460.70,2021,SEMINUEVOS 
25843,3N6AD33A7RK865906,2025-01-01,1660,663,434377.16,2739.59,2024,FLOTILLA 
25844,3N6AD33B7RK856258,2025-01-01,2023,663,664869.29,6841.69,2024,NUEVO 
25845,3N6AD33A6RK865007,2025-01-01,1681,663,637745.22,4851.44,2024,NUEVO 
25846,3N6AD33A6RK864665,2025-01-01,1681,663,637745.22,4675.92,2024,NUEVO 
25847,3N6AD33B5RK842262,2025-01-01,2019,663,664021.90,844.28,2024,NUEVO 
25848,3N6AD33A2MK833504,2025-01-01,1681,663,301900.00,2094.01,2021,SEMINUEVOS 
25849,3N6CD33B3RK860655,2025-01-01,1331,663,528402.53,343.46,2024,NUEVO 
25850,3N6CD33B9RK859588,2025-01-01,2079,663,528402.53,343.46,2024,NUEVO 
25851,JTFAMHCP1L6001408,2025-02-01,,666,464600.00,4227.86,2020,SEMINUEVOS 
25852,JTFAMHCPXL6002203,2025-02-01,,666,408100.00,3726.41,2020,SEMINUEVOS 
25853,JTFAMHCPXL6001634,2025-02-01,,666,347300.00,2293.48,2020,SEMINUEVOS 
25854,JTFAMHCP0M6003720,2025-02-01,,666,370500.00,1393.08,2021,SEMINUEVOS 
25855,JTFAMHCP1L6002896,2025-02-01,,666,336100.00,2951.33,2020,SEMINUEVOS 
25856,JTFAMHCPXL6001634,2025-01-01,1681,666,347300.00,3284.49,2020,SEMINUEVOS 
25857,JTFAMHCP1L6001408,2025-01-01,1681,666,464600.00,4680.85,2020,SEMINUEVOS 
25858,JTFAMHCPXL6002203,2025-01-01,1681,666,408100.00,4125.66,2020,SEMINUEVOS 
25859,JTFAMHCP1L6002896,2025-01-01,1681,666,336100.00,843.24,2020,SEMINUEVOS 
25860,VSSBB6KJ3LR106355,2025-01-01,2022,668,194300.00,551.33,2020,SEMINUEVOS 
25861,3N8CP5HE2ML563862,2025-02-01,,672,207400.00,263.89,2021,SEMINUEVOS 
25862,3N8CP5HE7SL471675,2025-02-01,,672,386293.43,54.56,2025,NUEVO 
25863,3N8CP5HE1SL471476,2025-02-01,,672,386293.43,627.73,2025,NUEVO 
25864,3N8CP5HE4SL471018,2025-02-01,,672,386293.43,2152.52,2025,NUEVO 
25865,MNTFP5CP7R6007574,2025-02-01,,672,481900.00,4385.29,2024,SEMINUEVOS 
25866,3N8CP5HE4SL469950,2025-02-01,,672,417025.38,2762.26,2025,NUEVO 
25867,3N8CP5HE4RL593274,2025-02-01,,672,411049.72,1228.01,2024,FLOTILLA 
25868,MNTFP5CP5R6010845,2025-02-01,,672,519109.84,4824.84,2024,FLOTILLA 
25869,3N8AP6HE0SL337345,2025-02-01,,672,472263.42,2164.81,2025,NUEVO 
25870,3N8AP6HEXSL345095,2025-02-01,,672,504082.22,3352.48,2025,NUEVO 
25871,MNTFP5CP1R6010485,2025-02-01,,672,519109.84,4740.05,2024,FLOTILLA 
25872,MNTFP5CP8P6001893,2025-02-01,,672,377600.00,1909.87,2023,SEMINUEVOS 
25873,MNTFP5CP0R6013605,2025-02-01,,672,528734.08,1844.99,2024,NUEVO 
25874,MNTFP5CP8R6010676,2025-02-01,,672,528734.08,4832.04,2024,NUEVO 
25875,MNTFP5CP3R6013193,2025-02-01,,672,548860.51,4335.24,2024,DEMO 
25876,MNTFP5CP0R6009800,2025-02-01,,672,547209.74,2303.39,2024,DEMO 
25877,3N8CP5HE9RL536777,2025-02-01,,672,445319.04,1874.50,2024,DEMO 
25878,3N8CP5HE9PL480952,2025-02-01,,672,293100.00,90.13,2023,SEMINUEVOS 
25879,3N8CP5HE5KL510084,2025-02-01,,672,205600.00,126.44,2019,SEMINUEVOS 
25880,MNTFP5CP4S6014987,2025-02-01,,672,533985.22,520.64,2025,NUEVO 
25881,MNTFP5CP7R6012709,2025-02-01,,672,519109.85,638.51,2024,FLOTILLA 
25882,3N8CP5HE6SL474311,2025-02-01,,672,417274.78,130.86,2025,NUEVO 
25883,3N8CP5HEXSL473775,2025-02-01,,672,386542.90,121.22,2025,NUEVO 
25884,3N8CP5HE7SL473989,2025-02-01,,672,417274.78,523.45,2025,NUEVO 
25885,3N8CP5HEXSL473307,2025-02-01,,672,417274.78,1046.90,2025,NUEVO 
25886,3N8CP5HE7SL473068,2025-02-01,,672,417274.78,1046.90,2025,NUEVO 
25887,3N8CP5HE8SL472964,2025-02-01,,672,417274.78,1052.46,2025,NUEVO 
25888,3N8CP5HE8SL472950,2025-02-01,,672,417274.78,1447.13,2025,NUEVO 
25889,3N8CP5HE9SL470625,2025-02-01,,672,386293.43,2887.54,2025,NUEVO 
25890,3N8CP5HE8SL471216,2025-02-01,,672,417025.38,4472.60,2025,NUEVO 
25891,3N8CP5HE7SL470719,2025-02-01,,672,417025.38,4337.06,2025,NUEVO 
25892,3N8CP5HE5SL474137,2025-02-01,,672,417274.78,523.45,2025,NUEVO 
25893,3N8CP5HE1SL474099,2025-02-01,,672,417274.78,523.45,2025,NUEVO 
25894,3N8CP5HE1SL472868,2025-02-01,,672,386542.90,727.34,2025,NUEVO 
25895,3N8CP5HE2SL473141,2025-02-01,,672,417274.78,1046.90,2025,NUEVO 
25896,3N8CP5HE0SL471209,2025-02-01,,672,417025.38,5421.33,2025,NUEVO 
25897,3N8CP5HE0SL469783,2025-02-01,,672,417025.38,5421.33,2025,NUEVO 
25898,3N8CP5HE4SL469110,2025-02-01,,672,417025.38,5421.33,2025,NUEVO 
25899,3N8AP6HE8SL369637,2025-02-01,,672,505481.18,317.05,2025,NUEVO 
25900,3N8AP6HE7SL365059,2025-02-01,,672,537806.90,1855.28,2025,NUEVO 
25901,3N8AP6HE9SL362759,2025-02-01,,672,473662.38,2707.10,2025,NUEVO 
25902,3N8AP6HE6SL353405,2025-02-01,,672,472263.42,5372.00,2025,NUEVO 
25903,3N8AP6HE6SL336782,2025-02-01,,672,535427.74,6090.49,2025,NUEVO 
25904,3N8AP6HE8SL327730,2025-02-01,,672,504082.22,14986.74,2025,NUEVO 
25905,3N8AP6HE3SL367598,2025-02-01,,672,505481.18,951.15,2025,NUEVO 
25906,3N8AP6HE0SL367588,2025-02-01,,672,537806.90,1011.97,2025,NUEVO 
25907,3N8AP6HE4SL364726,2025-02-01,,672,473662.38,1634.00,2025,NUEVO 
25908,3N8AP6HE3SL344306,2025-02-01,,672,504082.22,10374.29,2025,NUEVO 
25909,3N8AP6HE1SL329318,2025-02-01,,672,535427.74,16064.02,2025,NUEVO 
25910,3N8AP6HE2SL318165,2025-02-01,,672,535427.74,16064.02,2025,NUEVO 
25911,3N8AP6HE0SL350256,2025-02-01,,672,535427.74,4350.35,2025,NUEVO 
25912,3N8AP6HE0SL354789,2025-02-01,,672,504082.22,5733.94,2025,NUEVO 
25913,3N8AP6HE0SL359314,2025-02-01,,672,504082.22,5733.94,2025,NUEVO 
25914,3N8AP6HE0SL354226,2025-02-01,,672,504082.22,8383.73,2025,NUEVO 
25915,3N8CP5HE5ML528281,2025-02-01,,672,212300.00,522.26,2021,SEMINUEVOS 
25916,3N8CP5HE4NL486607,2025-02-01,,672,233100.00,573.43,2022,SEMINUEVOS 
25917,MNTFP5CP2P6002909,2025-02-01,,672,344900.00,1060.57,2023,SEMINUEVOS 
25918,3N8CP5HD4LL473649,2025-02-01,,672,215500.00,810.28,2020,SEMINUEVOS 
25919,3N8CP5HE4RL593274,2025-02-01,,672,411049.72,386.39,2024,FLOTILLA 
25920,MNTFP5CP3R6011329,2025-02-01,,672,415600.00,3649.43,2024,SEMINUEVOS 
25921,3N8AP6HE4SL367593,2025-02-01,,672,473662.38,378.92,2025,NUEVO 
25922,MNTFP5CP2R6008129,2025-02-01,,672,392400.00,809.68,2024,SEMINUEVOS 
25923,MNTFP5CP8R6010399,2025-02-01,,672,528734.08,2984.70,2024,NUEVO 
25924,3N8CP5HE4RL590357,2025-02-01,,672,417025.38,3661.95,2024,NUEVO 
25925,3N8AP6HE9SL363765,2025-02-01,,672,537806.90,1349.30,2025,FLOTILLA 
25926,3N8AP6HE8SL319840,2025-02-01,,672,537806.90,1695.59,2025,FLOTILLA 
25927,3N8AP6HE4SL332794,2025-01-01,2076,672,472263.42,1200.38,2025,NUEVO 
25928,MNTFP5CP5R6014376,2025-01-01,1660,672,554109.92,5347.47,2024,FLOTILLA 
25929,3N8AP6HE2SL339484,2025-01-01,2038,672,504082.22,2466.62,2025,NUEVO 
25930,MNTFP5CP0R6012907,2025-01-01,1660,672,519109.85,2936.72,2024,FLOTILLA 
25931,3N8AP6HE8SL327730,2025-01-01,1331,672,504082.22,5095.99,2025,NUEVO 
25932,3N8AP6HE1SL329318,2025-01-01,1681,672,535427.74,5412.88,2025,NUEVO 
25933,3N8AP6HE3SL329370,2025-01-01,1681,672,535427.74,4751.30,2025,NUEVO 
25934,3N8AP6HE2SL318165,2025-01-01,1681,672,535427.74,5412.88,2025,NUEVO 
25935,MNTFP5CP8R6013870,2025-01-01,1660,672,554109.92,3071.92,2024,FLOTILLA 
25936,3N8AP6HE1SL330517,2025-01-01,1681,672,472263.42,25.68,2025,NUEVO 
25937,3N8AP6HE0SL327141,2025-01-01,2004,672,472263.42,1232.08,2025,NUEVO 
25938,MNTFP5CP2R6010818,2025-01-01,1681,672,519109.84,1354.30,2024,FLOTILLA 
25939,MNTFP5CP1R6010485,2025-01-01,1681,672,519109.84,5247.91,2024,FLOTILLA 
25940,MNTFP5CP8P6001893,2025-01-01,1681,672,377600.00,3099.62,2023,SEMINUEVOS 
25941,MNTFP5CP8R6013383,2025-01-01,1681,672,548860.51,2374.43,2024,FLOTILLA 
25942,MNTFP5CP0R6013605,2025-01-01,1681,672,528734.08,5199.51,2024,NUEVO 
25943,MNTFP5CP8R6010676,2025-01-01,1681,672,528734.08,5349.76,2024,NUEVO 
25944,MNTFP5CP3R6013193,2025-01-01,1681,672,548860.51,1773.51,2024,DEMO 
25945,MNTFP5CP8R6010399,2025-01-01,1331,672,528734.08,2588.59,2024,NUEVO 
25946,3N8CP5HE3RL576689,2025-01-01,2074,672,374342.33,1674.14,2024,NUEVO 
25947,MNTFP5CP0R6009800,2025-01-01,1524,672,547209.74,3071.18,2024,DEMO 
25948,3N8CP5HE9RL536777,2025-01-01,1524,672,445319.04,2499.33,2024,DEMO 
25949,3N8CP5HE1SL471476,2025-01-01,2039,672,386293.43,1381.00,2025,NUEVO 
25950,3N8CP5HE4SL471018,2025-01-01,1331,672,386293.43,1381.00,2025,NUEVO 
25951,MNTFP5CP7R6007574,2025-01-01,1385,672,481900.00,4855.14,2024,SEMINUEVOS 
25952,3N8CP5HE8SL471216,2025-01-01,1331,672,417025.38,2033.00,2025,NUEVO 
25953,3N8CP5HE0SL471209,2025-01-01,1681,672,417025.38,2033.00,2025,NUEVO 
25954,3N8CP5HE7SL470719,2025-01-01,1681,672,417025.38,2033.00,2025,NUEVO 
25955,3N8CP5HE4SL469950,2025-01-01,1331,672,417025.38,2033.00,2025,NUEVO 
25956,3N8CP5HE0SL469783,2025-01-01,1681,672,417025.38,2033.00,2025,NUEVO 
25957,3N8CP5HE3SL469874,2025-01-01,1681,672,417025.38,552.32,2025,NUEVO 
25958,3N8CP5HE4SL469110,2025-01-01,1331,672,417025.38,2033.00,2025,NUEVO 
25959,3N8CP5HE6SL469657,2025-01-01,1984,672,386293.43,1883.18,2025,NUEVO 
25960,MNTFP5CP2R6012777,2025-01-01,1660,672,519109.84,1185.01,2024,FLOTILLA 
25961,3N8CP5HE0JL502845,2025-01-01,1681,672,202100.00,470.19,2018,SEMINUEVOS 
25962,MNTFP5CP9R6014428,2025-01-01,1660,672,524359.86,171.00,2024,FLOTILLA 
25963,3N8CP5HE7PL491240,2025-01-01,2026,672,298800.00,2338.61,2023,SEMINUEVOS 
25964,3N8CP5HE4RL593274,2025-01-01,1660,672,411049.72,4229.82,2024,FLOTILLA 
25965,3N8AP6HE3SL347058,2025-01-01,1681,672,472263.42,429.07,2025,NUEVO 
25966,MNTFP5CP5R6010845,2025-01-01,1681,672,519109.84,5341.78,2024,FLOTILLA 
25967,3N8AP6HE8SL310667,2025-01-01,1681,672,535427.74,1421.86,2025,NUEVO 
25968,3N8AP6HE3SL344306,2025-01-01,1331,672,504082.22,5187.15,2025,NUEVO 
25969,3N8AP6HE3SL345021,2025-01-01,1681,672,472263.42,3448.83,2025,NUEVO 
25970,3N8AP6HE6SL311932,2025-01-01,1681,672,504082.22,4517.84,2025,FLOTILLA 
25971,3N8AP6HE0SL337345,2025-01-01,1681,672,472263.42,4859.72,2025,NUEVO 
25972,3N8AP6HEXSL345095,2025-01-01,1681,672,504082.22,5187.15,2025,NUEVO 
25973,3N8AP6HE9SL346335,2025-01-01,2058,672,504082.22,4625.12,2025,NUEVO 
25974,MNTFP5CP3R6011329,2025-01-01,1385,672,415600.00,130.34,2024,SEMINUEVOS 
25975,MNTFP5CP2R6008129,2025-01-01,1681,672,392400.00,984.49,2024,SEMINUEVOS 
25976,MNTFP5CP8R6010399,2025-01-01,1331,672,528734.08,1989.80,2024,NUEVO 
25977,3N8CP5HE4RL590357,2025-01-01,1331,672,417025.38,130.78,2024,NUEVO 
25978,MNTFP5CP2R6012777,2025-01-01,1660,672,519109.84,1636.64,2024,FLOTILLA 
25979,3N8CP5HE2ML563862,2025-01-01,1681,672,207400.00,1634.72,2021,SEMINUEVOS 
25980,MNTFP5CP9R6014428,2025-01-01,1660,672,524359.86,2645.10,2024,FLOTILLA 
25981,3N8CP5HE7SL471675,2025-01-01,1681,672,386293.43,251.09,2025,NUEVO 
25982,3N8CP5HE9SL470625,2025-01-01,1681,672,386293.43,251.09,2025,NUEVO 
25983,93Y1R5F50PJ529091,2025-02-01,,674,154900.00,1006.85,2023,SEMINUEVOS 
25984,93Y1R5F5XPJ547355,2025-02-01,,674,154900.00,1057.19,2023,SEMINUEVOS 
25985,93Y1R3D50MJ870185,2025-01-01,1997,674,123100.00,752.71,2021,SEMINUEVOS 
25986,93Y1R5F50PJ529091,2025-01-01,1385,674,154900.00,1560.62,2023,SEMINUEVOS 
25987,93Y1R5F5XPJ547355,2025-01-01,1385,674,154900.00,1560.62,2023,SEMINUEVOS 
25988,MMBMLVSG7NH011558,2025-02-01,,675,312000.00,457.86,2022,SEMINUEVOS 
25989,MMBMLV5G5NH011607,2025-01-01,1681,675,312000.00,2460.30,2022,SEMINUEVOS 
25990,MMBMLVSG7NH011558,2025-01-01,1681,675,312000.00,2950.65,2022,SEMINUEVOS 
25991,MMBMLV5G7NH011558,2025-01-01,1681,675,312000.00,2535.26,2022,SEMINUEVOS 
25992,9FB4SR4D1PM439565,2025-02-01,,676,195200.00,1776.32,2023,SEMINUEVOS 
25993,9FB4SR4D6PM400485,2025-02-01,,676,214500.00,1031.77,2023,SEMINUEVOS 
25994,9FB4SR4D6PM400521,2025-02-01,,676,214500.00,693.64,2023,SEMINUEVOS 
25995,9FB4SR4D6PM400485,2025-01-01,1681,676,214500.00,1906.16,2023,SEMINUEVOS 
25996,9FB4SR4D6PM400521,2025-01-01,1681,676,214500.00,1885.28,2023,SEMINUEVOS 
25997,9FB4SR4D1PM439565,2025-01-01,1385,676,195200.00,1966.64,2023,SEMINUEVOS 
25998,3N1CK3CEXRL203464,2025-02-01,,678,246669.00,388.85,2024,FLOTILLA 
25999,3N1CK3CE8RL227066,2025-02-01,,678,271949.98,342.96,2024,FLOTILLA 
26000,3N1CK3CE5RL227073,2025-02-01,,678,271949.98,342.96,2024,FLOTILLA 
26001,3N1CK3CE4RL227274,2025-02-01,,678,271949.98,342.96,2024,FLOTILLA 
26002,3N1CK3CE4RL227145,2025-02-01,,678,271949.98,342.96,2024,FLOTILLA 
26003,3N1CK3CE4RL227095,2025-02-01,,678,271949.98,342.96,2024,FLOTILLA 
26004,3N1CK3CE3RL227220,2025-02-01,,678,271949.98,342.96,2024,FLOTILLA 
26005,3N1CK3CE2RL227239,2025-02-01,,678,271949.98,342.96,2024,FLOTILLA 
26006,3N1CK3CE1RL227166,2025-02-01,,678,271949.98,342.96,2024,FLOTILLA 
26007,3N1CK3CE1RL227040,2025-02-01,,678,271949.98,342.96,2024,FLOTILLA 
26008,3N1CK3CE3RL232790,2025-02-01,,678,276425.26,1917.32,2024,FLOTILLA 
26009,3N1CK3CEXRL230423,2025-02-01,,678,276425.26,1917.32,2024,FLOTILLA 
26010,3N1CK3CE4RL229655,2025-02-01,,678,276425.26,1917.32,2024,FLOTILLA 
26011,3N1CK3CE6RL229480,2025-02-01,,678,276425.26,1917.32,2024,FLOTILLA 
26012,3N1CK3CE2RL229427,2025-02-01,,678,276425.26,1917.32,2024,FLOTILLA 
26013,3N1CK3CE1RL228558,2025-02-01,,678,276425.26,1917.32,2024,FLOTILLA 
26014,3N1CK3CE4RL228585,2025-02-01,,678,276425.26,1917.32,2024,FLOTILLA 
26015,3N6CK34N7JL237746,2025-02-01,,678,126900.00,1120.25,2018,SEMINUEVOS 
26016,3N1CK3CE6RL234193,2025-02-01,,678,315804.94,2873.83,2024,NUEVO 
26017,3N1CK3CE0RL233945,2025-02-01,,678,302380.26,393.09,2024,NUEVO 
26018,3N1CK3CE1RL233906,2025-02-01,,678,276425.26,2515.47,2024,NUEVO 
26019,3N1CK3CEXRL233855,2025-02-01,,678,276425.26,977.39,2024,NUEVO 
26020,3N1CK3CE5RL233696,2025-02-01,,678,276425.26,2373.29,2024,NUEVO 
26021,3N1CK3CE2RL233557,2025-02-01,,678,281794.90,2381.17,2024,NUEVO 
26022,3N1CK3CE1RL234005,2025-02-01,,678,315804.94,2873.83,2024,NUEVO 
26023,3N1CK3CE8RL234129,2025-02-01,,678,281794.90,2472.75,2024,NUEVO 
26024,3N1CK3CE2RL234000,2025-02-01,,678,302380.26,973.24,2024,NUEVO 
26025,3N1CK3CE8RL233854,2025-02-01,,678,281794.90,2564.33,2024,NUEVO 
26026,3N1CK3CE1RL233212,2025-02-01,,678,281794.90,2564.33,2024,NUEVO 
26027,3N1CK3CE7RL231299,2025-02-01,,678,302380.26,687.92,2024,NUEVO 
26028,3N1CK3CE0RL232990,2025-02-01,,678,276425.26,2515.47,2024,FLOTILLA 
26029,3N1CK3CE0RL232973,2025-02-01,,678,276425.26,2515.47,2024,FLOTILLA 
26030,3N1CK3CE6RL232962,2025-02-01,,678,276425.26,2515.47,2024,FLOTILLA 
26031,3N1CK3CD0LL255197,2025-02-01,,678,130500.00,466.54,2020,SEMINUEVOS 
26032,3N1CK3CE2RL232991,2025-02-01,,678,276425.26,2515.47,2024,FLOTILLA 
26033,3N1CK3CE0RL232505,2025-02-01,,678,256734.26,1925.65,2024,FLOTILLA 
26034,3N1CK3CE9RL232521,2025-02-01,,678,256734.26,1925.65,2024,FLOTILLA 
26035,3N1CK3CE6RL232461,2025-02-01,,678,256734.26,1925.65,2024,FLOTILLA 
26036,3N1CK3CEXRL232561,2025-02-01,,678,256734.26,1925.65,2024,FLOTILLA 
26037,3N1CK3CEXRL233113,2025-02-01,,678,315804.94,2883.65,2024,NUEVO 
26038,3N1CK3CE7RL232811,2025-02-01,,678,302380.26,1183.31,2024,NUEVO 
26039,3N1CK3CE2RL233266,2025-02-01,,678,281794.90,2573.10,2024,NUEVO 
26040,3N1CK3CE7RL233246,2025-02-01,,678,281794.90,459.48,2024,NUEVO 
26041,3N1CK3CE7RL230735,2025-02-01,,678,256734.26,1925.65,2024,FLOTILLA 
26042,3N1CK3CE4RL232765,2025-02-01,,678,315804.94,2416.78,2024,NUEVO 
26043,3N1CK3CE6RL232847,2025-02-01,,678,281794.90,551.38,2024,NUEVO 
26044,3N1CK3CE8RL232557,2025-02-01,,678,302380.26,2761.07,2024,NUEVO 
26045,3N1CK3CE8RL232994,2025-02-01,,678,302380.26,2662.46,2024,NUEVO 
26046,3N1CK3CE9RL232258,2025-02-01,,678,256734.26,418.62,2024,NUEVO 
26047,3N1CK3CE1RL232268,2025-02-01,,678,256734.26,2297.47,2024,NUEVO 
26048,3N1CK3CE7RL232369,2025-02-01,,678,276425.26,1646.27,2024,NUEVO 
26049,3N1CK3CE8RL232395,2025-02-01,,678,281794.90,2487.20,2024,NUEVO 
26050,3N1CK3CE9RL232504,2025-02-01,,678,302380.26,2563.85,2024,NUEVO 
26051,3N1CK3CE6RL229642,2025-02-01,,678,276425.26,901.45,2024,NUEVO 
26052,3N1CK3CEXRL231118,2025-02-01,,678,276425.26,2524.07,2024,NUEVO 
26053,3N1CK3CE1RL221061,2025-02-01,,678,276425.26,2524.07,2024,NUEVO 
26054,3N1CK3CE7RL232260,2025-02-01,,678,311330.82,2842.80,2024,NUEVO 
26055,3N1CK3CE3RL232093,2025-02-01,,678,311330.82,2583.61,2024,NUEVO 
26056,3N1CK3CE6RL228605,2025-02-01,,678,252260.14,2274.44,2024,NUEVO 
26057,3N1CK3CE4RL231857,2025-02-01,,678,252260.14,334.95,2024,NUEVO 
26058,3N1CK3CE0RL230981,2025-02-01,,678,311330.82,2893.65,2024,NUEVO 
26059,3N1CK3CEXRL231765,2025-02-01,,678,277320.78,2577.54,2024,NUEVO 
26060,3N1CK3CE6RL229320,2025-02-01,,678,271949.98,812.45,2024,FLOTILLA 
26061,3N1CK3CE1RL224459,2025-02-01,,678,277320.78,2577.54,2024,NUEVO 
26062,3N1CK3CE8RL229075,2025-02-01,,678,297904.98,2768.86,2024,NUEVO 
26063,3N1CK3CE1RL230438,2025-02-01,,678,277320.78,1012.61,2024,NUEVO 
26064,3N1CK3CEXRL229594,2025-02-01,,678,252260.14,2344.62,2024,FLOTILLA 
26065,3N1CK3CE7RL228368,2025-02-01,,678,277320.78,1338.55,2024,NUEVO 
26066,3N1CK3CE2RL228780,2025-02-01,,678,277320.78,2584.01,2024,NUEVO 
26067,3N1CK3CE1RL227359,2025-02-01,,678,311330.82,2000.74,2024,NUEVO 
26068,3N1CK3CD8KL210586,2025-02-01,,678,281600.00,1630.03,2019,SEMINUEVOS 
26069,3N1CK3CE7RL226099,2025-02-01,,678,252260.14,329.06,2024,NUEVO 
26070,3N1CK3CE7RL226510,2025-02-01,,678,277320.78,747.39,2024,NUEVO 
26071,3N1CK3CE7RL221601,2025-02-01,,678,273741.02,2431.43,2024,NUEVO 
26072,3N1CK3CE0RL221214,2025-02-01,,678,273741.02,260.51,2024,NUEVO 
26073,3N1CK3CE8RL217119,2025-02-01,,678,273741.02,2224.72,2024,DEMO 
26074,3N1CK3CD3JL238536,2025-02-01,,678,130700.00,80.38,2018,SEMINUEVOS 
26075,3N1CK3CEXRL232561,2025-02-01,,678,256734.26,394.73,2024,FLOTILLA 
26076,3N1CK3CE9RL232521,2025-02-01,,678,256734.26,394.73,2024,FLOTILLA 
26077,3N1CK3CE7RL230735,2025-02-01,,678,256734.26,394.73,2024,FLOTILLA 
26078,3N1CK3CE6RL232461,2025-02-01,,678,256734.26,394.73,2024,FLOTILLA 
26079,3N1CK3CE0RL232505,2025-02-01,,678,256734.26,394.73,2024,FLOTILLA 
26080,3N1CK3CE5NL216634,2025-02-01,,678,165000.00,405.90,2022,SEMINUEVOS 
26081,3N1CK3CEXRL203464,2025-02-01,,678,266900.00,164.14,2024,SEMINUEVOS 
26082,3N1CK3CE6RL229642,2025-02-01,,678,276425.26,259.84,2024,FLOTILLA 
26083,3N1CK3CE6RL229320,2025-02-01,,678,271949.98,1619.01,2024,FLOTILLA 
26084,3N1CK3CE8RL227066,2025-02-01,,678,271949.98,1107.74,2024,FLOTILLA 
26085,3N1CK3CE5RL227073,2025-02-01,,678,271949.98,1107.74,2024,FLOTILLA 
26086,3N1CK3CE4RL227274,2025-02-01,,678,271949.98,1107.74,2024,FLOTILLA 
26087,3N1CK3CE4RL227145,2025-02-01,,678,271949.98,1107.74,2024,FLOTILLA 
26088,3N1CK3CE4RL227095,2025-02-01,,678,271949.98,1107.74,2024,FLOTILLA 
26089,3N1CK3CE3RL227220,2025-02-01,,678,271949.98,1107.74,2024,FLOTILLA 
26090,3N1CK3CE2RL227239,2025-02-01,,678,271949.98,1107.74,2024,FLOTILLA 
26091,3N1CK3CE1RL227166,2025-02-01,,678,271949.98,1107.74,2024,FLOTILLA 
26092,3N1CK3CE1RL227040,2025-02-01,,678,271949.98,1107.74,2024,FLOTILLA 
26093,3N1CK3CE0RL232701,2025-02-01,,678,276425.26,2427.32,2024,FLOTILLA 
26094,3N1CK3CE7RL224451,2025-02-01,,678,271949.98,2046.88,2024,FLOTILLA 
26095,3N1CK3CE0RL226980,2025-02-01,,678,271949.98,1449.87,2024,FLOTILLA 
26096,3N1CK3CE0RL226963,2025-02-01,,678,271949.98,1449.87,2024,FLOTILLA 
26097,3N1CK3CEXRL226971,2025-02-01,,678,271949.98,1449.87,2024,FLOTILLA 
26098,3N1CK3CE9RL226394,2025-02-01,,678,271949.98,1449.87,2024,FLOTILLA 
26099,3N1CK3CE8RL226855,2025-02-01,,678,271949.98,1449.87,2024,FLOTILLA 
26100,3N1CK3CE7RL226605,2025-02-01,,678,271949.98,1449.87,2024,FLOTILLA 
26101,3N1CK3CE7RL226569,2025-02-01,,678,271949.98,1449.87,2024,FLOTILLA 
26102,3N1CK3CE6RL227065,2025-02-01,,678,271949.98,1449.87,2024,FLOTILLA 
26103,3N1CK3CE5RL226649,2025-02-01,,678,271949.98,1449.87,2024,FLOTILLA 
26104,3N1CK3CE3RL226651,2025-02-01,,678,271949.98,1449.87,2024,FLOTILLA 
26105,3N1CK3CE3RL226424,2025-02-01,,678,271949.98,1449.87,2024,FLOTILLA 
26106,3N1CK3CE2RL226947,2025-02-01,,678,271949.98,1449.87,2024,FLOTILLA 
26107,3N1CK3CE2RL226608,2025-02-01,,678,271949.98,1449.87,2024,FLOTILLA 
26108,3N1CK3CE2RL226589,2025-02-01,,678,271949.98,1449.87,2024,FLOTILLA 
26109,3N1CK3CE2RL226561,2025-02-01,,678,271949.98,1449.87,2024,FLOTILLA 
26110,3N1CK3CE1RL227104,2025-02-01,,678,271949.98,1449.87,2024,FLOTILLA 
26111,3N1CK3CE1RL226549,2025-02-01,,678,271949.98,1620.44,2024,FLOTILLA 
26112,3N1CK3CE0RL226946,2025-02-01,,678,271949.98,1449.87,2024,FLOTILLA 
26113,3N1CK3CE8RL221719,2025-02-01,,678,256734.26,2104.51,2024,FLOTILLA 
26114,3N1CK3CE7RL228368,2025-01-01,1331,678,277320.78,2853.71,2024,NUEVO 
26115,3N1CK3CE8RL230582,2025-01-01,1288,678,252260.14,1758.46,2024,FLOTILLA 
26116,3N1CK3CE1RL230665,2025-01-01,1288,678,252260.14,1256.05,2024,FLOTILLA 
26117,3N1CK3CE2RL228780,2025-01-01,1568,678,277320.78,2860.87,2024,NUEVO 
26118,3N1CK3CE6RL227065,2025-01-01,1681,678,271949.98,2352.97,2024,FLOTILLA 
26119,3N1CK3CEXRL226971,2025-01-01,1681,678,271949.98,2352.97,2024,FLOTILLA 
26120,3N1CK3CE1RL227104,2025-01-01,1681,678,271949.98,2352.97,2024,FLOTILLA 
26121,3N1CK3CE0RL226980,2025-01-01,1681,678,271949.98,2352.97,2024,FLOTILLA 
26122,3N1CK3CE0RL226963,2025-01-01,1681,678,271949.98,2352.97,2024,FLOTILLA 
26123,3N1CK3CE2RL226947,2025-01-01,1681,678,271949.98,2352.97,2024,FLOTILLA 
26124,3N1CK3CE0RL226946,2025-01-01,1681,678,271949.98,2352.97,2024,FLOTILLA 
26125,3N1CK3CE8RL226855,2025-01-01,1681,678,271949.98,2352.97,2024,FLOTILLA 
26126,3N1CK3CE7RL226605,2025-01-01,1681,678,271949.98,2352.97,2024,FLOTILLA 
26127,3N1CK3CE5RL226649,2025-01-01,1681,678,271949.98,2352.97,2024,FLOTILLA 
26128,3N1CK3CE3RL226651,2025-01-01,1681,678,271949.98,2352.97,2024,FLOTILLA 
26129,3N1CK3CE7RL226569,2025-01-01,1681,678,271949.98,2352.97,2024,FLOTILLA 
26130,3N1CK3CE2RL226561,2025-01-01,1681,678,271949.98,2352.97,2024,FLOTILLA 
26131,3N1CK3CE1RL226549,2025-01-01,1681,678,271949.98,2352.97,2024,FLOTILLA 
26132,3N1CK3CE2RL226608,2025-01-01,1681,678,271949.98,2352.97,2024,FLOTILLA 
26133,3N1CK3CE3RL226424,2025-01-01,1681,678,271949.98,2352.97,2024,FLOTILLA 
26134,3N1CK3CE9RL226394,2025-01-01,1681,678,271949.98,2352.97,2024,FLOTILLA 
26135,3N1CK3CE2RL226589,2025-01-01,1681,678,271949.98,2352.97,2024,FLOTILLA 
26136,3N1CK3CE8RL228010,2025-01-01,1681,678,297904.98,777.20,2024,NUEVO 
26137,3N1CK3CE1RL227359,2025-01-01,1681,678,311330.82,3147.38,2024,NUEVO 
26138,3N1CK3CE1RL227166,2025-01-01,1681,678,271949.98,443.43,2024,FLOTILLA 
26139,3N1CK3CE4RL227274,2025-01-01,1681,678,271949.98,443.43,2024,FLOTILLA 
26140,3N1CK3CE2RL227239,2025-01-01,1681,678,271949.98,443.43,2024,FLOTILLA 
26141,3N1CK3CE3RL227220,2025-01-01,1681,678,271949.98,443.43,2024,FLOTILLA 
26142,3N1CK3CE1RL227040,2025-01-01,1681,678,271949.98,443.43,2024,FLOTILLA 
26143,3N1CK3CE8RL227066,2025-01-01,1681,678,271949.98,443.43,2024,FLOTILLA 
26144,3N1CK3CE4RL227095,2025-01-01,1681,678,271949.98,443.43,2024,FLOTILLA 
26145,3N1CK3CE5RL227073,2025-01-01,1681,678,271949.98,443.43,2024,FLOTILLA 
26146,3N1CK3CE4RL227145,2025-01-01,1681,678,271949.98,443.43,2024,FLOTILLA 
26147,3N1CK3CD8KL210586,2025-01-01,1385,678,281600.00,2594.28,2019,SEMINUEVOS 
26148,3N1CK3CE2RL226544,2025-01-01,1331,678,252260.14,246.79,2024,NUEVO 
26149,3N1CK3CE7RL226099,2025-01-01,1331,678,252260.14,2550.21,2024,NUEVO 
26150,3N1CK3CE7RL226510,2025-01-01,1681,678,277320.78,2803.56,2024,NUEVO 
26151,3N1CK3CE2RL226821,2025-01-01,2016,678,277320.78,723.50,2024,NUEVO 
26152,3N1CK3CE7RL224210,2025-01-01,1288,678,252260.14,1233.97,2024,FLOTILLA 
26153,3N1CK3CE7RL224451,2025-01-01,1290,678,271949.98,2624.47,2024,NUEVO 
26154,3N1CK3CD3JL264134,2025-01-01,2049,678,170500.00,895.13,2018,SEMINUEVOS 
26155,3N1CK3CE8RL222773,2025-01-01,1681,678,277320.78,1479.04,2024,NUEVO 
26156,3N1CK3CE5RL222004,2025-01-01,1681,678,297904.98,2780.45,2024,NUEVO 
26157,3N1CK3CE7RL221601,2025-01-01,1331,678,273741.02,2691.94,2024,NUEVO 
26158,3N1CK3CE9RL221471,2025-01-01,1681,678,248680.38,236.66,2024,NUEVO 
26159,3N1CK3CE0RL221214,2025-01-01,1681,678,273741.02,2691.94,2024,NUEVO 
26160,3N1CK3CE8RL217119,2025-01-01,1681,678,273741.02,321.65,2024,DEMO 
26161,3N1CK3CE6RL234193,2025-01-01,1331,678,315804.94,1642.19,2024,NUEVO 
26162,3N1CK3CE0RL233945,2025-01-01,1681,678,302380.26,1572.38,2024,NUEVO 
26163,3N1CK3CE1RL233906,2025-01-01,1681,678,276425.26,1437.41,2024,NUEVO 
26164,3N1CK3CEXRL233855,2025-01-01,1681,678,276425.26,1437.41,2024,NUEVO 
26165,3N1CK3CE5RL233696,2025-01-01,1331,678,276425.26,1437.41,2024,NUEVO 
26166,3N1CK3CE2RL233557,2025-01-01,1331,678,281794.90,1465.33,2024,NUEVO 
26167,3N1CK3CE1RL234005,2025-01-01,1681,678,315804.94,1642.19,2024,NUEVO 
26168,3N1CK3CE8RL234129,2025-01-01,1681,678,281794.90,1465.33,2024,NUEVO 
26169,3N1CK3CE2RL234000,2025-01-01,1331,678,302380.26,1572.38,2024,NUEVO 
26170,3N1CK3CE8RL233854,2025-01-01,1331,678,281794.90,1465.33,2024,NUEVO 
26171,3N1CK3CE1RL233212,2025-01-01,1681,678,281794.90,1465.33,2024,NUEVO 
26172,3N1CK3CE7RL231299,2025-01-01,1681,678,302380.26,1572.38,2024,NUEVO 
26173,3N1CK3CE0RL232990,2025-01-01,1681,678,276425.26,1347.57,2024,FLOTILLA 
26174,3N1CK3CE0RL232973,2025-01-01,1681,678,276425.26,1347.57,2024,FLOTILLA 
26175,3N1CK3CE6RL232962,2025-01-01,1681,678,276425.26,1347.57,2024,FLOTILLA 
26176,3N1CK3CD0LL255197,2025-01-01,1681,678,130500.00,1314.79,2020,SEMINUEVOS 
26177,3N1CK3CE2RL232991,2025-01-01,1681,678,276425.26,1437.41,2024,FLOTILLA 
26178,3N1CK3CEXRL203464,2025-01-01,1331,678,246669.00,563.09,2024,FLOTILLA 
26179,3N1CK3CE3RL233373,2025-01-01,1681,678,276425.26,453.39,2024,NUEVO 
26180,3N1CK3CEXRL233421,2025-01-01,1681,678,302380.26,1577.75,2024,NUEVO 
26181,3N1CK3CE2RL233316,2025-01-01,1681,678,302380.26,1852.78,2024,NUEVO 
26182,3N1CK3CE0RL232505,2025-01-01,1305,678,256734.26,1841.93,2024,FLOTILLA 
26183,3N1CK3CE9RL232521,2025-01-01,1305,678,256734.26,1841.93,2024,FLOTILLA 
26184,3N1CK3CE6RL232461,2025-01-01,1305,678,256734.26,1841.93,2024,FLOTILLA 
26185,3N1CK3CEXRL232561,2025-01-01,1305,678,256734.26,1841.93,2024,FLOTILLA 
26186,3N1CK3CEXRL233113,2025-01-01,1331,678,315804.94,2780.66,2024,NUEVO 
26187,3N1CK3CE7RL232811,2025-01-01,1681,678,302380.26,2662.46,2024,NUEVO 
26188,3N1CK3CE2RL233266,2025-01-01,1681,678,281794.90,2481.20,2024,NUEVO 
26189,3N1CK3CE7RL233246,2025-01-01,2040,678,281794.90,2481.20,2024,NUEVO 
26190,3N1CK3CE7RL230735,2025-01-01,1305,678,256734.26,1841.93,2024,FLOTILLA 
26191,3N1CK3CE4RL232765,2025-01-01,1681,678,315804.94,2883.65,2024,NUEVO 
26192,3N1CK3CE6RL232847,2025-01-01,1681,678,281794.90,2573.10,2024,NUEVO 
26193,3N1CK3CE8RL232557,2025-01-01,1681,678,302380.26,2761.07,2024,NUEVO 
26194,3N1CK3CE8RL232994,2025-01-01,1681,678,302380.26,2761.07,2024,NUEVO 
26195,3N1CK3CE9RL232258,2025-01-01,2073,678,256734.26,2344.27,2024,NUEVO 
26196,3N1CK3CE0RL232701,2025-01-01,1290,678,276425.26,2343.78,2024,NUEVO 
26197,3N1CK3CE2RL232277,2025-01-01,1681,678,302380.26,2268.02,2024,NUEVO 
26198,3N1CK3CE1RL232268,2025-01-01,1681,678,256734.26,2344.27,2024,NUEVO 
26199,3N1CK3CE7RL232369,2025-01-01,1681,678,276425.26,2524.07,2024,NUEVO 
26200,3N1CK3CE8RL232395,2025-01-01,1681,678,281794.90,2573.10,2024,NUEVO 
26201,3N1CK3CE9RL232504,2025-01-01,1331,678,302380.26,2761.07,2024,NUEVO 
26202,3N1CK3CE6RL229642,2025-01-01,1331,678,276425.26,2794.51,2024,NUEVO 
26203,3N1CK3CEXRL231118,2025-01-01,1681,678,276425.26,2794.51,2024,NUEVO 
26204,3N1CK3CE1RL221061,2025-01-01,1681,678,276425.26,2794.51,2024,NUEVO 
26205,3N1CK3CE5RL219975,2025-01-01,1305,678,252260.14,411.32,2024,FLOTILLA 
26206,3N1CK3CE7RL232260,2025-01-01,1331,678,311330.82,3147.38,2024,NUEVO 
26207,3N1CK3CE8RL231635,2025-01-01,1681,678,297904.98,1488.28,2024,NUEVO 
26208,3N1CK3CE2RL232103,2025-01-01,1681,678,297904.98,1186.65,2024,NUEVO 
26209,3N1CK3CE3RL232059,2025-01-01,1681,678,252260.14,2120.20,2024,NUEVO 
26210,3N1CK3CE3RL232093,2025-01-01,1331,678,311330.82,3203.68,2024,NUEVO 
26211,3N1CK3CE6RL228605,2025-01-01,1331,678,252260.14,2595.83,2024,NUEVO 
26212,3N1CK3CE4RL231857,2025-01-01,1681,678,252260.14,2595.83,2024,NUEVO 
26213,3N1CK3CE0RL230981,2025-01-01,1331,678,311330.82,3203.68,2024,NUEVO 
26214,3N1CK3CEXRL231765,2025-01-01,1331,678,277320.78,2853.71,2024,NUEVO 
26215,3N1CK3CE6RL229320,2025-01-01,1681,678,271949.98,2798.44,2024,FLOTILLA 
26216,3N1CK3CE6RL230886,2025-01-01,1681,678,277320.78,2769.10,2024,NUEVO 
26217,3N1CK3CE5RL230717,2025-01-01,1681,678,297904.98,1681.09,2024,NUEVO 
26218,3N1CK3CE1RL224459,2025-01-01,1681,678,277320.78,2853.71,2024,NUEVO 
26219,3N1CK3CE9RL225374,2025-01-01,1681,678,311330.82,1343.48,2024,NUEVO 
26220,3N1CK3CE8RL229075,2025-01-01,1681,678,297904.98,3065.53,2024,NUEVO 
26221,3N1CK3CE1RL230438,2025-01-01,1681,678,277320.78,2853.71,2024,NUEVO 
26222,3N1CK3CEXRL229594,2025-01-01,1681,678,252260.14,2595.83,2024,FLOTILLA 
26223,3N1CK3CE0RL232701,2025-01-01,1290,678,276425.26,173.38,2024,FLOTILLA 
26224,3N1CK3CE7RL224451,2025-01-01,1290,678,271949.98,170.57,2024,FLOTILLA 
26225,3N1CK3CE0RL226980,2025-01-01,1681,678,271949.98,426.43,2024,FLOTILLA 
26226,3N1CK3CE0RL226963,2025-01-01,1681,678,271949.98,426.43,2024,FLOTILLA 
26227,3N1CK3CEXRL226971,2025-01-01,1681,678,271949.98,426.43,2024,FLOTILLA 
26228,3N1CK3CE9RL226394,2025-01-01,1681,678,271949.98,426.43,2024,FLOTILLA 
26229,3N1CK3CE8RL226855,2025-01-01,1681,678,271949.98,426.43,2024,FLOTILLA 
26230,3N1CK3CE7RL226605,2025-01-01,1681,678,271949.98,426.43,2024,FLOTILLA 
26231,3N1CK3CE7RL226569,2025-01-01,1681,678,271949.98,426.43,2024,FLOTILLA 
26232,3N1CK3CE6RL227065,2025-01-01,1681,678,271949.98,426.43,2024,FLOTILLA 
26233,3N1CK3CE5RL226649,2025-01-01,1681,678,271949.98,426.43,2024,FLOTILLA 
26234,3N1CK3CE3RL226651,2025-01-01,1681,678,271949.98,426.43,2024,FLOTILLA 
26235,3N1CK3CE3RL226424,2025-01-01,1681,678,271949.98,426.43,2024,FLOTILLA 
26236,3N1CK3CE2RL226947,2025-01-01,1681,678,271949.98,426.43,2024,FLOTILLA 
26237,3N1CK3CE2RL226608,2025-01-01,1681,678,271949.98,426.43,2024,FLOTILLA 
26238,3N1CK3CE2RL226589,2025-01-01,1681,678,271949.98,426.43,2024,FLOTILLA 
26239,3N1CK3CE2RL226561,2025-01-01,1681,678,271949.98,426.43,2024,FLOTILLA 
26240,3N1CK3CE1RL227104,2025-01-01,1681,678,271949.98,426.43,2024,FLOTILLA 
26241,3N1CK3CE1RL226549,2025-01-01,1681,678,271949.98,426.43,2024,FLOTILLA 
26242,3N1CK3CE0RL226946,2025-01-01,1681,678,271949.98,426.43,2024,FLOTILLA 
26243,3N1CK3CE8ML203665,2025-01-01,1681,678,171300.00,107.44,2021,SEMINUEVOS 
26244,3N1CK3CE8RL221719,2025-01-01,1288,678,256734.26,971.31,2024,FLOTILLA 
26245,3N1CK3CEXRL203464,2025-01-01,1331,678,246669.00,1866.46,2024,FLOTILLA 
26246,3N1CK3CE4NL201395,2025-01-01,1990,678,194400.00,798.54,2022,SEMINUEVOS 
26247,3N1CK3CE8RL227066,2025-01-01,1681,678,271949.98,2229.23,2024,FLOTILLA 
26248,3N1CK3CE5RL227073,2025-01-01,1681,678,271949.98,2229.23,2024,FLOTILLA 
26249,3N1CK3CE4RL227274,2025-01-01,1681,678,271949.98,2229.23,2024,FLOTILLA 
26250,3N1CK3CE4RL227145,2025-01-01,1681,678,271949.98,2229.23,2024,FLOTILLA 
26251,3N1CK3CE4RL227095,2025-01-01,1681,678,271949.98,2229.23,2024,FLOTILLA 
26252,3N1CK3CE3RL227220,2025-01-01,1681,678,271949.98,2229.23,2024,FLOTILLA 
26253,3N1CK3CE2RL227239,2025-01-01,1681,678,271949.98,2229.23,2024,FLOTILLA 
26254,3N1CK3CE1RL227166,2025-01-01,1681,678,271949.98,2229.23,2024,FLOTILLA 
26255,3N1CK3CE1RL227040,2025-01-01,1681,678,271949.98,2229.23,2024,FLOTILLA 
26256,3N6CK34N7JL237746,2025-01-01,1385,678,126900.00,960.21,2018,SEMINUEVOS 
26257,3N1CK3CE5RL219975,2025-01-01,1305,678,252260.14,636.26,2024,FLOTILLA 
26258,LSJA36E9XNZ079507,2025-02-01,,679,161300.00,606.49,2022,SEMINUEVOS 
26259,LSJA36E92PZ041031,2025-02-01,,679,166900.00,889.02,2023,SEMINUEVOS 
26260,LSJA36E98PZ036142,2025-02-01,,679,166900.00,889.02,2023,SEMINUEVOS 
26261,3N6AD35A7RK855406,2025-02-01,,682,413537.74,521.52,2024,FLOTILLA 
26262,3N6AD35A4RK855282,2025-02-01,,682,413537.74,521.52,2024,FLOTILLA 
26263,3N6AD35A4RK817745,2025-02-01,,682,407562.02,385.49,2024,FLOTILLA 
26264,3N6AD35AXSK805315,2025-02-01,,682,429167.74,697.40,2025,NUEVO 
26265,3N6AD35A4SK805214,2025-02-01,,682,429167.74,557.92,2025,NUEVO 
26266,3N6AD35A6SK805215,2025-02-01,,682,429167.74,697.40,2025,NUEVO 
26267,3N6AD35A3SK805205,2025-02-01,,682,429167.74,2231.67,2025,NUEVO 
26268,3N6CD35AXRK864528,2025-02-01,,682,439402.63,3998.56,2024,FLOTILLA 
26269,3N6AD35A3RK859016,2025-02-01,,682,404855.00,3684.18,2024,FLOTILLA 
26270,3N6AD35A3RK866435,2025-02-01,,682,419615.56,2454.75,2024,NUEVO 
26271,3N6AD35A9RK866391,2025-02-01,,682,419615.56,545.50,2024,NUEVO 
26272,3N6AD35AXRK867209,2025-02-01,,682,419615.56,545.50,2024,NUEVO 
26273,3N6AD35AXRK865962,2025-02-01,,682,419615.56,2454.75,2024,NUEVO 
26274,3N6AD35A2RK856124,2025-02-01,,682,413537.75,3776.06,2024,FLOTILLA 
26275,3N6AD35A1RK864702,2025-02-01,,682,404855.00,1848.39,2024,NUEVO 
26276,3N6AD35A9RK865452,2025-02-01,,682,404855.00,1848.39,2024,NUEVO 
26277,3N6AD35AXRK858588,2025-02-01,,682,413537.75,2470.89,2024,NUEVO 
26278,3N6AD35A6RK860516,2025-02-01,,682,413537.75,686.36,2024,NUEVO 
26279,3N6AD35A5RK864296,2025-02-01,,682,413537.75,686.36,2024,NUEVO 
26280,3N6AD35A3RK850073,2025-02-01,,682,413537.75,3431.79,2024,FLOTILLA 
26281,3N6AD35A2RK864935,2025-02-01,,682,413537.75,167.93,2024,NUEVO 
26282,3N6AD35A3RK859050,2025-02-01,,682,413537.75,104.91,2024,NUEVO 
26283,3N6AD31A8RK841908,2025-02-01,,682,417879.22,1668.73,2024,FLOTILLA 
26284,3N6AD31A2RK844660,2025-02-01,,682,417879.22,1668.73,2024,FLOTILLA 
26285,3N6AD31A4RK832607,2025-02-01,,682,414406.18,1654.86,2024,FLOTILLA 
26286,3N6AD31A0RK832636,2025-02-01,,682,414406.18,1621.71,2024,FLOTILLA 
26287,3N6AD35A8RK853440,2025-02-01,,682,413537.74,3776.06,2024,FLOTILLA 
26288,3N6AD35A9RK849638,2025-02-01,,682,413537.74,3776.06,2024,FLOTILLA 
26289,3N6AD31A3RK846580,2025-02-01,,682,417879.22,188.01,2024,NUEVO 
26290,3N6AD35A5RK840659,2025-02-01,,682,409196.45,3325.57,2024,DEMO 
26291,3N6AD35A6RK842436,2025-02-01,,682,409196.45,3325.57,2024,DEMO 
26292,3N6CD35A2RK824525,2025-02-01,,682,435186.98,3892.51,2024,NUEVO 
26293,3N6AD31A7RK830687,2025-01-01,2046,682,414406.18,3438.88,2024,NUEVO 
26294,3N6CD35A8RK828577,2025-01-01,1331,682,435164.57,4305.59,2024,NUEVO 
26295,3N6AD35A3SK807312,2025-02-01,,682,429167.75,134.59,2025,NUEVO 
26296,3N6AD35A5SK805268,2025-02-01,,682,429167.74,3068.55,2025,NUEVO 
26297,3N6AD35A4SK805195,2025-02-01,,682,429167.74,3486.99,2025,NUEVO 
26298,3N6AD35A3RK864524,2025-02-01,,682,413537.75,8648.11,2024,NUEVO 
26299,3N6AD35A5RK860703,2025-02-01,,682,413537.75,9104.95,2024,NUEVO 
26300,3N6AD35A3RK858867,2025-02-01,,682,413537.75,9197.19,2024,NUEVO 
26301,3N6CD35AXRK832503,2025-02-01,,682,435164.58,33194.72,2024,NUEVO 
26302,3N6CD35A8RK828577,2025-02-01,,682,435164.57,35000.29,2024,NUEVO 
26303,3N6AD35A6SK808244,2025-02-01,,682,429167.74,134.59,2025,NUEVO 
26304,3N6AD35A6RK864789,2025-02-01,,682,404855.00,6997.47,2024,NUEVO 
26305,3N6AD35A6RK865599,2025-02-01,,682,413537.75,8373.57,2024,NUEVO 
26306,3N6AD35A6RK861178,2025-02-01,,682,413537.75,1017.30,2024,FLOTILLA 
26307,3N6AD35A5RK861253,2025-02-01,,682,413537.75,1017.30,2024,FLOTILLA 
26308,3N6AD35A1RK861301,2025-02-01,,682,413537.75,1017.30,2024,FLOTILLA 
26309,3N6AD35A1SK808667,2025-02-01,,682,429167.74,538.37,2025,NUEVO 
26310,3N6AD35A1RK859483,2025-02-01,,682,413537.75,8785.38,2024,NUEVO 
26311,3N6AD31A6RK856536,2025-02-01,,682,418746.90,13519.24,2024,NUEVO 
26312,3N6AD31AXRK854787,2025-02-01,,682,418746.90,13519.24,2024,NUEVO 
26313,3N6AD31A2RK851477,2025-02-01,,682,418746.90,15832.82,2024,NUEVO 
26314,3N6AD31A8RK852780,2025-02-01,,682,418746.90,15971.70,2024,NUEVO 
26315,3N6AD31A3RK853044,2025-02-01,,682,418746.90,16303.91,2024,NUEVO 
26316,3N6AD31A9RK852724,2025-02-01,,682,418746.90,16582.61,2024,NUEVO 
26317,3N6AD31A8RK848227,2025-02-01,,682,418746.90,16582.61,2024,NUEVO 
26318,3N6AD31A6RK852406,2025-02-01,,682,418746.90,17279.36,2024,NUEVO 
26319,3N6AD31A4RK841131,2025-02-01,,682,414406.18,25293.17,2024,NUEVO 
26320,3N6AD31A9RK860662,2025-02-01,,682,418746.90,1287.65,2024,FLOTILLA 
26321,3N6AD31A5RK860884,2025-02-01,,682,418746.90,1287.65,2024,FLOTILLA 
26322,3N6AD31A0RK860811,2025-02-01,,682,418746.90,1287.65,2024,FLOTILLA 
26323,3N6AD35A3RK866435,2025-02-01,,682,419615.56,1290.32,2024,FLOTILLA 
26324,3N6AD35AXRK865962,2025-02-01,,682,419615.56,1161.29,2024,FLOTILLA 
26325,3N6AD35AXRK858588,2025-02-01,,682,413537.75,1144.47,2024,FLOTILLA 
26326,3N6AD31A0RK854927,2025-02-01,,682,418746.90,13519.24,2024,NUEVO 
26327,3N6AD31A1RK842480,2025-02-01,,682,414406.18,23805.33,2024,NUEVO 
26328,3N6AD35A3SK805205,2025-02-01,,682,429167.74,263.94,2025,FLOTILLA 
26329,3N6AD35A1RK864702,2025-02-01,,682,404855.00,1775.96,2024,FLOTILLA 
26330,3N6AD35A9RK865452,2025-02-01,,682,404855.00,1775.96,2024,FLOTILLA 
26331,3N6AD35A3PK809598,2025-02-01,,682,287600.00,1081.38,2023,SEMINUEVOS 
26332,3N6AD35A7RK855406,2025-02-01,,682,413537.74,1036.60,2024,FLOTILLA 
26333,3N6AD35A4RK855282,2025-02-01,,682,413537.74,1036.60,2024,FLOTILLA 
26334,3N6AD35A4RK817745,2025-02-01,,682,407562.02,1149.32,2024,FLOTILLA 
26335,3N6AD35A6RK861178,2025-02-01,,682,413537.75,2593.80,2024,FLOTILLA 
26336,3N6AD35A5RK861253,2025-02-01,,682,413537.75,2593.80,2024,FLOTILLA 
26337,3N6AD35A1RK861301,2025-02-01,,682,413537.75,2593.80,2024,FLOTILLA 
26338,3N6AD31A5RK860884,2025-02-01,,682,418746.90,2363.83,2024,FLOTILLA 
26339,3N6AD31A9RK860662,2025-02-01,,682,418746.90,2363.83,2024,FLOTILLA 
26340,3N6AD31A0RK860811,2025-02-01,,682,418746.90,2363.83,2024,FLOTILLA 
26341,3N6AD35A2RK859380,2025-02-01,,682,419615.56,3684.69,2024,FLOTILLA 
26342,3N6AD35A1RK864537,2025-01-01,2034,682,413537.75,411.81,2024,NUEVO 
26343,3N6AD35A1RK859483,2025-01-01,1681,682,413537.75,4255.42,2024,NUEVO 
26344,3N6AD35A4RK859607,2025-01-01,1681,682,413537.75,1697.32,2024,NUEVO 
26345,3N6AD35A9RK859263,2025-01-01,1681,682,413537.75,308.39,2024,NUEVO 
26346,3N6AD35A3RK859050,2025-01-01,2006,682,413537.75,4255.42,2024,NUEVO 
26347,3N6AD35A5RK860703,2025-01-01,1681,682,413537.75,4255.42,2024,NUEVO 
26348,3N6AD35A3RK858867,2025-01-01,1657,682,413537.75,4255.42,2024,NUEVO 
26349,3N6AD35A8RK859108,2025-01-01,2028,682,413537.75,1259.09,2024,NUEVO 
26350,3N6AD35A3RK858741,2025-01-01,2047,682,413537.75,1686.40,2024,NUEVO 
26351,3N6AD35A6RK858877,2025-01-01,2032,682,413537.75,1602.89,2024,NUEVO 
26352,3N6AD35A5RK861253,2025-01-01,1660,682,413537.75,2889.94,2024,FLOTILLA 
26353,3N6AD35A6RK861178,2025-01-01,1660,682,413537.75,2889.94,2024,FLOTILLA 
26354,3N6AD35A1RK861301,2025-01-01,1331,682,413537.75,2889.94,2024,FLOTILLA 
26355,3N6AD31A0RK860811,2025-01-01,1331,682,418746.90,2647.64,2024,FLOTILLA 
26356,3N6AD31A5RK860884,2025-01-01,1331,682,418746.90,2647.64,2024,FLOTILLA 
26357,3N6AD31A9RK860662,2025-01-01,1331,682,418746.90,2647.64,2024,FLOTILLA 
26358,3N6AD31A8RK841908,2025-01-01,1660,682,417879.22,4310.89,2024,FLOTILLA 
26359,3N6AD31A2RK844660,2025-01-01,1660,682,417879.22,4310.89,2024,FLOTILLA 
26360,3N6AD31A4RK832607,2025-01-01,1660,682,414406.18,4275.06,2024,FLOTILLA 
26361,3N6AD31A0RK832636,2025-01-01,1660,682,414406.18,4189.42,2024,FLOTILLA 
26362,3N6AD35A4RK855282,2025-01-01,1660,682,413537.74,674.30,2024,FLOTILLA 
26363,3N6AD35A7RK855406,2025-01-01,1660,682,413537.74,674.30,2024,FLOTILLA 
26364,3N6AD31A6RK856536,2025-01-01,1681,682,418746.90,4233.30,2024,NUEVO 
26365,3N6AD31AXRK854787,2025-01-01,1681,682,418746.90,4233.30,2024,NUEVO 
26366,3N6AD31A0RK854927,2025-01-01,1681,682,418746.90,4233.30,2024,NUEVO 
26367,3N6AD35A8RK853440,2025-01-01,1681,682,413537.74,4180.64,2024,FLOTILLA 
26368,3N6AD35A9RK849638,2025-01-01,1681,682,413537.74,4180.64,2024,FLOTILLA 
26369,3N6AD31AXRK839139,2025-01-01,1681,682,414406.18,1786.78,2024,FLOTILLA 
26370,3N6AD31A0RK839943,2025-01-01,1681,682,414406.18,1786.78,2024,FLOTILLA 
26371,3N6AD31A2RK851477,2025-01-01,1681,682,418746.90,4305.42,2024,NUEVO 
26372,3N6AD31A8RK852780,2025-01-01,1681,682,418746.90,4305.42,2024,NUEVO 
26373,3N6AD31AXRK853302,2025-01-01,1681,682,418746.90,972.19,2024,NUEVO 
26374,3N6AD31A3RK853044,2025-01-01,1681,682,418746.90,4319.84,2024,NUEVO 
26375,3N6AD31A9RK852724,2025-01-01,1681,682,418746.90,4319.84,2024,NUEVO 
26376,3N6AD31A8RK848227,2025-01-01,1681,682,418746.90,4319.84,2024,NUEVO 
26377,3N6AD31A6RK852406,2025-01-01,1681,682,418746.90,4319.84,2024,NUEVO 
26378,3N6AD31A3RK846580,2025-01-01,1681,682,417879.22,4109.38,2024,NUEVO 
26379,3N6AD35A5RK840659,2025-01-01,1681,682,409196.45,480.81,2024,DEMO 
26380,3N6AD35A6RK842436,2025-01-01,1524,682,409196.45,480.81,2024,DEMO 
26381,3N6AD31A1RK842480,2025-01-01,1331,682,414406.18,4192.98,2024,NUEVO 
26382,3N6AD31A0RK841644,2025-01-01,1681,682,414406.18,2840.41,2024,NUEVO 
26383,3N6AD31A4RK841131,2025-01-01,1331,682,414406.18,4192.98,2024,NUEVO 
26384,3N6CD35AXRK832503,2025-01-01,1331,682,435164.58,4305.59,2024,NUEVO 
26385,3N6CD35A2RK827263,2025-01-01,2033,682,435164.57,4027.81,2024,NUEVO 
26386,3N6CD35A2RK824525,2025-01-01,1331,682,435186.98,4309.56,2024,NUEVO 
26387,3N6AD35A6RK846244,2025-01-01,1660,682,413537.74,2284.80,2024,FLOTILLA 
26388,3N6CD35AXRK864528,2025-01-01,1681,682,439402.63,4284.18,2024,FLOTILLA 
26389,3N6AD35A3RK859016,2025-01-01,1681,682,404855.00,3684.18,2024,FLOTILLA 
26390,3N6AD35A3RK866435,2025-01-01,1331,682,419615.56,818.25,2024,NUEVO 
26391,3N6AD35A9RK866391,2025-01-01,1681,682,419615.56,818.25,2024,NUEVO 
26392,3N6AD35AXRK867209,2025-01-01,1568,682,419615.56,818.25,2024,NUEVO 
26393,3N6AD35AXRK865962,2025-01-01,1681,682,419615.56,818.25,2024,NUEVO 
26394,3N6AD35A6RK854456,2025-01-01,1681,682,413537.74,1753.17,2024,FLOTILLA 
26395,3N6AD35A2RK856124,2025-01-01,1681,682,413537.75,4180.64,2024,FLOTILLA 
26396,3N6AD35AXRK864584,2025-01-01,1681,682,404855.00,2981.91,2024,NUEVO 
26397,3N6AD35A6RK864789,2025-01-01,1331,682,404855.00,3696.78,2024,NUEVO 
26398,3N6AD35A1RK864702,2025-01-01,1681,682,404855.00,3696.78,2024,NUEVO 
26399,3N6AD35A9RK865452,2025-01-01,1331,682,404855.00,3696.78,2024,NUEVO 
26400,3N6AD35A3RK864622,2025-01-01,1793,682,404855.00,2508.53,2024,NUEVO 
26401,3N6AD35A4RK858814,2025-01-01,1681,682,404855.00,3502.50,2024,NUEVO 
26402,3N6AD35A4RK817745,2025-01-01,1660,682,407562.02,132.91,2024,FLOTILLA 
26403,3N6AD35A4RK866170,2025-01-01,1681,682,413537.74,4255.42,2024,NUEVO 
26404,3N6AD35AXRK864536,2025-01-01,1987,682,413537.74,1921.80,2024,NUEVO 
26405,3N6AD35A0RK865114,2025-01-01,1681,682,413537.74,1235.44,2024,NUEVO 
26406,3N6AD35A6RK865599,2025-01-01,1331,682,413537.75,4255.42,2024,NUEVO 
26407,3N6AD35AXRK858588,2025-01-01,1331,682,413537.75,4255.42,2024,NUEVO 
26408,3N6AD35A6RK860516,2025-01-01,1681,682,413537.75,4255.42,2024,NUEVO 
26409,3N6AD35A3RK864524,2025-01-01,1681,682,413537.75,4255.42,2024,NUEVO 
26410,3N6AD35A5RK864296,2025-01-01,2057,682,413537.75,4255.42,2024,NUEVO 
26411,3N6AD35A3RK850073,2025-01-01,1681,682,413537.75,4255.42,2024,FLOTILLA 
26412,3N6AD35AXRK864357,2025-01-01,2015,682,413537.75,3706.33,2024,NUEVO 
26413,3N6AD35A2RK864935,2025-01-01,1681,682,413537.75,4255.42,2024,NUEVO 
26414,3N6AD35A6RK861178,2025-01-01,1660,682,413537.75,1296.90,2024,FLOTILLA 
26415,3N6AD35A5RK861253,2025-01-01,1660,682,413537.75,1296.90,2024,FLOTILLA 
26416,3N6AD35A1RK861301,2025-01-01,1331,682,413537.75,1296.90,2024,FLOTILLA 
26417,3N6AD31A5RK860884,2025-01-01,1331,682,418746.90,1575.88,2024,FLOTILLA 
26418,3N6AD31A9RK860662,2025-01-01,1331,682,418746.90,1575.88,2024,FLOTILLA 
26419,3N6AD31A0RK860811,2025-01-01,1331,682,418746.90,1575.88,2024,FLOTILLA 
26420,3N6AD35A2RK859380,2025-01-01,1681,682,419615.56,789.58,2024,FLOTILLA 
26421,3N6AD35A7RK855406,2025-01-01,1660,682,413537.74,3389.86,2024,FLOTILLA 
26422,3N6AD35A4RK855282,2025-01-01,1660,682,413537.74,3389.86,2024,FLOTILLA 
26423,3N6AD35A4RK817745,2025-01-01,1660,682,407562.02,3854.86,2024,FLOTILLA 
26424,3N6AD35A5SK805268,2025-01-01,1681,682,429167.74,139.48,2025,NUEVO 
26425,3N6AD35AXSK805315,2025-01-01,2014,682,429167.74,139.48,2025,NUEVO 
26426,3N6AD35A4SK805214,2025-01-01,2013,682,429167.74,139.48,2025,NUEVO 
26427,3N6AD35A4SK805195,2025-01-01,1331,682,429167.74,139.48,2025,NUEVO 
26428,3N6AD35A6SK805215,2025-01-01,2014,682,429167.74,139.48,2025,NUEVO 
26429,3N6AD35A3SK805205,2025-01-01,1331,682,429167.74,139.48,2025,NUEVO 
26430,JN6BE6CS7K9054255,2025-02-01,,683,302200.00,381.11,2019,SEMINUEVOS 
26431,JN1BE6DS9L9036099,2025-02-01,,683,332300.00,2917.96,2020,SEMINUEVOS 
26432,JN1BE6DS5L9036892,2025-02-01,,683,332300.00,2917.96,2020,SEMINUEVOS 
26433,JN1BE6DS0L9039103,2025-01-01,1681,683,391800.00,2674.04,2020,SEMINUEVOS 
26434,JN1BE6DS9L9036099,2025-01-01,1681,683,332300.00,833.70,2020,SEMINUEVOS 
26435,JN1BE6DS5L9036892,2025-01-01,1681,683,332300.00,833.70,2020,SEMINUEVOS 
26436,JN6BE6CS7K9054255,2025-01-01,2010,683,302200.00,1810.26,2019,SEMINUEVOS 
26437,JN1BE6DS9M9041093,2025-01-01,1681,683,357600.00,1691.15,2021,SEMINUEVOS 
26438,JN1BE6DS5L9036505,2025-01-01,1681,683,332300.00,1257.20,2020,SEMINUEVOS 
26439,LSGEN53A3PD030948,2025-02-01,,684,259700.00,1587.96,2023,SEMINUEVOS 
26440,LSGEN53A7PD007382,2025-02-01,,684,259700.00,1587.96,2023,SEMINUEVOS 
26441,LSGEN53A9PD010901,2025-02-01,,684,259700.00,1587.96,2023,SEMINUEVOS 
26442,LSGEN53A7PD033108,2025-02-01,,684,197500.00,1052.02,2023,SEMINUEVOS 
26443,LSGEN53A9PD033093,2025-02-01,,684,197500.00,1052.02,2023,SEMINUEVOS 
26444,LSGEN53A7PD047235,2025-02-01,,684,197500.00,1052.02,2023,SEMINUEVOS 
26445,LSGEN53A3PD030948,2025-01-01,1385,684,259700.00,2392.52,2023,SEMINUEVOS 
26446,LSGEN53A7PD007382,2025-01-01,1385,684,259700.00,2392.52,2023,SEMINUEVOS 
26447,LSGEN53A9PD010901,2025-01-01,1385,684,259700.00,2392.52,2023,SEMINUEVOS 
26448,5N1DR3ML0RC251797,2025-02-01,,686,1000825.74,56588.36,2024,NUEVO 
26449,5N1DR3MN2PC218119,2025-02-01,,686,809800.00,3301.51,2023,SEMINUEVOS 
26450,5N1DR3ML0RC251797,2025-01-01,1331,686,1000825.74,9910.95,2024,NUEVO 
26451,5N1DR3MN2PC218119,2025-01-01,1681,686,809800.00,2031.70,2023,SEMINUEVOS 
26452,MEX6A2609MT153319,2025-02-01,,687,168200.00,206.89,2021,SEMINUEVOS 
26453,JTDKARFU3K3079427,2025-02-01,,688,239300.00,899.77,2019,SEMINUEVOS 
26454,JTDKARFUXK3098637,2025-01-01,1681,688,239900.00,1665.95,2019,SEMINUEVOS 
26455,RN62956820250107,2025-02-01,,691,4285.19,11.12,2025,REFACC 
26456,RN63951920250121,2025-02-01,,691,2905.44,5.36,2025,REFACC 
26457,RN63937820250121,2025-02-01,,691,159414.52,294.25,2025,REFACC 
26458,RN63937720250121,2025-02-01,,691,53957.97,99.60,2025,REFACC 
26459,RN63928020250121,2025-02-01,,691,5517.15,10.18,2025,REFACC 
26460,RN63927920250121,2025-02-01,,691,2413.29,4.45,2025,REFACC 
26461,RN63862420250120,2025-02-01,,691,231405.85,512.56,2025,REFACC 
26462,RN63739920250117,2025-02-01,,691,49825.64,18.39,2025,REFACC 
26463,RN63635120250116,2025-02-01,,691,2015124.98,1487.83,2025,REFACC 
26464,RN61353420241209,2025-01-01,2054,691,3640.29,1.36,2024,REFACC 
26465,3KPA24AC6KE138067,2025-02-01,,693,162000.00,609.12,2019,SEMINUEVOS 
26466,3N1AB7AE2KY456627,2025-02-01,,694,176700.00,222.84,2019,SEMINUEVOS 
26467,3N1AB8AE2RY237523,2025-02-01,,694,438900.00,3874.51,2024,SEMINUEVOS 
26468,3N1AB8AE6SY241113,2025-02-01,,694,477832.58,1807.80,2025,FLOTILLA 
26469,3N1AB8AE7SY274346,2025-02-01,,694,416170.46,3787.15,2025,FLOTILLA 
26470,3N1AB8AE7SY274363,2025-02-01,,694,416170.46,3381.39,2025,FLOTILLA 
26471,3N1AB8AE4SY269640,2025-02-01,,694,382024.70,3476.42,2025,FLOTILLA 
26472,3N1AB8AE1SY269045,2025-02-01,,694,382024.70,2979.79,2025,NUEVO 
26473,3N1AB8AE2SY262038,2025-02-01,,694,382024.70,2979.79,2025,NUEVO 
26474,3N1AB8AE4SY267435,2025-02-01,,694,397390.06,3099.64,2025,NUEVO 
26475,3N1AB8AE2SY267966,2025-02-01,,694,397390.06,3099.64,2025,NUEVO 
26476,3N1AB8AE9SY244202,2025-02-01,,694,382024.70,2979.79,2025,NUEVO 
26477,3N1AB8AEXSY274311,2025-02-01,,694,416170.46,2762.40,2025,FLOTILLA 
26478,3N1AB8AE2SY250097,2025-02-01,,694,477832.58,3968.71,2025,NUEVO 
26479,3N1AB8AE5SY242589,2025-02-01,,694,477832.58,4348.28,2025,FLOTILLA 
26480,3N1AB8AEXSY235153,2025-02-01,,694,477832.58,1863.55,2025,FLOTILLA 
26481,3N1AB8AE1SY235364,2025-02-01,,694,477832.58,1863.55,2025,FLOTILLA 
26482,3N1AB8AE6SY235067,2025-02-01,,694,477832.58,1863.55,2025,FLOTILLA 
26483,3N1AB8AE9SY242658,2025-02-01,,694,477832.58,1869.92,2025,FLOTILLA 
26484,3N1AB8AE8SY242408,2025-02-01,,694,477832.58,1869.92,2025,FLOTILLA 
26485,3N1AB8AE0SY242757,2025-02-01,,694,477832.58,3584.01,2025,FLOTILLA 
26486,3N1AB8AE8SY235068,2025-02-01,,694,477832.58,1869.92,2025,FLOTILLA 
26487,3N1AB8AEXSY235363,2025-02-01,,694,477832.58,1869.92,2025,FLOTILLA 
26488,3N1AB8AE9SY272369,2025-02-01,,694,397390.06,3628.61,2025,NUEVO 
26489,3N1AB8AE2SY269572,2025-02-01,,694,397390.06,3628.61,2025,NUEVO 
26490,3N1AB8AE7SY261404,2025-02-01,,694,397390.06,2656.69,2025,NUEVO 
26491,3N1AB8AE9SY261274,2025-02-01,,694,397390.06,1560.42,2025,NUEVO 
26492,3N1AB8AE2SY250908,2025-02-01,,694,363235.02,1539.91,2025,NUEVO 
26493,3N1AB8AE7SY238110,2025-02-01,,694,363235.02,3316.74,2025,NUEVO 
26494,3N1AB8AEXSY271490,2025-02-01,,694,363235.02,3198.28,2025,NUEVO 
26495,3N1AB8AE4SY259819,2025-02-01,,694,416170.46,3868.07,2025,NUEVO 
26496,3N1AB8AE5SY261045,2025-02-01,,694,416170.46,552.58,2025,NUEVO 
26497,3N1AB8AE1SY258577,2025-02-01,,694,397390.06,1422.41,2025,NUEVO 
26498,3N1AB8AE4SY268410,2025-02-01,,694,382024.70,1433.32,2025,NUEVO 
26499,3N1AB8AE4SY267614,2025-02-01,,694,382024.70,3550.71,2025,NUEVO 
26500,3N1AB8AE7SY264917,2025-02-01,,694,416170.46,114.20,2025,NUEVO 
26501,3N1AB8AE0SY267545,2025-02-01,,694,382024.70,3550.71,2025,NUEVO 
26502,3N1AB8AE9SY267477,2025-02-01,,694,382024.70,909.72,2025,NUEVO 
26503,3N1AB8AE0SY247053,2025-02-01,,694,397390.06,3297.79,2025,NUEVO 
26504,3N1AB8AE6SY247610,2025-02-01,,694,397390.06,3693.52,2025,NUEVO 
26505,3N1AB8AE3SY238282,2025-02-01,,694,382024.70,3550.71,2025,NUEVO 
26506,3N1AB8AE2NY263078,2025-02-01,,694,265000.00,1231.51,2022,SEMINUEVOS 
26507,3N1AB8AE1PY205224,2025-02-01,,694,292200.00,437.57,2023,SEMINUEVOS 
26508,3N1AB8AE8RY328375,2025-02-01,,694,404320.64,1740.60,2024,DEMO 
26509,3N1AB8AE8RY328375,2025-01-01,1524,694,404320.64,2295.01,2024,DEMO 
26510,3N1AB8AE7NY216080,2025-02-01,,694,303700.00,186.78,2022,SEMINUEVOS 
26511,3N1AB8AE0SY242757,2025-02-01,,694,477832.58,734.67,2025,FLOTILLA 
26512,3N1AB7AE8KY422109,2025-02-01,,694,174300.00,655.37,2019,SEMINUEVOS 
26513,3N1AB8AE5NY223187,2025-02-01,,694,258200.00,970.83,2022,SEMINUEVOS 
26514,3N1AB8AEXPY213094,2025-02-01,,694,284200.00,1513.84,2023,SEMINUEVOS 
26515,3N1AB8AE8SY244126,2025-02-01,,694,482412.26,2269.35,2025,FLOTILLA 
26516,3N1AB8AE7SY273780,2025-02-01,,694,416170.46,3523.92,2025,NUEVO 
26517,3N1AB8AE1PY205224,2025-01-01,2027,694,292200.00,2990.06,2023,SEMINUEVOS 
26518,3N1AB8AE4RY393403,2025-01-01,1681,694,389707.38,1895.77,2024,NUEVO 
26519,3N1AB8AE1RY385792,2025-01-01,2011,694,371780.74,2305.56,2024,NUEVO 
26520,3N1AB8AE4RY380649,2025-01-01,2008,694,371780.74,728.03,2024,NUEVO 
26521,3N1AB8AE5LY266845,2025-01-01,1681,694,212200.00,896.55,2020,SEMINUEVOS 
26522,3N1AB8AEXSY274311,2025-01-01,1681,694,416170.46,1623.06,2025,FLOTILLA 
26523,3N1AB8AE7SY273780,2025-01-01,1681,694,416170.46,135.26,2025,FLOTILLA 
26524,3N1AB8AE2SY250097,2025-01-01,1681,694,477832.58,310.59,2025,NUEVO 
26525,3N1AB8AE5SY242589,2025-01-01,1660,694,477832.58,1863.55,2025,FLOTILLA 
26526,3N1AB8AEXSY235153,2025-01-01,1660,694,477832.58,2018.84,2025,FLOTILLA 
26527,3N1AB8AE1SY235364,2025-01-01,1660,694,477832.58,2018.84,2025,FLOTILLA 
26528,3N1AB8AE6SY235067,2025-01-01,1660,694,477832.58,2174.14,2025,FLOTILLA 
26529,3N1AB8AE9PY267874,2025-01-01,2065,694,278900.00,2628.63,2023,SEMINUEVOS 
26530,3N1AB8AE9SY242658,2025-01-01,1660,694,477832.58,3428.18,2025,FLOTILLA 
26531,3N1AB8AE8SY242408,2025-01-01,1660,694,477832.58,3428.18,2025,FLOTILLA 
26532,3N1AB8AE0SY242757,2025-01-01,1660,694,477832.58,3428.18,2025,FLOTILLA 
26533,3N1AB8AE8SY235068,2025-01-01,1660,694,477832.58,3428.18,2025,FLOTILLA 
26534,3N1AB8AEXSY235363,2025-01-01,1660,694,477832.58,3428.18,2025,FLOTILLA 
26535,3N1AB8AE8SY272573,2025-01-01,1681,694,363235.02,1135.74,2025,NUEVO 
26536,3N1AB8AE9SY272369,2025-01-01,1681,694,397390.06,2073.49,2025,NUEVO 
26537,3N1AB8AE2SY269572,2025-01-01,1331,694,397390.06,2073.49,2025,NUEVO 
26538,3N1AB8AE7SY261404,2025-01-01,1331,694,397390.06,2073.49,2025,NUEVO 
26539,3N1AB8AE9SY261274,2025-01-01,1681,694,397390.06,2073.49,2025,NUEVO 
26540,3N1AB8AE3SY269743,2025-01-01,1681,694,477832.58,779.13,2025,NUEVO 
26541,3N1AB8AE2SY250908,2025-01-01,1331,694,363235.02,1895.28,2025,NUEVO 
26542,3N1AB8AE7SY238110,2025-01-01,1681,694,363235.02,1895.28,2025,NUEVO 
26543,3N1AB8AEXSY271490,2025-01-01,1331,694,363235.02,2132.19,2025,NUEVO 
26544,3N1AB8AE2RY366880,2025-01-01,1986,694,375900.00,1961.36,2024,SEMINUEVOS 
26545,3N1AB8AE4SY259819,2025-01-01,1681,694,416170.46,3039.20,2025,NUEVO 
26546,3N1AB8AE5SY261045,2025-01-01,1681,694,416170.46,3039.20,2025,NUEVO 
26547,3N1AB8AE1SY258577,2025-01-01,1681,694,397390.06,2902.05,2025,NUEVO 
26548,3N1AB8AE4SY268410,2025-01-01,1681,694,382024.70,2916.65,2025,NUEVO 
26549,3N1AB8AE9SY263851,2025-01-01,1681,694,477832.58,2464.54,2025,NUEVO 
26550,3N1AB8AE7SY268529,2025-01-01,1681,694,382024.70,2482.59,2025,NUEVO 
26551,3N1AB8AE4SY267614,2025-01-01,1331,694,382024.70,2916.65,2025,NUEVO 
26552,3N1AB8AE7SY264917,2025-01-01,1681,694,416170.46,3177.35,2025,NUEVO 
26553,3N1AB8AE0SY267545,2025-01-01,1681,694,382024.70,2916.65,2025,NUEVO 
26554,3N1AB8AE9SY267477,2025-01-01,1331,694,382024.70,2916.65,2025,NUEVO 
26555,3N1AB8AE0SY247053,2025-01-01,1681,694,397390.06,3297.79,2025,NUEVO 
26556,3N1AB8AE4SY238355,2025-01-01,1681,694,416170.46,2072.18,2025,NUEVO 
26557,3N1AB8AE6SY247610,2025-01-01,1331,694,397390.06,3297.79,2025,NUEVO 
26558,3N1AB8AE3SY238282,2025-01-01,1681,694,382024.70,3170.27,2025,NUEVO 
26559,3N1AB8AE2NY263078,2025-01-01,1385,694,265000.00,2726.92,2022,SEMINUEVOS 
26560,3N1AB8AE3NY217131,2025-01-01,2024,694,237300.00,669.78,2022,SEMINUEVOS 
26561,3N1AB8AE7SY273780,2025-01-01,1681,694,416170.46,1435.67,2025,NUEVO 
26562,3N1AB8AE7NY263979,2025-01-01,2068,694,251900.00,1111.86,2022,SEMINUEVOS 
26563,3N1AB7AE2KY456627,2025-01-01,2063,694,176700.00,1392.74,2019,SEMINUEVOS 
26564,3N1AB8AE2RY237523,2025-01-01,1749,694,438900.00,3459.39,2024,SEMINUEVOS 
26565,3N1AB8AE6SY241113,2025-01-01,1660,694,477832.58,3766.25,2025,FLOTILLA 
26566,3N1AB8AE9RY387046,2025-01-01,1681,694,371780.74,301.48,2024,NUEVO 
26567,3N1AB8AE7SY274346,2025-01-01,1290,694,416170.46,270.51,2025,FLOTILLA 
26568,3N1AB8AE7SY274363,2025-01-01,1290,694,416170.46,270.51,2025,FLOTILLA 
26569,3N1AB8AE4SY269640,2025-01-01,1290,694,382024.70,248.32,2025,FLOTILLA 
26570,9FB5R2VD0PM475365,2025-02-01,,697,215500.00,1891.01,2023,SEMINUEVOS 
26571,9FB5R2VD4PM475384,2025-02-01,,697,215500.00,1961.05,2023,SEMINUEVOS 
26572,9FB5R2VD5PM325185,2025-02-01,,697,228300.00,1804.36,2023,SEMINUEVOS 
26573,9FB5R2VD1PM318721,2025-02-01,,697,228300.00,1804.36,2023,SEMINUEVOS 
26574,9FB5R2VD5PM325185,2025-01-01,1385,697,228300.00,2355.17,2023,SEMINUEVOS 
26575,9FB5R2VD1PM318721,2025-01-01,1385,697,228300.00,2355.17,2023,SEMINUEVOS 
26576,9FB5R2VD5NM111276,2025-01-01,2062,697,205600.00,1235.49,2022,SEMINUEVOS 
26577,9FB5R2VD0PM475365,2025-01-01,1385,697,215500.00,2171.16,2023,SEMINUEVOS 
26578,9FB5R2VD4PM475384,2025-01-01,1385,697,215500.00,2171.16,2023,SEMINUEVOS 
26579,JN6BE6CSXR9100512,2025-02-01,,701,521032.30,4741.39,2024,FLOTILLA 
26580,JN6BE6CS5R9100840,2025-02-01,,701,521032.30,4741.39,2024,FLOTILLA 
26581,JN6BE6CS4R9099907,2025-02-01,,701,526060.78,3077.46,2024,NUEVO 
26582,JN6BE6CS0R9099824,2025-02-01,,701,524384.25,852.12,2024,NUEVO 
26583,JN1BE6DS0R9106002,2025-02-01,,701,671514.17,1094.94,2024,NUEVO 
26584,JN1BE6DS3L9035725,2025-02-01,,701,391800.00,807.78,2020,SEMINUEVOS 
26585,JN1BE6DS2L9036543,2025-02-01,,701,391800.00,766.62,2020,SEMINUEVOS 
26586,JN1BE6DS7L9036103,2025-02-01,,701,391800.00,3577.57,2020,SEMINUEVOS 
26587,JN6BE6CS5R9099642,2025-02-01,,701,521032.30,2075.45,2024,FLOTILLA 
26588,JN6BE6CS8R9099635,2025-02-01,,701,519356.03,689.59,2024,NUEVO 
26589,JN6BE6CS0R9099631,2025-02-01,,701,521032.30,2075.45,2024,FLOTILLA 
26590,JN6BE6CS1R9099489,2025-02-01,,701,521032.30,2075.45,2024,FLOTILLA 
26591,JN6BE6CS0R9099435,2025-02-01,,701,521032.30,2075.45,2024,FLOTILLA 
26592,JN6BE6CS3R9099414,2025-02-01,,701,521032.30,2075.45,2024,FLOTILLA 
26593,JN6BE6CS6R9099651,2025-02-01,,701,521032.30,2075.45,2024,FLOTILLA 
26594,JN6BE6CS3R9099655,2025-02-01,,701,521032.30,2075.45,2024,FLOTILLA 
26595,JN6BE6CS3R9099557,2025-02-01,,701,521032.30,2075.45,2024,FLOTILLA 
26596,JN6BE6CS2R9099551,2025-02-01,,701,521032.30,2075.45,2024,FLOTILLA 
26597,JN6BE6CS1R9099525,2025-02-01,,701,521032.30,2075.45,2024,FLOTILLA 
26598,JN6BE6CS0R9099516,2025-02-01,,701,521032.30,2075.45,2024,FLOTILLA 
26599,JN6BE6CS3R9099509,2025-02-01,,701,521032.30,2075.45,2024,FLOTILLA 
26600,JN6BE6CS3R9099476,2025-02-01,,701,521032.30,2075.45,2024,FLOTILLA 
26601,JN6BE6CS0R9099628,2025-02-01,,701,521032.30,2075.45,2024,FLOTILLA 
26602,JN6BE6CS0R9099550,2025-02-01,,701,521032.30,2075.45,2024,FLOTILLA 
26603,JN6BE6CS3R9099526,2025-02-01,,701,521032.30,2075.45,2024,FLOTILLA 
26604,JN6BE6CS3R9099459,2025-02-01,,701,521032.30,2075.45,2024,FLOTILLA 
26605,JN6BE6CS3R9099462,2025-02-01,,701,521032.30,2075.45,2024,FLOTILLA 
26606,JN6BE6CS3R9099431,2025-02-01,,701,521032.30,2075.45,2024,FLOTILLA 
26607,JN6BE6CS0R9099662,2025-02-01,,701,521032.30,2075.45,2024,FLOTILLA 
26608,JN1BE6DS9R9104488,2025-02-01,,701,664744.87,4203.03,2024,NUEVO 
26609,JN6BE6CS7R9100337,2025-02-01,,701,521032.30,7091.10,2024,NUEVO 
26610,JN1BE6DS0R9105397,2025-02-01,,701,664744.87,15174.65,2024,NUEVO 
26611,JN1BE6DSXL9036452,2025-02-01,,701,332300.00,2917.96,2020,SEMINUEVOS 
26612,JN1BE6DS7L9036702,2025-02-01,,701,332300.00,2917.96,2020,SEMINUEVOS 
26613,JN1BE6DSXL9037102,2025-02-01,,701,332300.00,2917.96,2020,SEMINUEVOS 
26614,JN6BE6CS9R9099840,2025-02-01,,701,524384.25,4604.68,2024,FLOTILLA 
26615,JN6BE6CS3R9099414,2025-01-01,1660,701,521032.30,1729.54,2024,FLOTILLA 
26616,JN6BE6CS6R9099651,2025-01-01,1660,701,521032.30,1729.54,2024,FLOTILLA 
26617,JN6BE6CS3R9099655,2025-01-01,1660,701,521032.30,1729.54,2024,FLOTILLA 
26618,JN6BE6CS3R9099557,2025-01-01,1660,701,521032.30,1729.54,2024,FLOTILLA 
26619,JN6BE6CS2R9099551,2025-01-01,1660,701,521032.30,1729.54,2024,FLOTILLA 
26620,JN6BE6CS1R9099525,2025-01-01,1660,701,521032.30,1729.54,2024,FLOTILLA 
26621,JN6BE6CS0R9099516,2025-01-01,1660,701,521032.30,1729.54,2024,FLOTILLA 
26622,JN6BE6CS3R9099509,2025-01-01,1660,701,521032.30,1729.54,2024,FLOTILLA 
26623,JN6BE6CS3R9099476,2025-01-01,1660,701,521032.30,1729.54,2024,FLOTILLA 
26624,JN6BE6CS0R9099628,2025-01-01,1660,701,521032.30,1902.49,2024,FLOTILLA 
26625,JN6BE6CS0R9099550,2025-01-01,1660,701,521032.30,1902.49,2024,FLOTILLA 
26626,JN6BE6CS3R9099526,2025-01-01,1660,701,521032.30,1902.49,2024,FLOTILLA 
26627,JN6BE6CS3R9099459,2025-01-01,1660,701,521032.30,1902.49,2024,FLOTILLA 
26628,JN6BE6CS3R9099462,2025-01-01,1660,701,521032.30,1902.49,2024,FLOTILLA 
26629,JN6BE6CS3R9099431,2025-01-01,1660,701,521032.30,1902.49,2024,FLOTILLA 
26630,JN6BE6CS0R9099662,2025-01-01,1660,701,521032.30,1902.49,2024,FLOTILLA 
26631,JN1BE6DS0R9105397,2025-01-01,1681,701,664744.87,6720.20,2024,NUEVO 
26632,JN1BE6DS8R9105082,2025-01-01,1910,701,664744.86,5309.10,2024,NUEVO 
26633,JN1BE6DS9R9104488,2025-01-01,1681,701,664744.87,6857.58,2024,NUEVO 
26634,JN1BE6DS2R9104543,2025-01-01,1910,701,664744.87,6636.37,2024,NUEVO 
26635,JN6BE6CSXR9100512,2025-01-01,1681,701,521032.30,3894.72,2024,FLOTILLA 
26636,JN6BE6CS5R9100840,2025-01-01,1681,701,521032.30,4233.39,2024,FLOTILLA 
26637,JN6BE6CS4R9099907,2025-01-01,1681,701,526060.78,512.91,2024,NUEVO 
26638,JN6BE6CS0R9099824,2025-01-01,1681,701,524384.25,511.27,2024,NUEVO 
26639,JN6BE6CS8R9099828,2025-01-01,1681,701,524384.25,340.85,2024,NUEVO 
26640,JN6BE6CS9R9099837,2025-01-01,1681,701,524384.25,1368.06,2024,NUEVO 
26641,JN6BE6CS9R9099899,2025-01-01,1681,701,524384.25,171.01,2024,NUEVO 
26642,JN1BE6DS0R9106002,2025-01-01,2061,701,671514.17,1751.91,2024,NUEVO 
26643,JN6BE6CS0R9099760,2025-01-01,2007,701,524384.25,1026.05,2024,NUEVO 
26644,JN1BE6DS3L9035725,2025-01-01,1681,701,391800.00,3960.88,2020,SEMINUEVOS 
26645,JN1BE6DS2L9036543,2025-01-01,1681,701,391800.00,3960.88,2020,SEMINUEVOS 
26646,JN1BE6DS7L9036103,2025-01-01,1681,701,391800.00,3960.88,2020,SEMINUEVOS 
26647,JN6BE6CS2R9099789,2025-01-01,2002,701,519356.03,2624.65,2024,NUEVO 
26648,JN6BE6CS5R9099642,2025-01-01,1660,701,521032.30,518.86,2024,FLOTILLA 
26649,JN1BE6DS1R9105635,2025-01-01,2059,701,664744.86,3530.53,2024,NUEVO 
26650,JN6BE6CS8R9099635,2025-01-01,2003,701,519356.03,3965.14,2024,NUEVO 
26651,JN6BE6CS1R9100530,2025-01-01,1681,701,521032.30,2767.26,2024,NUEVO 
26652,JN6BE6CS7R9100337,2025-01-01,1681,701,521032.30,3977.94,2024,NUEVO 
26653,JN6BE6CS0R9099631,2025-01-01,1660,701,521032.30,518.86,2024,FLOTILLA 
26654,JN6BE6CS9R9099756,2025-01-01,2075,701,519356.03,2068.77,2024,NUEVO 
26655,JN6BE6CS9R9100758,2025-01-01,1681,701,519356.03,1206.78,2024,NUEVO 
26656,JN6BE6CS9R9100744,2025-01-01,1681,701,519356.03,2413.56,2024,NUEVO 
26657,JN6BE6CS1R9099489,2025-01-01,1660,701,521032.30,1210.68,2024,FLOTILLA 
26658,JN6BE6CS0R9099435,2025-01-01,1660,701,521032.30,1210.68,2024,FLOTILLA 
26659,JN1BE6DSXL9036452,2025-01-01,1681,701,332300.00,833.70,2020,SEMINUEVOS 
26660,JN1BE6DS7L9036702,2025-01-01,1681,701,332300.00,833.70,2020,SEMINUEVOS 
26661,JN1BE6DSXL9037102,2025-01-01,1681,701,332300.00,833.70,2020,SEMINUEVOS 
26662,JN6BE6CS9R9099840,2025-01-01,1681,701,524384.25,1480.07,2024,FLOTILLA 
26663,3N1CN7AEXRK415045,2025-02-01,,702,272874.50,1534.11,2024,NUEVO 
26664,3N1CN7AE8RK414783,2025-02-01,,702,272874.50,354.74,2024,NUEVO 
26665,3N1CN7AEXRK414543,2025-02-01,,702,272874.50,1507.63,2024,NUEVO 
26666,3N1CN7AE0RK413224,2025-02-01,,702,272874.50,2491.65,2024,NUEVO 
26667,3N1CN7AE8RK413245,2025-02-01,,702,272874.50,355.95,2024,NUEVO 
26668,3N1CN7AE2RK412169,2025-02-01,,702,272874.50,978.86,2024,NUEVO 
26669,3N1CN7AE8RK412158,2025-02-01,,702,272874.50,1189.92,2024,NUEVO 
26670,3N1CN7AE7RK410269,2025-02-01,,702,272874.50,355.95,2024,NUEVO 
26671,3N1CN7AE3RK412343,2025-02-01,,702,272874.50,355.95,2024,NUEVO 
26672,3N1CN7AEXRK412212,2025-02-01,,702,272874.50,355.95,2024,NUEVO 
26673,3N1CN7AE5RK412277,2025-02-01,,702,272874.50,355.95,2024,NUEVO 
26674,3N1CN7AE3RK412939,2025-02-01,,702,268400.38,2450.79,2024,NUEVO 
26675,3N1CN7AE3RK412827,2025-02-01,,702,268400.38,525.17,2024,NUEVO 
26676,3N1CN7AE4RK412934,2025-02-01,,702,268400.38,525.17,2024,NUEVO 
26677,3N1CN7AE5RK412814,2025-02-01,,702,268400.38,1137.87,2024,NUEVO 
26678,3N1CN7AEXRK412890,2025-02-01,,702,268400.38,525.17,2024,NUEVO 
26679,3N1CN7AE8RK410152,2025-02-01,,702,268400.38,534.56,2024,NUEVO 
26680,3N1CN7AE9RK410094,2025-02-01,,702,268400.38,357.27,2024,NUEVO 
26681,3N1CN7AE8RK409549,2025-02-01,,702,268400.38,357.27,2024,NUEVO 
26682,3N1CN7AE6RK408299,2025-02-01,,702,268400.38,350.11,2024,NUEVO 
26683,3N1CN7AEXRK399686,2025-02-01,,702,264820.62,439.16,2024,FLOTILLA 
26684,3N1CN7AE1RK399558,2025-02-01,,702,264820.62,2152.22,2024,DEMO 
26685,3N1CN7AE5RK399479,2025-02-01,,702,264820.62,2152.22,2024,DEMO 
26686,3N1CN7AE4RK398081,2025-02-01,,702,264820.62,407.16,2024,FLOTILLA 
26687,3N1CN7AE5RK398171,2025-02-01,,702,264820.62,407.16,2024,FLOTILLA 
26688,3N1CN7AE0RK411764,2025-02-01,,702,268400.38,588.69,2024,FLOTILLA 
26689,3N1CN7AE0RK407701,2025-02-01,,702,268400.38,672.79,2024,FLOTILLA 
26690,3N1CN7AE3RK412827,2025-02-01,,702,268400.38,1009.19,2024,FLOTILLA 
26691,3N1CN7AE4RK412934,2025-02-01,,702,268400.38,1009.19,2024,FLOTILLA 
26692,3N1CN7AEXRK412890,2025-02-01,,702,268400.38,1009.19,2024,FLOTILLA 
26693,3N1CN7AE8RK410152,2025-02-01,,702,268400.38,1009.19,2024,FLOTILLA 
26694,3N1CN7AE3RK412343,2025-02-01,,702,272874.50,2052.02,2024,FLOTILLA 
26695,3N1CN7AE8RK409549,2025-02-01,,702,268400.38,2018.37,2024,FLOTILLA 
26696,3N1CN7AE6RK408299,2025-02-01,,702,268400.38,2018.37,2024,FLOTILLA 
26697,3N1CN7AEXRK413649,2025-02-01,,702,272874.50,2394.02,2024,FLOTILLA 
26698,3N1CN7AE2RK413547,2025-02-01,,702,272874.50,2394.02,2024,FLOTILLA 
26699,3N1CN7AE0RK413367,2025-02-01,,702,272874.50,2394.02,2024,FLOTILLA 
26700,3N1CN7AE1RK409652,2025-02-01,,702,268400.38,2354.77,2024,FLOTILLA 
26701,3N1CN7AE9RK407745,2025-02-01,,702,268400.38,2354.77,2024,FLOTILLA 
26702,3N1CN7AE5RK413168,2025-02-01,,702,272874.50,2396.14,2024,FLOTILLA 
26703,3N1CN7AE0RK411764,2025-02-01,,702,268400.38,1100.07,2024,FLOTILLA 
26704,3N1CN7AE0RK407701,2025-02-01,,702,268400.38,1015.45,2024,FLOTILLA 
26705,3N1CN7AE8RK407946,2025-02-01,,702,268400.38,2284.76,2024,FLOTILLA 
26706,3N1CN7AE4RK409922,2025-01-01,1681,702,268400.38,178.19,2024,NUEVO 
26707,3N1CN7AE7RK409865,2025-01-01,1681,702,268400.38,258.99,2024,NUEVO 
26708,3N1CN7AE1RK410199,2025-01-01,2025,702,268400.38,2411.58,2024,NUEVO 
26709,3N1CN7AE9RK410094,2025-01-01,1331,702,268400.38,2768.85,2024,NUEVO 
26710,3N1CN7AE9RK410001,2025-01-01,1681,702,268400.38,921.09,2024,NUEVO 
26711,3N1CN7AE9RK409639,2025-01-01,1681,702,268400.38,2438.11,2024,NUEVO 
26712,3N1CN7AE3RK409684,2025-01-01,1681,702,268400.38,1232.89,2024,NUEVO 
26713,3N1CN7AE6RK409582,2025-01-01,1681,702,268400.38,1786.35,2024,NUEVO 
26714,3N1CN7AE4RK410603,2025-01-01,2035,702,268400.38,18.97,2024,NUEVO 
26715,3N1CN7AE8RK409549,2025-01-01,1681,702,268400.38,2768.85,2024,NUEVO 
26716,3N1CN7AE8RK407199,2025-01-01,1681,702,268400.38,525.17,2024,NUEVO 
26717,3N1CN7AE3RK407188,2025-01-01,1681,702,268400.38,525.17,2024,NUEVO 
26718,3N1CN7AE7RK407436,2025-01-01,1681,702,268400.38,787.76,2024,NUEVO 
26719,3N1CN7AE3RK408146,2025-01-01,1681,702,268400.38,262.59,2024,NUEVO 
26720,3N1CN7AE5RK408245,2025-01-01,2018,702,268400.38,195.40,2024,NUEVO 
26721,3N1CN7AE4RK408298,2025-01-01,1681,702,268400.38,1400.45,2024,NUEVO 
26722,3N1CN7AE6RK408299,2025-01-01,1681,702,268400.38,2713.38,2024,NUEVO 
26723,3N1CN7AEXRK399686,2025-01-01,1681,702,264820.62,2722.80,2024,FLOTILLA 
26724,3N1CN7AE4RK404493,2025-01-01,1331,702,268400.38,267.95,2024,NUEVO 
26725,3N1CN7AE8RK406327,2025-01-01,1681,702,268400.38,625.22,2024,NUEVO 
26726,3N1CN7AE8RK404271,2025-01-01,2051,702,268400.38,535.91,2024,NUEVO 
26727,3N1CN7AE7RK404598,2025-01-01,1681,702,268400.38,2060.46,2024,NUEVO 
26728,3N1CN7AE8RK401662,2025-01-01,1681,702,264820.62,1068.34,2024,NUEVO 
26729,3N1CN7AE1RK399558,2025-01-01,1524,702,264820.62,311.16,2024,DEMO 
26730,3N1CN7AE5RK399479,2025-01-01,1681,702,264820.62,311.16,2024,DEMO 
26731,3N1CN7AE8RL704919,2025-01-01,1618,702,264843.02,688.59,2024,FLOTILLA 
26732,3N1CN7AE3RL704911,2025-01-01,1618,702,264843.02,688.59,2024,FLOTILLA 
26733,3N1CN7AEXRK415045,2025-01-01,1331,702,272874.50,1418.95,2024,NUEVO 
26734,3N1CN7AE0RK414356,2025-01-01,2072,702,272874.50,798.16,2024,NUEVO 
26735,3N1CN7AE8RK414783,2025-01-01,1681,702,272874.50,1418.95,2024,NUEVO 
26736,3N1CN7AEXRK414543,2025-01-01,1681,702,272874.50,1418.95,2024,NUEVO 
26737,3N1CN7AEXRK413649,2025-01-01,1681,702,272874.50,2402.66,2024,NUEVO 
26738,3N1CN7AE2RK413547,2025-01-01,1681,702,272874.50,2402.66,2024,NUEVO 
26739,3N1CN7AE0RK413367,2025-01-01,1681,702,272874.50,2402.66,2024,NUEVO 
26740,3N1CN7AE0RK413224,2025-01-01,1681,702,272874.50,2402.66,2024,NUEVO 
26741,3N1CN7AE8RK413245,2025-01-01,1681,702,272874.50,2491.65,2024,NUEVO 
26742,3N1CN7AE5RK413168,2025-01-01,1681,702,272874.50,2491.65,2024,NUEVO 
26743,3N1CN7AE2RK412169,2025-01-01,1681,702,272874.50,2758.61,2024,NUEVO 
26744,3N1CN7AE8RK412158,2025-01-01,1681,702,272874.50,2758.61,2024,NUEVO 
26745,3N1CN7AE7RK410269,2025-01-01,1681,702,272874.50,2758.61,2024,NUEVO 
26746,3N1CN7AE3RK412343,2025-01-01,1681,702,272874.50,2758.61,2024,NUEVO 
26747,3N1CN7AEXRK412212,2025-01-01,1331,702,272874.50,2758.61,2024,NUEVO 
26748,3N1CN7AE1RK412745,2025-01-01,1681,702,272874.50,2693.89,2024,NUEVO 
26749,3N1CN7AE5RK412277,2025-01-01,1331,702,272874.50,2758.61,2024,NUEVO 
26750,3N1CN7AE3RK412939,2025-01-01,1681,702,268400.38,2713.38,2024,NUEVO 
26751,3N1CN7AE3RK412827,2025-01-01,1681,702,268400.38,2713.38,2024,NUEVO 
26752,3N1CN7AE4RK412934,2025-01-01,1681,702,268400.38,2713.38,2024,NUEVO 
26753,3N1CN7AE2RK412902,2025-01-01,1681,702,268400.38,2625.85,2024,NUEVO 
26754,3N1CN7AE5RK412814,2025-01-01,1681,702,268400.38,2713.38,2024,NUEVO 
26755,3N1CN7AEXRK412890,2025-01-01,1331,702,268400.38,2713.38,2024,NUEVO 
26756,3N1CN7AE1RK409652,2025-01-01,1681,702,268400.38,2761.91,2024,NUEVO 
26757,3N1CN7AE0RK411764,2025-01-01,1288,702,268400.38,1247.32,2024,NUEVO 
26758,3N1CN7AE0RK407701,2025-01-01,1288,702,268400.38,1247.32,2024,NUEVO 
26759,3N1CN7AE9RK407745,2025-01-01,1681,702,268400.38,2761.91,2024,NUEVO 
26760,3N1CN7AE8RK409163,2025-01-01,1910,702,268400.38,1425.50,2024,NUEVO 
26761,3N1CN7AE1RK408498,2025-01-01,1681,702,268400.38,2761.91,2024,NUEVO 
26762,3N1CN7AE8RK409146,2025-01-01,1910,702,268400.38,1336.41,2024,NUEVO 
26763,3N1CN7AE8RK410152,2025-01-01,1681,702,268400.38,2761.91,2024,NUEVO 
26764,3N1CN7AE8RK407946,2025-01-01,1288,702,268400.38,1247.32,2024,NUEVO 
26765,3N1CN7AE3RK409345,2025-01-01,2056,702,268400.38,909.36,2024,NUEVO 
26766,3N1CN7AE5RK413168,2025-01-01,1681,702,272874.50,256.73,2024,FLOTILLA 
26767,3N1CN7AE8RK409146,2025-01-01,1910,702,268400.38,1178.43,2024,NUEVO 
26768,3N1CN7AE0RK411764,2025-01-01,1288,702,268400.38,1438.55,2024,FLOTILLA 
26769,3N1CN7AE0RK407701,2025-01-01,1288,702,268400.38,1438.55,2024,FLOTILLA 
26770,3N1CN7AE8RK407946,2025-01-01,1288,702,268400.38,1438.55,2024,FLOTILLA 
26771,3N1CN7AE8RL704919,2025-01-01,1618,702,264843.02,500.99,2024,FLOTILLA 
26772,3N1CN7AE3RL704911,2025-01-01,1618,702,264843.02,500.99,2024,FLOTILLA 
26773,3N1CN7AE8RL704919,2025-01-01,1618,702,264843.02,83.50,2024,NUEVO 
26774,3N1CN7AE3RL704911,2025-01-01,1618,702,264843.02,83.50,2024,NUEVO 
26775,MEX5N2603NT036966,2025-02-01,,703,181200.00,111.44,2022,SEMINUEVOS 
26776,3N1CN8AE5SK592825,2025-02-01,,704,355215.94,2239.83,2025,NUEVO 
26777,3N1CN8AEXRK614635,2025-02-01,,704,331050.82,521.86,2024,FLOTILLA 
26778,3N1CN8AE7RK614611,2025-02-01,,704,331050.82,521.86,2024,FLOTILLA 
26779,3N1CN8AE7RK614589,2025-02-01,,704,331050.82,521.86,2024,FLOTILLA 
26780,3N1CN8AE7RK614561,2025-02-01,,704,331050.82,521.86,2024,FLOTILLA 
26781,3N1CN8AE0RK614725,2025-02-01,,704,331050.82,521.86,2024,FLOTILLA 
26782,3N1CN8AE1RK607167,2025-02-01,,704,331050.82,313.12,2024,FLOTILLA 
26783,3N1CN8AE9SK590804,2025-02-01,,704,321204.74,155.75,2025,NUEVO 
26784,3N1CN8AE3SK592175,2025-02-01,,704,321204.74,2922.96,2025,NUEVO 
26785,3N1CN8AE1SK590618,2025-02-01,,704,321204.74,2922.96,2025,NUEVO 
26786,3N1CN8AE2SK590918,2025-02-01,,704,321204.74,2922.96,2025,NUEVO 
26787,3N1CN8AE5RK624120,2025-02-01,,704,315836.26,2874.11,2024,NUEVO 
26788,3N1CN8AE4RK624187,2025-02-01,,704,315836.26,2874.11,2024,NUEVO 
26789,3N1CN8AE1RK622901,2025-02-01,,704,315836.26,2874.11,2024,NUEVO 
26790,3N1CN8AE9SK592097,2025-02-01,,704,384344.70,1677.28,2025,NUEVO 
26791,3N1CN8AE2SK590773,2025-02-01,,704,336420.46,3061.43,2025,NUEVO 
26792,3N1CN8AE5RK623078,2025-02-01,,704,315836.26,1033.03,2024,NUEVO 
26793,3N1CN8AE6RK624076,2025-02-01,,704,315836.26,2874.11,2024,NUEVO 
26794,3N1CN8AE6RK624160,2025-02-01,,704,315836.26,2463.52,2024,NUEVO 
26795,3N1CN8AE4RK623167,2025-02-01,,704,315836.26,700.16,2024,NUEVO 
26796,3N1CN8AE7RK623440,2025-02-01,,704,315836.26,840.79,2024,NUEVO 
26797,3N1CN8AE8RK624211,2025-02-01,,704,315836.26,385.12,2024,NUEVO 
26798,3N1CN8AE7RK624037,2025-02-01,,704,331050.82,3012.56,2024,FLOTILLA 
26799,3N1CN8AE6RK624059,2025-02-01,,704,331050.82,3012.56,2024,FLOTILLA 
26800,3N1CN8AE3RK624035,2025-02-01,,704,331050.82,3012.56,2024,FLOTILLA 
26801,3N1CN8AE4RK624044,2025-02-01,,704,331050.82,3012.56,2024,FLOTILLA 
26802,3N1CN8AE2RK615908,2025-02-01,,704,331050.82,3012.56,2024,FLOTILLA 
26803,3N1CN8AE3RK623046,2025-02-01,,704,315836.26,2883.94,2024,NUEVO 
26804,3N1CN8AE1RK611736,2025-02-01,,704,331050.82,3022.86,2024,FLOTILLA 
26805,3N1CN8AE3RK622818,2025-02-01,,704,346426.62,3219.84,2024,NUEVO 
26806,3N1CN8AE2RK622860,2025-02-01,,704,315836.26,1887.12,2024,NUEVO 
26807,3N1CN8AE6RK620979,2025-02-01,,704,346426.62,3219.84,2024,NUEVO 
26808,3N1CN8AEXRK619673,2025-02-01,,704,331050.82,329.67,2024,FLOTILLA 
26809,3N1CN8AEXRK619687,2025-02-01,,704,331050.82,329.67,2024,FLOTILLA 
26810,3N1CN8AE5RK619791,2025-02-01,,704,331050.82,329.67,2024,FLOTILLA 
26811,3N1CN8AE1RK619660,2025-02-01,,704,331050.82,329.67,2024,FLOTILLA 
26812,3N1CN8AE4RK619703,2025-02-01,,704,331050.82,329.67,2024,FLOTILLA 
26813,3N1CN8AE3RK619823,2025-02-01,,704,331050.82,329.67,2024,FLOTILLA 
26814,3N1CN8AE7RK619761,2025-02-01,,704,331050.82,329.67,2024,FLOTILLA 
26815,3N1CN8AE3RK619711,2025-02-01,,704,331050.82,329.67,2024,FLOTILLA 
26816,3N1CN8AE4RK619751,2025-02-01,,704,331050.82,329.67,2024,FLOTILLA 
26817,3N1CN8AEXRK614621,2025-02-01,,704,331050.82,1322.00,2024,FLOTILLA 
26818,3N1CN8AE8RK612639,2025-02-01,,704,331050.82,431.84,2024,NUEVO 
26819,3N1CN8AE1RK613809,2025-02-01,,704,346426.62,68.37,2024,NUEVO 
26820,3N1CN8AE4RL908686,2025-02-01,,704,323890.14,3007.86,2024,FLOTILLA 
26821,3N1CN8AE3RK610670,2025-02-01,,704,315836.26,2933.07,2024,NUEVO 
26822,3N1CN8AE3RL813973,2025-02-01,,704,418900.00,1812.21,2024,SEMINUEVOS 
26823,3N1CN8AE6RK602935,2025-02-01,,704,326575.54,1761.15,2024,NUEVO 
26824,3N1CN8AE0RK600873,2025-02-01,,704,326575.54,2900.72,2024,NUEVO 
26825,3N1CN8AE1RK598597,2025-02-01,,704,323890.14,2684.41,2024,NUEVO 
26826,3N1CN8AE7RL887025,2025-02-01,,704,352731.96,1484.77,2024,DEMO 
26827,3N1CN8AE4RL902631,2025-02-01,,704,323890.14,2894.50,2024,NUEVO 
26828,3N1CN8AEXRK610875,2025-02-01,,704,331050.82,2019.94,2024,NUEVO 
26829,3N1CN8AE7RL887025,2025-01-01,1524,704,352731.96,1979.69,2024,DEMO 
26830,3N1CN8AE4RL902631,2025-01-01,1681,704,323890.14,3204.62,2024,NUEVO 
26831,3N1CN7AD2JL846825,2025-02-01,,704,144200.00,44.34,2018,SEMINUEVOS 
26832,3N1CN8AEXRK619446,2025-02-01,,704,315836.26,194.24,2024,FLOTILLA 
26833,3N1CN8AE9RK619776,2025-02-01,,704,315836.26,194.24,2024,FLOTILLA 
26834,3N1CN8AE4RK619457,2025-02-01,,704,315836.26,194.24,2024,FLOTILLA 
26835,3N1CN8AE8RK599049,2025-02-01,,704,308675.58,189.84,2024,FLOTILLA 
26836,3N1CN8AE2LL913392,2025-02-01,,704,177700.00,109.29,2020,SEMINUEVOS 
26837,3N1CN8AEXRL887214,2025-02-01,,704,304303.12,280.72,2024,FLOTILLA 
26838,3N1CN8AE4MK855289,2025-02-01,,704,176600.00,217.22,2021,SEMINUEVOS 
26839,3N1CN8AEXLL823049,2025-02-01,,704,177700.00,218.57,2020,SEMINUEVOS 
26840,3N1CN8AE8RK602984,2025-02-01,,704,326575.54,903.80,2024,FLOTILLA 
26841,3N1CN8AEXSK596143,2025-02-01,,704,369465.38,463.47,2025,NUEVO 
26842,3N1CN8AEXRK623142,2025-02-01,,704,315836.26,3284.70,2024,NUEVO 
26843,3N1CN8AEXRK623948,2025-02-01,,704,315836.26,3584.58,2024,NUEVO 
26844,3N1CN8AEXRK617812,2025-02-01,,704,315836.26,3284.70,2024,NUEVO 
26845,3N1CN8AEXRK605840,2025-02-01,,704,315836.26,13137.91,2024,NUEVO 
26846,3N1CN8AE8SK594794,2025-02-01,,704,321204.74,1007.33,2025,NUEVO 
26847,3N1CN8AE8SK594178,2025-02-01,,704,355215.94,1455.89,2025,NUEVO 
26848,3N1CN8AE8SK593662,2025-02-01,,704,321204.74,1519.03,2025,NUEVO 
26849,3N1CN8AE9SK591516,2025-02-01,,704,369465.38,3962.52,2025,NUEVO 
26850,3N1CN8AE9RK621365,2025-02-01,,704,315836.26,5805.35,2024,NUEVO 
26851,3N1CN8AE8SK591670,2025-02-01,,704,369465.38,1080.69,2025,FLOTILLA 
26852,3N1CN8AE7SK590705,2025-02-01,,704,321204.74,3027.35,2025,NUEVO 
26853,3N1CN8AE7SK590977,2025-02-01,,704,351742.90,3230.45,2025,NUEVO 
26854,3N1CN8AE7SK590512,2025-02-01,,704,336420.46,3498.77,2025,NUEVO 
26855,3N1CN8AE8RK623768,2025-02-01,,704,315836.26,3489.99,2024,NUEVO 
26856,3N1CN8AE7RK619565,2025-02-01,,704,315836.26,3592.64,2024,NUEVO 
26857,3N1CN8AE8RK623186,2025-02-01,,704,315836.26,5149.89,2024,NUEVO 
26858,3N1CN8AE8RK620904,2025-02-01,,704,315836.26,5355.88,2024,NUEVO 
26859,3N1CN8AE7RK617721,2025-02-01,,704,315836.26,7777.64,2024,NUEVO 
26860,3N1CN8AE8RK613547,2025-02-01,,704,331050.82,10795.94,2024,NUEVO 
26861,3N1CN8AE7RK614530,2025-02-01,,704,315836.26,10196.77,2024,NUEVO 
26862,3N1CN8AE8RK610342,2025-02-01,,704,315836.26,11962.60,2024,NUEVO 
26863,3N1CN8AE8RK604511,2025-02-01,,704,315836.26,13032.81,2024,NUEVO 
26864,3N1CN8AE4LL865037,2025-02-01,,704,177700.00,546.43,2020,SEMINUEVOS 
26865,3N1CN7AE3NK395831,2025-02-01,,704,171900.00,538.62,2022,SEMINUEVOS 
26866,3N1CN8AE7RK614589,2025-02-01,,704,331050.82,726.10,2024,FLOTILLA 
26867,3N1CN8AE7RK614561,2025-02-01,,704,331050.82,726.10,2024,FLOTILLA 
26868,3N1CN8AE0RK614725,2025-02-01,,704,331050.82,2385.77,2024,FLOTILLA 
26869,3N1CN8AEXRK614635,2025-02-01,,704,331050.82,2385.77,2024,FLOTILLA 
26870,3N1CN8AE7RK614611,2025-02-01,,704,331050.82,2385.77,2024,FLOTILLA 
26871,3N1CN8AE8RK602984,2025-02-01,,704,326575.54,1023.27,2024,NUEVO 
26872,3N1CN8AEXRK619687,2025-02-01,,704,331050.82,2593.23,2024,FLOTILLA 
26873,3N1CN8AEXRK619673,2025-02-01,,704,331050.82,2593.23,2024,FLOTILLA 
26874,3N1CN8AE7RK619761,2025-02-01,,704,331050.82,2593.23,2024,FLOTILLA 
26875,3N1CN8AE5RK619791,2025-02-01,,704,331050.82,2593.23,2024,FLOTILLA 
26876,3N1CN8AE4RK619751,2025-02-01,,704,331050.82,2593.23,2024,FLOTILLA 
26877,3N1CN8AE4RK619703,2025-02-01,,704,331050.82,2593.23,2024,FLOTILLA 
26878,3N1CN8AE3RK619823,2025-02-01,,704,331050.82,2593.23,2024,FLOTILLA 
26879,3N1CN8AE3RK619711,2025-02-01,,704,331050.82,2593.23,2024,FLOTILLA 
26880,3N1CN8AE1RK619660,2025-02-01,,704,331050.82,2593.23,2024,FLOTILLA 
26881,3N1CN8AE1RK607167,2025-02-01,,704,331050.82,933.56,2024,FLOTILLA 
26882,3N1CN8AE1NL836954,2025-02-01,,704,198100.00,62.13,2022,SEMINUEVOS 
26883,3N1CN8AE7RK611840,2025-02-01,,704,331050.82,2906.99,2024,FLOTILLA 
26884,3N1CN8AE3NL859359,2025-02-01,,704,222880.00,1957.13,2022,SEMINUEVOS 
26885,3N1CN8AE9RK619776,2025-02-01,,704,315836.26,2575.29,2024,FLOTILLA 
26886,3N1CN8AE4RK619457,2025-02-01,,704,315836.26,2575.29,2024,FLOTILLA 
26887,3N1CN8AEXRL887214,2025-02-01,,704,304303.12,2385.82,2024,FLOTILLA 
26888,3N1CN8AEXRK619446,2025-02-01,,704,315836.26,2575.29,2024,FLOTILLA 
26889,3N1CN8AE2SK597335,2025-02-01,,704,321204.74,201.47,2025,NUEVO 
26890,3N1CN8AE3SK597313,2025-02-01,,704,321204.74,402.93,2025,NUEVO 
26891,3N1CN8AE8RK602984,2025-02-01,,704,326575.54,921.76,2024,FLOTILLA 
26892,3N1CN8AEXSK596496,2025-02-01,,704,384530.30,723.56,2025,FLOTILLA 
26893,3N1CN8AE4SK592380,2025-02-01,,704,384530.30,1085.34,2025,FLOTILLA 
26894,3N1CN8AE5SK592906,2025-02-01,,704,369465.38,1042.82,2025,FLOTILLA 
26895,3N1CN8AE9SK592889,2025-02-01,,704,369465.38,1042.82,2025,FLOTILLA 
26896,3N1CN8AE6SK594227,2025-02-01,,704,384530.30,1085.34,2025,FLOTILLA 
26897,3N1CN8AE3SK592869,2025-02-01,,704,384530.30,1085.34,2025,FLOTILLA 
26898,3N1CN8AE4SK594176,2025-02-01,,704,384530.30,1085.34,2025,FLOTILLA 
26899,3N1CN8AE1SK591672,2025-02-01,,704,369465.38,1042.82,2025,FLOTILLA 
26900,3N1CN8AE5SK591755,2025-02-01,,704,369465.38,1042.82,2025,FLOTILLA 
26901,3N1CN8AE0SK591601,2025-02-01,,704,355215.94,1336.80,2025,FLOTILLA 
26902,3N1CN8AE9RL862269,2025-02-01,,704,283300.00,355.38,2024,SEMINUEVOS 
26903,3N1CN8AE1SK592871,2025-02-01,,704,369465.38,1158.68,2025,FLOTILLA 
26904,3N1CN8AE0SK591551,2025-02-01,,704,369465.38,1158.68,2025,FLOTILLA 
26905,3N1CN8AE6SK594521,2025-02-01,,704,369465.38,1630.78,2025,NUEVO 
26906,3N1CN8AE3SK594217,2025-02-01,,704,321204.74,1620.30,2025,NUEVO 
26907,3N1CN8AE1SK593471,2025-02-01,,704,321204.74,1924.11,2025,NUEVO 
26908,3N1CN8AEXRK619673,2025-01-01,1660,704,331050.82,3406.60,2024,FLOTILLA 
26909,3N1CN8AEXRK619687,2025-01-01,1660,704,331050.82,3406.60,2024,FLOTILLA 
26910,3N1CN8AE5RK619791,2025-01-01,1660,704,331050.82,3406.60,2024,FLOTILLA 
26911,3N1CN8AE1RK619660,2025-01-01,1660,704,331050.82,3406.60,2024,FLOTILLA 
26912,3N1CN8AE4RK619703,2025-01-01,1660,704,331050.82,3406.60,2024,FLOTILLA 
26913,3N1CN8AE3RK619823,2025-01-01,1660,704,331050.82,3406.60,2024,FLOTILLA 
26914,3N1CN8AE7RK619761,2025-01-01,1660,704,331050.82,3406.60,2024,FLOTILLA 
26915,3N1CN8AE3RK619711,2025-01-01,1660,704,331050.82,3406.60,2024,FLOTILLA 
26916,3N1CN8AE4RK619751,2025-01-01,1660,704,331050.82,3406.60,2024,FLOTILLA 
26917,3N1CN8AE5RK620813,2025-01-01,1681,704,315836.26,222.77,2024,NUEVO 
26918,3N1CN8AEXRK619446,2025-01-01,1305,704,315836.26,2837.79,2024,FLOTILLA 
26919,3N1CN8AE9RK619437,2025-01-01,1305,704,315836.26,2522.48,2024,FLOTILLA 
26920,3N1CN8AE8RK619896,2025-01-01,1305,704,315836.26,2837.79,2024,FLOTILLA 
26921,3N1CN8AE9RK619776,2025-01-01,1305,704,315836.26,2837.79,2024,FLOTILLA 
26922,3N1CN8AE4RK619457,2025-01-01,1305,704,315836.26,2837.79,2024,FLOTILLA 
26923,3N1CN8AEXRK618801,2025-01-01,1983,704,315836.26,1366.34,2024,NUEVO 
26924,3N1CN8AE7RK617721,2025-01-01,1681,704,315836.26,3258.20,2024,NUEVO 
26925,3N1CN8AEXRK614621,2025-01-01,1660,704,331050.82,3415.16,2024,FLOTILLA 
26926,3N1CN8AE1RK614698,2025-01-01,1660,704,331050.82,647.76,2024,FLOTILLA 
26927,3N1CN8AE7RK614611,2025-01-01,1660,704,331050.82,647.76,2024,FLOTILLA 
26928,3N1CN8AE7RK614589,2025-01-01,1660,704,331050.82,647.76,2024,FLOTILLA 
26929,3N1CN8AE0RK614725,2025-01-01,1660,704,331050.82,647.76,2024,FLOTILLA 
26930,3N1CN8AE1RK614796,2025-01-01,1660,704,331050.82,647.76,2024,FLOTILLA 
26931,3N1CN8AEXRK614635,2025-01-01,1660,704,331050.82,647.76,2024,FLOTILLA 
26932,3N1CN8AE9RK614688,2025-01-01,1660,704,331050.82,647.76,2024,FLOTILLA 
26933,3N1CN8AE2RK614497,2025-01-01,1660,704,331050.82,647.76,2024,FLOTILLA 
26934,3N1CN8AE9RK614528,2025-01-01,1660,704,331050.82,647.76,2024,FLOTILLA 
26935,3N1CN8AE7RK614561,2025-01-01,1660,704,331050.82,647.76,2024,FLOTILLA 
26936,3N1CN8AE3RK614573,2025-01-01,1660,704,331050.82,647.76,2024,FLOTILLA 
26937,3N1CN8AE5RK614400,2025-01-01,1660,704,331050.82,647.76,2024,FLOTILLA 
26938,3N1CN8AE3RK611981,2025-01-01,1660,704,331050.82,647.76,2024,FLOTILLA 
26939,3N1CN8AEXRK610875,2025-01-01,1681,704,331050.82,3346.74,2024,NUEVO 
26940,3N1CN8AE6RK612025,2025-01-01,2048,704,315836.26,2372.77,2024,NUEVO 
26941,3N1CN8AE8RK612639,2025-01-01,1681,704,331050.82,3346.74,2024,NUEVO 
26942,3N1CN8AE8RK613547,2025-01-01,1331,704,331050.82,3346.74,2024,NUEVO 
26943,3N1CN8AE5RK613764,2025-01-01,1681,704,331050.82,3006.81,2024,NUEVO 
26944,3N1CN8AE5RK612601,2025-01-01,2052,704,315836.26,1547.77,2024,NUEVO 
26945,3N1CN8AE7RK614530,2025-01-01,1681,704,315836.26,3192.93,2024,NUEVO 
26946,3N1CN8AE1RK613809,2025-01-01,2037,704,346426.62,3502.18,2024,NUEVO 
26947,3N1CN8AE0RK608732,2025-01-01,1681,704,331050.82,1413.71,2024,NUEVO 
26948,3N1CN7AD7JK461752,2025-01-01,1998,704,142000.00,302.02,2018,SEMINUEVOS 
26949,3N1CN8AE4RK600617,2025-01-01,1681,704,311359.82,1342.48,2024,FLOTILLA 
26950,3N1CN8AE4RL908686,2025-01-01,1681,704,323890.14,3330.13,2024,FLOTILLA 
26951,3N1CN8AE8RK610342,2025-01-01,1681,704,315836.26,3247.32,2024,NUEVO 
26952,3N1CN8AE3RK610670,2025-01-01,1681,704,315836.26,3247.32,2024,NUEVO 
26953,3N1CN8AE9RK609412,2025-01-01,1681,704,315836.26,2214.47,2024,NUEVO 
26954,3N1CN8AE5RK610153,2025-01-01,2066,704,315836.26,315.31,2024,NUEVO 
26955,3N1CN8AE5RK606250,2025-01-01,1675,704,315836.26,2207.17,2024,NUEVO 
26956,3N1CN8AE3RL813973,2025-01-01,1749,704,418900.00,2962.26,2024,SEMINUEVOS 
26957,3N1CN8AE8RK604511,2025-01-01,1675,704,315836.26,3258.20,2024,NUEVO 
26958,3N1CN8AE3RK606232,2025-01-01,1681,704,315836.26,1133.67,2024,NUEVO 
26959,3N1CN8AEXRK605840,2025-01-01,1675,704,315836.26,3258.20,2024,NUEVO 
26960,3N1CN8AE0RK605376,2025-01-01,1681,704,331050.82,1765.60,2024,NUEVO 
26961,3N1CN8AE8RK602984,2025-01-01,1681,704,326575.54,2382.73,2024,NUEVO 
26962,3N1CN8AE6RK602935,2025-01-01,1331,704,326575.54,3211.51,2024,NUEVO 
26963,3N1CN8AE0RK600873,2025-01-01,1681,704,326575.54,3211.51,2024,NUEVO 
26964,3N1CN8AE1RK598597,2025-01-01,1681,704,323890.14,3277.14,2024,NUEVO 
26965,3N1CN8AE6RL919544,2025-01-01,1681,704,386090.50,3654.45,2024,NUEVO 
26966,3N1CN8AE0RK607466,2025-01-01,1660,704,331050.82,1829.06,2024,FLOTILLA 
26967,3N1CN8AEXRL887214,2025-01-01,1331,704,304303.12,2571.36,2024,FLOTILLA 
26968,3N1CN8AE8RK611779,2025-01-01,1660,704,331050.82,1829.06,2024,FLOTILLA 
26969,3N1CN8AE8RK610695,2025-01-01,1660,704,331050.82,1829.06,2024,FLOTILLA 
26970,3N1CN8AE8RK594224,2025-01-01,1660,704,323890.14,1789.49,2024,FLOTILLA 
26971,3N1CN8AE3RK610569,2025-01-01,1660,704,331050.82,1829.06,2024,FLOTILLA 
26972,3N1CN8AE9SK590804,2025-01-01,1681,704,321204.74,626.35,2025,NUEVO 
26973,3N1CN8AE3SK592175,2025-01-01,1681,704,321204.74,626.35,2025,NUEVO 
26974,3N1CN8AE1SK590618,2025-01-01,1331,704,321204.74,626.35,2025,NUEVO 
26975,3N1CN8AE2SK590918,2025-01-01,1331,704,321204.74,626.35,2025,NUEVO 
26976,3N1CN8AE7SK590705,2025-01-01,1681,704,321204.74,626.35,2025,NUEVO 
26977,3N1CN8AE5RK624120,2025-01-01,1681,704,315836.26,615.88,2024,NUEVO 
26978,3N1CN8AE4RK624187,2025-01-01,1681,704,315836.26,615.88,2024,NUEVO 
26979,3N1CN8AEXRK623142,2025-01-01,1681,704,315836.26,615.88,2024,NUEVO 
26980,3N1CN8AE1RK622901,2025-01-01,1331,704,315836.26,615.88,2024,NUEVO 
26981,3N1CN8AE7SK590977,2025-01-01,1681,704,351742.90,1028.85,2025,NUEVO 
26982,3N1CN8AE9SK592097,2025-01-01,1331,704,384344.70,1124.21,2025,NUEVO 
26983,3N1CN8AEXSK592190,2025-01-01,2064,704,384344.70,212.16,2025,NUEVO 
26984,3N1CN8AE9SK591516,2025-01-01,1331,704,369465.38,1080.69,2025,NUEVO 
26985,3N1CN8AE2SK590773,2025-01-01,1681,704,336420.46,984.03,2025,NUEVO 
26986,3N1CN8AE7SK590512,2025-01-01,1681,704,336420.46,984.03,2025,NUEVO 
26987,3N1CN8AEXRK599165,2025-01-01,1985,704,323890.14,1089.02,2024,NUEVO 
26988,3N1CN8AE5RK623078,2025-01-01,1331,704,315836.26,1231.76,2024,NUEVO 
26989,3N1CN8AE6RK624076,2025-01-01,1681,704,315836.26,1231.76,2024,NUEVO 
26990,3N1CN8AE6RK624160,2025-01-01,1681,704,315836.26,1231.76,2024,NUEVO 
26991,3N1CN8AE4RK623167,2025-01-01,1681,704,315836.26,1231.76,2024,NUEVO 
26992,3N1CN8AE7RK623440,2025-01-01,1331,704,315836.26,1231.76,2024,NUEVO 
26993,3N1CN8AE8RK624211,2025-01-01,1681,704,315836.26,1231.76,2024,NUEVO 
26994,3N1CN8AEXRK623948,2025-01-01,1681,704,315836.26,1231.76,2024,NUEVO 
26995,3N1CN8AE8RK623768,2025-01-01,1681,704,315836.26,1231.76,2024,NUEVO 
26996,3N1CN8AEXRK617812,2025-01-01,1331,704,315836.26,1231.76,2024,NUEVO 
26997,3N1CN8AE7RK619565,2025-01-01,1681,704,315836.26,1231.76,2024,NUEVO 
26998,3N1CN8AE7RK624037,2025-01-01,1660,704,331050.82,1506.28,2024,FLOTILLA 
26999,3N1CN8AE6RK624059,2025-01-01,1660,704,331050.82,1506.28,2024,FLOTILLA 
27000,3N1CN8AE3RK624035,2025-01-01,1660,704,331050.82,1506.28,2024,FLOTILLA 
27001,3N1CN8AE4RK624044,2025-01-01,1660,704,331050.82,1506.28,2024,FLOTILLA 
27002,3N1CN8AE2RK615908,2025-01-01,1331,704,331050.82,1721.46,2024,FLOTILLA 
27003,3N1CN8AE9RK607174,2025-01-01,1660,704,331050.82,1295.51,2024,FLOTILLA 
27004,3N1CN8AE7RK594229,2025-01-01,1660,704,323890.14,739.37,2024,FLOTILLA 
27005,3N1CN7AD6KL888254,2025-01-01,1704,704,145400.00,663.83,2019,SEMINUEVOS 
27006,3N1CN8AE8RK623186,2025-01-01,1331,704,315836.26,2883.94,2024,NUEVO 
27007,3N1CN8AE3RK623046,2025-01-01,1331,704,315836.26,2883.94,2024,NUEVO 
27008,3N1CN8AE8RK620904,2025-01-01,1331,704,315836.26,2883.94,2024,NUEVO 
27009,3N1CN8AE2RK608005,2025-01-01,1660,704,331050.82,215.92,2024,FLOTILLA 
27010,3N1CN8AE2RK607839,2025-01-01,1660,704,331050.82,215.92,2024,FLOTILLA 
27011,3N1CN8AE1RK607167,2025-01-01,1660,704,331050.82,107.96,2024,FLOTILLA 
27012,3N1CN8AE1RK611736,2025-01-01,1660,704,331050.82,3346.74,2024,FLOTILLA 
27013,3N1CN8AE3RK622818,2025-01-01,1681,704,346426.62,3564.83,2024,NUEVO 
27014,3N1CN8AE2RK622860,2025-01-01,1331,704,315836.26,3250.04,2024,NUEVO 
27015,3N1CN8AE2RK603970,2025-01-01,1288,704,311359.82,1550.31,2024,FLOTILLA 
27016,3N1CN8AEXRK603957,2025-01-01,1305,704,311359.82,3203.98,2024,FLOTILLA 
27017,3N1CN8AE3RK602584,2025-01-01,1305,704,311359.82,3203.98,2024,FLOTILLA 
27018,3N1CN8AE1RK599362,2025-01-01,1305,704,311359.82,3203.98,2024,FLOTILLA 
27019,3N1CN8AEXRK620094,2025-01-01,1681,704,346426.62,97.61,2024,NUEVO 
27020,3N1CN8AE2RK618288,2025-01-01,1681,704,346426.62,804.96,2024,NUEVO 
27021,3N1CN8AE6RK620979,2025-01-01,1988,704,346426.62,3564.83,2024,NUEVO 
27022,3N1CN8AE6RK619444,2025-01-01,1681,704,346426.62,229.99,2024,NUEVO 
27023,3N1CN8AE9RK621365,2025-01-01,1681,704,315836.26,3250.04,2024,NUEVO 
27024,3N1CN8AE7RK611840,2025-01-01,1660,704,331050.82,207.64,2024,FLOTILLA 
27025,3N1CN8AE3NL859359,2025-01-01,1681,704,222880.00,209.69,2022,SEMINUEVOS 
27026,3N1CN8AE9RK619776,2025-01-01,1305,704,315836.26,396.20,2024,FLOTILLA 
27027,3N1CN8AE4RK619457,2025-01-01,1305,704,315836.26,396.20,2024,FLOTILLA 
27028,3N1CN8AEXRL887214,2025-01-01,1331,704,304303.12,477.16,2024,FLOTILLA 
27029,3N1CN8AEXRK619446,2025-01-01,1305,704,315836.26,396.20,2024,FLOTILLA 
27030,3N1CN8AE8RK619896,2025-01-01,1305,704,315836.26,396.20,2024,FLOTILLA 
27031,3N1CN8AE8RK602984,2025-01-01,1681,704,326575.54,819.34,2024,FLOTILLA 
27032,3N1CN8AE9RL862269,2025-01-01,2067,704,283300.00,1066.15,2024,SEMINUEVOS 
27033,3N1CN8AE9RK607174,2025-01-01,1660,704,331050.82,521.86,2024,FLOTILLA 
27034,3N1CN8AEXRK614635,2025-01-01,1660,704,331050.82,2609.32,2024,FLOTILLA 
27035,3N1CN8AE7RK614611,2025-01-01,1660,704,331050.82,2609.32,2024,FLOTILLA 
27036,3N1CN8AE7RK594229,2025-01-01,1660,704,323890.14,1021.15,2024,FLOTILLA 
27037,3N1CN8AE9RK614688,2025-01-01,1660,704,331050.82,2504.95,2024,FLOTILLA 
27038,3N1CN8AE9RK614528,2025-01-01,1660,704,331050.82,1148.10,2024,FLOTILLA 
27039,3N1CN8AE7RK614589,2025-01-01,1660,704,331050.82,2609.32,2024,FLOTILLA 
27040,3N1CN8AE7RK614561,2025-01-01,1660,704,331050.82,2609.32,2024,FLOTILLA 
27041,3N1CN8AE5RK614400,2025-01-01,1660,704,331050.82,1148.10,2024,FLOTILLA 
27042,3N1CN8AE3RK614573,2025-01-01,1660,704,331050.82,2504.95,2024,FLOTILLA 
27043,3N1CN8AE3RK611981,2025-01-01,1660,704,331050.82,1878.71,2024,FLOTILLA 
27044,3N1CN8AE2RK614497,2025-01-01,1660,704,331050.82,1148.10,2024,FLOTILLA 
27045,3N1CN8AE1RK614796,2025-01-01,1660,704,331050.82,1148.10,2024,FLOTILLA 
27046,3N1CN8AE1RK614698,2025-01-01,1660,704,331050.82,2504.95,2024,FLOTILLA 
27047,3N1CN8AE0RK614725,2025-01-01,1660,704,331050.82,2609.32,2024,FLOTILLA 
27048,3N1CN8AE2RK608005,2025-01-01,1660,704,331050.82,1565.59,2024,FLOTILLA 
27049,3N1CN8AE2RK607839,2025-01-01,1660,704,331050.82,1565.59,2024,FLOTILLA 
27050,3N1CN8AE1RK607167,2025-01-01,1660,704,331050.82,3131.19,2024,FLOTILLA 
27051,3N1CN8AE9RK611743,2025-01-01,1660,704,331050.82,1936.65,2024,FLOTILLA 
27052,3N1CN8AE7RK611840,2025-01-01,1660,704,331050.82,3227.75,2024,FLOTILLA 
27053,3N1CN8AE8SK591670,2025-01-01,1290,704,369465.38,240.15,2025,FLOTILLA 
27054,JN8AT3MT4RW017464,2025-02-01,,706,556500.00,5081.46,2024,SEMINUEVOS 
27055,JN8CT3MT6SW008148,2025-02-01,,706,766671.71,1000.08,2025,FLOTILLA 
27056,JN8CT3MT4SW008696,2025-02-01,,706,766671.71,3000.24,2025,FLOTILLA 
27057,JN8AT3MT5RW011950,2025-02-01,,706,527400.00,4168.29,2024,SEMINUEVOS 
27058,JN8CT3MTXSW007746,2025-02-01,,706,766671.71,3000.24,2025,FLOTILLA 
27059,JN8AT3MT6RW014162,2025-02-01,,706,739000.00,3197.00,2024,SEMINUEVOS 
27060,JN8AT3MT0SW035451,2025-02-01,,706,693870.58,5616.50,2025,DEMO 
27061,JN8AT3MT1SW035409,2025-02-01,,706,693870.58,5593.85,2025,DEMO 
27062,JN8CT3MT8RW005696,2025-02-01,,706,835413.68,3516.53,2024,DEMO 
27063,JN8CT3MT8RW005701,2025-02-01,,706,835413.68,3516.53,2024,DEMO 
27064,JN8AT3MT4RW018663,2025-02-01,,706,691715.43,2911.66,2024,DEMO 
27065,JN8AT3MT2RW015423,2025-02-01,,706,691715.43,551.45,2024,DEMO 
27066,JN8AT3MT2RW015423,2025-01-01,1681,706,691715.43,3882.21,2024,DEMO 
27067,JN8CT3MTXRW004436,2025-01-01,1524,706,835089.36,2667.65,2024,DEMO 
27068,JN8AT3ML8PW000972,2025-02-01,,706,467400.00,431.18,2025,SEMINUEVOS 
27069,JN8CT3MTXSW009190,2025-02-01,,706,846752.05,825.58,2025,NUEVO 
27070,JN8CT3MT9SW008872,2025-02-01,,706,766671.71,4326.37,2025,NUEVO 
27071,JN8CT3MT4SW008844,2025-02-01,,706,846752.06,10425.87,2025,NUEVO 
27072,JN8CT3MT5SW008447,2025-02-01,,706,766671.71,17251.39,2025,NUEVO 
27073,JN8CT3MTXSW008055,2025-02-01,,706,766671.71,17604.06,2025,NUEVO 
27074,JN8CT3MT0SW007951,2025-02-01,,706,846752.06,27896.25,2025,NUEVO 
27075,JN8CT3MT9SW007642,2025-02-01,,706,758752.22,25032.08,2025,NUEVO 
27076,JN8AT3MT1SW041050,2025-02-01,,706,668297.62,651.59,2025,NUEVO 
27077,JN8AT3MT6SW039584,2025-02-01,,706,584356.48,2667.91,2025,NUEVO 
27078,JN8AT3MT8SW038615,2025-02-01,,706,618791.93,6367.54,2025,NUEVO 
27079,JN8BT27T8HW037399,2025-02-01,,706,210500.00,791.48,2017,SEMINUEVOS 
27080,JN8BT27T7JW073719,2025-02-01,,706,238700.00,897.51,2018,SEMINUEVOS 
27081,JN8CT3MTXRW004436,2025-02-01,,706,571400.00,3401.73,2024,SEMINUEVOS 
27082,JN8CT3MT3SW008317,2025-02-01,,706,846752.05,7428.84,2025,FLOTILLA 
27083,JN8AT3MT4SW043097,2025-02-01,,706,618791.93,194.06,2025,FLOTILLA 
27084,JN8CT3MT4SW008844,2025-01-01,1681,706,846752.06,4790.26,2025,NUEVO 
27085,JN8AT3MT5RW011950,2025-01-01,1749,706,527400.00,5440.72,2024,SEMINUEVOS 
27086,JN8BT27T5MW127622,2025-01-01,1681,706,320000.00,1946.75,2021,SEMINUEVOS 
27087,JN8CT3MT3SW007944,2025-01-01,1660,706,766671.71,4337.23,2025,FLOTILLA 
27088,JN8CT3MTXSW007746,2025-01-01,1660,706,766671.71,7750.63,2025,FLOTILLA 
27089,JN8CT3MT5SW008447,2025-01-01,1681,706,766671.71,7750.63,2025,NUEVO 
27090,JN8AT3MT3RW018248,2025-01-01,1681,706,655900.00,3468.03,2024,SEMINUEVOS 
27091,JN8CT3MT4SW008164,2025-01-01,1991,706,846752.06,812.30,2025,NUEVO 
27092,JN8CT3MTXSW008055,2025-01-01,1681,706,766671.71,7909.07,2025,NUEVO 
27093,JN8CT3MT0SW007898,2025-01-01,1681,706,846752.06,748.03,2025,NUEVO 
27094,JN8AT3MT6RW014162,2025-01-01,1749,706,739000.00,5225.86,2024,SEMINUEVOS 
27095,JN8CT3MT1SW007621,2025-01-01,2001,706,846752.06,4387.51,2025,NUEVO 
27096,JN8CT3MT0SW007951,2025-01-01,1681,706,846752.06,8735.19,2025,NUEVO 
27097,JN8CT3MTXSW007682,2025-01-01,1681,706,766671.71,5453.61,2025,NUEVO 
27098,JN8CT3MT9SW007642,2025-01-01,1331,706,758752.22,7461.49,2025,NUEVO 
27099,JN8CT3MT0PW001901,2025-01-01,1749,706,641400.00,837.38,2023,SEMINUEVOS 
27100,JN8BT27T2MW129361,2025-01-01,1681,706,352100.00,344.76,2021,SEMINUEVOS 
27101,JN8BT27T1MW129349,2025-01-01,2045,706,352100.00,344.76,2021,SEMINUEVOS 
27102,JN8AT3MT0SW035451,2025-01-01,1681,706,693870.58,1630.60,2025,DEMO 
27103,JN8AT3MT1SW035409,2025-01-01,1524,706,693870.58,1630.60,2025,DEMO 
27104,JN8CT3MT8RW005696,2025-01-01,1681,706,835413.68,4688.71,2024,DEMO 
27105,JN8CT3MT8RW005701,2025-01-01,1524,706,835413.68,4688.71,2024,DEMO 
27106,JN8CT3MT4RW005016,2025-01-01,2036,706,835089.36,7672.38,2024,NUEVO 
27107,JN8AT3MT4RW018663,2025-01-01,1524,706,691715.43,3882.21,2024,DEMO 
27108,JN8AT3MT4RW017464,2025-01-01,1385,706,556500.00,5625.91,2024,SEMINUEVOS 
27109,JN8CT3MT6SW008148,2025-01-01,1660,706,766671.71,7750.63,2025,FLOTILLA 
27110,JN8CT3MT4SW008696,2025-01-01,1660,706,766671.71,7750.63,2025,FLOTILLA 
27111,JN8CT3MT3SW008317,2025-01-01,1681,706,846752.05,8151.16,2025,FLOTILLA 
27112,JN8CT3MT9SW008872,2025-01-01,1681,706,766671.71,508.98,2025,NUEVO 
27113,JN8AT3MT8SW038615,2025-01-01,1331,706,618791.93,1232.43,2025,NUEVO 
27114,JN8CT3MT3SW008317,2025-01-01,1681,706,846752.05,531.10,2025,NUEVO 
27115,JN8AT3MT2PW008047,2025-01-01,1749,706,474700.00,3442.23,2023,SEMINUEVOS 
27116,JN8BT27T8MW126884,2025-01-01,2017,706,307300.00,2328.35,2021,SEMINUEVOS 
27117,93CEC76C0NB190553,2025-02-01,,752,235700.00,1231.24,2022,SEMINUEVOS 
27118,93CEC76C2NB170871,2025-02-01,,752,235700.00,213.24,2022,SEMINUEVOS 
27119,93CEC76C0NB190553,2025-01-01,1681,752,235700.00,2071.61,2022,SEMINUEVOS 
27120,93CEC76C2NB170871,2025-01-01,1681,752,235700.00,1818.10,2022,SEMINUEVOS 
27121,MHKMF5CF5MK018586,2025-02-01,,763,217600.00,1910.77,2021,SEMINUEVOS 
27122,MHKMF5CF5MK018586,2025-01-01,1681,763,217600.00,1023.63,2021,SEMINUEVOS 
27123,3HGRU5894LM000775,2025-02-01,,777,268200.00,2102.76,2020,SEMINUEVOS 
27124,VR3UPHNL2PT000622,2025-02-01,,814,263000.00,2321.71,2023,SEMINUEVOS 
27125,VR3UPHNL2PT000622,2025-01-01,1385,814,263000.00,1990.03,2023,SEMINUEVOS 
27126,JM1BPCDL7K1146810,2025-01-01,1996,815,217700.00,141.99,2019,SEMINUEVOS 
27127,1HGRW1840HL911511,2025-02-01,,821,284800.00,1066.22,2017,SEMINUEVOS 
27128,1HGRW1895ML903619,2025-02-01,,821,426000.00,131.00,2021,SEMINUEVOS 
27129,1HGRW1894KL912891,2025-02-01,,821,355300.00,3119.93,2019,SEMINUEVOS 
27130,1HGRW1891KL910774,2025-02-01,,821,355300.00,3119.93,2019,SEMINUEVOS 
27131,1HGRW1840HL911511,2025-01-01,1385,821,284800.00,1871.81,2017,SEMINUEVOS 
27132,1HGRW1894KL912891,2025-01-01,1681,821,355300.00,1671.39,2019,SEMINUEVOS 
27133,1HGRW1891KL910774,2025-01-01,1681,821,355300.00,1671.39,2019,SEMINUEVOS 
27134,5NPD74AF6LH582152,2025-02-01,,825,190200.00,715.15,2020,SEMINUEVOS 
27135,LSJA24W93MN017068,2025-02-01,,830,288000.00,936.00,2021,SEMINUEVOS 
27136,LSJA24W93MN017068,2025-01-01,1385,830,288000.00,1704.00,2021,SEMINUEVOS 
27137,WMW31DK03N2P84505,2025-02-01,,839,376200.00,2300.31,2022,SEMINUEVOS 
27138,WMW31DK03N2P84505,2025-01-01,1385,839,376200.00,3465.79,2022,SEMINUEVOS 
27139,MMEMC71X1LH005370,2025-02-01,,840,433800.00,2310.71,2020,SEMINUEVOS 
27140,93Y9S2MH7LJ541722,2025-02-01,,844,216400.00,1900.23,2020,SEMINUEVOS 
27141,93Y9S1MF4JJ433418,2025-01-01,1681,844,170800.00,1128.28,2018,SEMINUEVOS 
27142,93Y9S2MH7LJ541722,2025-01-01,1681,844,216400.00,542.92,2020,SEMINUEVOS 
27143,KNDPR3NC5L7762745,2025-02-01,,851,282800.00,1936.71,2020,SEMINUEVOS 
27144,U6YPG3AA3ML966999,2025-02-01,,851,246800.00,607.13,2021,SEMINUEVOS 
27145,KNDPR3NC5L7762745,2025-01-01,1681,851,282800.00,2858.95,2020,SEMINUEVOS 
27146,3N1CE2CD5JL368643,2025-02-01,,983,135500.00,257.67,2018,SEMINUEVOS 
27147,3N1CE2CD5JL368643,2025-01-01,1681,983,135500.00,637.41,2018,SEMINUEVOS 
27148,3N1CE2CD0KL354974,2025-01-01,1999,983,181600.00,885.30,2019,SEMINUEVOS 
27149,3KPC24B55ME127413,2025-01-01,1681,1008,170500.00,169.79,2021,SEMINUEVOS 
27150,4TAC11AK8NU643112,2025-02-01,,1012,318100.00,582.21,2022,SEMINUEVOS 
27151,4TAC11AK8NU643112,2025-01-01,1681,1012,318100.00,2064.20,2022,SEMINUEVOS 
27152,4T1C11AK5NU651460,2025-01-01,1681,1012,331300.00,540.66,2022,SEMINUEVOS 
27153,4T1C11AK8NU643112,2025-01-01,1681,1012,331300.00,540.66,2022,SEMINUEVOS 
27154,JM1DKDD75K1408971,2025-01-01,1989,1016,215700.00,572.80,2019,SEMINUEVOS 
27155,3FAFP4AJ4JM125804,2025-02-01,,1019,127100.00,398.25,2018,SEMINUEVOS 
27156,KNDCC3LC5L5398003,2025-02-01,,1033,339000.00,457.04,2020,SEMINUEVOS 
27157,KNDCC3LC5L5398003,2025-01-01,1681,1033,339000.00,1371.11,2020,SEMINUEVOS 
27158,KNDMC5C25L6622257,2025-01-01,1681,1044,481300.00,3123.24,2020,SEMINUEVOS 
27159,MZBER2A49PN386481,2025-01-01,2043,1045,334600.00,3055.27,2023,SEMINUEVOS 
27160,LVVDB21B9PD712717,2025-01-01,1992,1049,348200.00,1536.92,2023,SEMINUEVOS 
27161,LZWLLNGL7PB009615,2025-06-01,,655,262700.00,1336.05,2023,SEMINUEVOS 
27162,LZWLLNGL8PB030912,2025-06-01,,655,273500.00,1365.41,2023,SEMINUEVOS 
27163,LZWLLNGL5PB019866,2025-06-01,,655,260100.00,2286.71,2023,SEMINUEVOS 
27164,LZWLLNGL8PB030912,2025-05-01,1385,655,273500.00,2418.73,2023,SEMINUEVOS 
27165,LZWLLNGL2NB019904,2025-05-01,1681,655,255000.00,1198.50,2022,SEMINUEVOS 
27166,LZWLLNGL1PB007147,2025-06-01,,655,262700.00,511.32,2023,SEMINUEVOS 
27167,LZWLLNGL7PB009615,2025-05-01,1385,655,262700.00,2436.32,2023,SEMINUEVOS 
27168,LZWLLNGL5PB019866,2025-05-01,1385,655,260100.00,381.12,2023,SEMINUEVOS 
27169,LSGKB5412PV000442,2025-06-01,,656,223100.00,1591.14,2023,SEMINUEVOS 
27170,LSGKB5412PV000294,2025-06-01,,656,259200.00,1626.77,2023,SEMINUEVOS 
27171,LSGKB5411PV001386,2025-06-01,,656,223100.00,1257.00,2023,SEMINUEVOS 
27172,LSGKB5419NV017915,2025-06-01,,656,205100.00,1331.11,2022,SEMINUEVOS 
27173,LSGKB541XNV060434,2025-06-01,,656,197900.00,252.79,2022,SEMINUEVOS 
27174,LSGKB5412PV000442,2025-05-01,1385,656,223100.00,1973.01,2023,SEMINUEVOS 
27175,LSGKB5412PV000294,2025-05-01,1385,656,259200.00,2292.26,2023,SEMINUEVOS 
27176,LSGKB5411PV001386,2025-05-01,1385,656,223100.00,1973.01,2023,SEMINUEVOS 
27177,LSGKB5419NV017915,2025-05-01,2120,656,205100.00,1813.82,2022,SEMINUEVOS 
27178,LSGKB541XNV060434,2025-05-01,1681,656,197900.00,1658.73,2022,SEMINUEVOS 
27179,LSGKB5410NV018175,2025-05-01,1681,656,197900.00,1283.59,2022,SEMINUEVOS 
27180,93YHSCCX0PJ447827,2025-06-01,,659,266700.00,1331.46,2023,SEMINUEVOS 
27181,93YHSCCX8PJ447798,2025-06-01,,659,267900.00,1647.59,2023,SEMINUEVOS 
27182,93YHSCCX0PJ447827,2025-05-01,1385,659,266700.00,2358.59,2023,SEMINUEVOS 
27183,93YHSCCX8NJ141293,2025-05-01,1630,659,245700.00,2191.03,2022,SEMINUEVOS 
27184,93YHSCCX8PJ447798,2025-05-01,1681,659,267900.00,2368.40,2023,SEMINUEVOS 
27185,3N6AD33B3SK823313,2025-06-01,,663,687094.21,3332.22,2025,FLOTILLA 
27186,3N6AD33B5SK823183,2025-06-01,,663,687094.21,3332.22,2025,FLOTILLA 
27187,3N6AD33B5SK823118,2025-06-01,,663,687094.21,3332.22,2025,FLOTILLA 
27188,3N6AD33A5SK822221,2025-06-01,,663,659969.56,5862.64,2025,NUEVO 
27189,3N6AD33BXSK821686,2025-06-01,,663,675908.12,5779.01,2025,NUEVO 
27190,3N6AD33A9PK869081,2025-06-01,,663,458100.00,822.29,2023,SEMINUEVOS 
27191,3N6AD33A7SK820275,2025-06-01,,663,434397.15,990.43,2025,FLOTILLA 
27192,3N6AD33A1SK817551,2025-06-01,,663,569108.51,712.55,2025,NUEVO 
27193,3N6AD33A4SK818743,2025-06-01,,663,434397.16,371.41,2025,FLOTILLA 
27194,1N6ED1EKXNN654571,2025-06-01,,663,459300.00,3468.86,2022,SEMINUEVOS 
27195,3N6AD33A0SK816942,2025-06-01,,663,648765.22,5984.86,2025,NUEVO 
27196,3N6AD33A7SK808482,2025-06-01,,663,550441.12,5178.73,2025,NUEVO 
27197,3N6AD33B1SK805411,2025-06-01,,663,675888.13,6358.98,2025,NUEVO 
27198,3N6AD33A3SK808219,2025-06-01,,663,648765.22,1808.18,2025,NUEVO 
27199,3N6AD33A9RK840246,2025-06-01,,663,633507.16,1808.66,2024,NUEVO 
27200,3N6AD33A4RK840025,2025-06-01,,663,633507.16,1757.54,2024,DEMO 
27201,1N6ED1EK7SN603721,2025-06-01,,663,898831.90,584.24,2025,DEMO 
27202,1N6ED1EK1SN600846,2025-06-01,,663,898831.90,584.24,2025,DEMO 
27203,3N6CD33B7RK841445,2025-06-01,,663,522469.13,4440.26,2024,FLOTILLA 
27204,3N6AD33A8SK826022,2025-06-01,,663,438036.85,2050.01,2025,NUEVO 
27205,3N6AD33A7SK827288,2025-06-01,,663,561646.62,2464.22,2025,NUEVO 
27206,3N6AD33B2SK826431,2025-06-01,,663,687094.20,3416.58,2025,NUEVO 
27207,3N6AD33A9SK826160,2025-06-01,,663,561646.62,2792.79,2025,NUEVO 
27208,3N6AD33B4SK807010,2025-06-01,,663,675888.13,2372.37,2025,FLOTILLA 
27209,3N6CD33B6RK852775,2025-06-01,,663,429600.00,1799.16,2024,SEMINUEVOS 
27210,3N6AD33A3NK843296,2025-06-01,,663,374700.00,2075.46,2022,SEMINUEVOS 
27211,3N6AD33A7SK823483,2025-06-01,,663,580294.60,2317.63,2025,FLOTILLA 
27212,3N6AD33A5SK823563,2025-06-01,,663,580294.60,2317.63,2025,FLOTILLA 
27213,3N6AD33A6SK823569,2025-06-01,,663,580294.60,2317.63,2025,FLOTILLA 
27214,3N6AD33A9SK823470,2025-06-01,,663,580294.60,2317.63,2025,FLOTILLA 
27215,3N6AD33B5SK823667,2025-06-01,,663,687094.20,2009.75,2025,FLOTILLA 
27216,3N6AD33A0SK825589,2025-06-01,,663,659969.56,5648.24,2025,NUEVO 
27217,3N6AD33A6SK825225,2025-06-01,,663,580294.60,2648.72,2025,NUEVO 
27218,3N6AD33A0SK816942,2025-05-01,1681,663,648765.22,6184.35,2025,NUEVO 
27219,3N6AD33A7SK808482,2025-05-01,1681,663,550441.12,5351.36,2025,NUEVO 
27220,3N6AD33B1SK805411,2025-05-01,1681,663,675888.13,6570.95,2025,NUEVO 
27221,3N6AD33B7RK861993,2025-05-01,1568,663,664869.29,1103.50,2024,NUEVO 
27222,3N6AD33A7SK811723,2025-05-01,1681,663,473307.23,2910.84,2025,FLOTILLA 
27223,3N6AD33A3SK808219,2025-05-01,1681,663,648765.22,6307.26,2025,NUEVO 
27224,3N6AD33A9RK840246,2025-05-01,1331,663,633507.16,6229.84,2024,NUEVO 
27225,3N6AD33A4RK840025,2025-05-01,1524,663,633507.16,3639.15,2024,DEMO 
27226,3N6CD33B7RK841445,2025-06-01,,663,522469.13,145.28,2024,FLOTILLA 
27227,3N6AD33A4RK865104,2025-06-01,,663,385300.00,428.54,2024,SEMINUEVOS 
27228,3N6AD33A8SK828420,2025-06-01,,663,561646.63,624.68,2025,FLOTILLA 
27229,3N6AD33A4SK823506,2025-06-01,,663,580294.60,645.42,2025,FLOTILLA 
27230,3N6AD33B4SK807010,2025-06-01,,663,675888.13,3406.48,2025,FLOTILLA 
27231,3N6AD33A9RK840246,2025-06-01,,663,633507.16,3725.02,2024,NUEVO 
27232,3N6AD33A7SK820275,2025-06-01,,663,434397.15,2675.89,2025,FLOTILLA 
27233,3N6AD33A4SK827247,2025-06-01,,663,483665.94,141.74,2025,NUEVO 
27234,3N6AD33A6SK829209,2025-06-01,,663,483665.94,566.96,2025,NUEVO 
27235,3N6AD33A0SK827486,2025-06-01,,663,561646.63,658.37,2025,NUEVO 
27236,3N6AD33A8SK828370,2025-06-01,,663,580294.60,1360.47,2025,NUEVO 
27237,3N6AD33A5SK827676,2025-06-01,,663,580294.60,1360.47,2025,NUEVO 
27238,3N6AD33B4SK827628,2025-06-01,,663,687094.20,2009.75,2025,NUEVO 
27239,3N6AD33B4SK807010,2025-05-01,1331,663,675888.13,2628.64,2025,FLOTILLA 
27240,3N6AD33A5SK822221,2025-05-01,1681,663,659969.56,4146.26,2025,NUEVO 
27241,3N6AD33AXSK822554,2025-05-01,1681,663,483665.94,554.08,2025,NUEVO 
27242,3N6AD33BXSK821686,2025-05-01,1681,663,675908.12,5971.65,2025,NUEVO 
27243,3N6AD33A9PK869081,2025-05-01,1681,663,458100.00,4248.50,2023,SEMINUEVOS 
27244,3N6AD33A7SK820275,2025-05-01,1283,663,434397.15,2599.87,2025,FLOTILLA 
27245,3N6AD33A0SK819081,2025-05-01,2087,663,550461.12,4554.00,2025,NUEVO 
27246,3N6AD33A4SK818712,2025-05-01,2114,663,569108.52,811.77,2025,NUEVO 
27247,3N6AD33A4SK818516,2025-05-01,2158,663,473327.24,1755.39,2025,NUEVO 
27248,3N6AD33A1SK817551,2025-05-01,1681,663,569108.51,5032.97,2025,NUEVO 
27249,3N6AD33A4SK818743,2025-05-01,1681,663,434397.16,3342.69,2025,FLOTILLA 
27250,1N6ED1EKXNN654571,2025-05-01,1385,663,459300.00,4057.92,2022,SEMINUEVOS 
27251,3N6AD33A2SK822063,2025-05-01,2132,663,438036.86,611.01,2025,NUEVO 
27252,3N6CD33B7RK841445,2025-05-01,1524,663,522469.13,459.34,2024,FLOTILLA 
27253,3N6AD33B4SK807010,2025-05-01,1331,663,675888.13,3558.55,2025,FLOTILLA 
27254,3N6CD33B6RK852775,2025-05-01,1681,663,429600.00,2136.19,2024,SEMINUEVOS 
27255,3N6AD33A3NK843296,2025-05-01,1681,663,374700.00,1863.20,2022,SEMINUEVOS 
27256,3N6AD33A0SK825589,2025-05-01,1331,663,659969.56,188.27,2025,NUEVO 
27257,3N6CD33B7RK841445,2025-05-01,1524,663,522469.13,4173.37,2024,FLOTILLA 
27258,3N6AD33A6SK825225,2025-05-01,1331,663,580294.60,165.55,2025,NUEVO 
27259,MR0CX3DD5N1329772,2025-06-01,,667,327900.00,2245.02,2022,SEMINUEVOS 
27260,MR0CX3DD5N1329772,2025-05-01,1681,667,327900.00,2899.82,2022,SEMINUEVOS 
27261,MR0CX3DD3N1322867,2025-06-01,,667,287000.00,1607.20,2022,SEMINUEVOS 
27262,3VWHP6BU3RM059293,2025-06-01,,670,325300.00,637.59,2024,SEMINUEVOS 
27263,3N8AP6HEXSL400502,2025-06-01,,672,461919.61,102.03,2025,NUEVO 
27264,3N8AP6HE5SL395371,2025-06-01,,672,537826.90,4598.42,2025,NUEVO 
27265,3N8AP6HE5SL389277,2025-06-01,,672,537826.90,4602.90,2025,NUEVO 
27266,3N8AP6HE7SL387532,2025-06-01,,672,448680.90,3839.96,2025,NUEVO 
27267,MNTFP5CP0R6009800,2025-06-01,,672,410000.00,3679.75,2024,SEMINUEVOS 
27268,3N8CP5HE9RL536777,2025-06-01,,672,339300.00,2639.19,2024,SEMINUEVOS 
27269,MNTFP5CP6S6016594,2025-06-01,,672,534005.22,4570.19,2025,NUEVO 
27270,3N8AP6HE1SL379152,2025-06-01,,672,448660.90,4138.90,2025,NUEVO 
27271,MNTFP5CP4S6014987,2025-06-01,,672,533985.22,5206.36,2025,NUEVO 
27272,MNTFP5CP0S6015036,2025-06-01,,672,554109.92,666.32,2025,DEMO 
27273,3N8CP5HE7SL473989,2025-06-01,,672,417274.78,2513.31,2025,NUEVO 
27274,3N8CP5HEXSL473307,2025-06-01,,672,417274.78,3925.86,2025,NUEVO 
27275,3N8CP5HE7SL469909,2025-06-01,,672,417025.38,1463.76,2025,DEMO 
27276,3N8CP5HE3SL474914,2025-06-01,,672,417274.78,130.86,2025,NUEVO 
27277,3N8CP5HE1SL470490,2025-06-01,,672,417025.38,1463.76,2025,DEMO 
27278,3N8AP6HE6SL336782,2025-06-01,,672,535427.74,5220.42,2025,NUEVO 
27279,3N8AP6HEXSL328524,2025-06-01,,672,472263.42,3511.44,2025,DEMO 
27280,3N8AP6HE0SL367588,2025-06-01,,672,537806.90,5059.87,2025,NUEVO 
27281,3N8AP6HE1SL329318,2025-06-01,,672,535427.74,5238.27,2025,NUEVO 
27282,3N8AP6HE3SL322189,2025-06-01,,672,535427.74,4016.01,2025,DEMO 
27283,3N8AP6HE1SL328685,2025-06-01,,672,472263.42,3480.63,2025,DEMO 
27284,MNTFP5CP3R6011329,2025-06-01,,672,415600.00,130.34,2024,SEMINUEVOS 
27285,3N8CP5HE4RL590357,2025-06-01,,672,417025.38,3923.51,2024,NUEVO 
27286,MNTFP5CP7R6007574,2025-06-01,,672,481900.00,626.47,2024,SEMINUEVOS 
27287,3N8CP5HE8SL470468,2025-06-01,,672,417274.78,3790.83,2025,FLOTILLA 
27288,3N8AP6HE5SL420432,2025-06-01,,672,482601.25,141.43,2025,FLOTILLA 
27289,3N8CP5HEXSL485604,2025-06-01,,672,429415.25,125.84,2025,FLOTILLA 
27290,MNTFP5CP7R6012709,2025-06-01,,672,519109.85,3955.33,2024,FLOTILLA 
27291,3N8CP5HE3RL501345,2025-06-01,,672,338500.00,2975.98,2024,SEMINUEVOS 
27292,MNTFP5CP7S6015602,2025-06-01,,672,534005.22,3755.84,2025,FLOTILLA 
27293,MNTFP5CP6S6015655,2025-06-01,,672,534005.22,3755.84,2025,FLOTILLA 
27294,MNTFP5CP6S6015302,2025-06-01,,672,534005.22,3755.84,2025,FLOTILLA 
27295,MNTFP5CP3S6016469,2025-06-01,,672,534005.22,3755.84,2025,FLOTILLA 
27296,MNTFP5CP3S6015709,2025-06-01,,672,534005.22,3755.84,2025,FLOTILLA 
27297,3N8AP6HE3SL390542,2025-06-01,,672,473682.38,2221.04,2025,NUEVO 
27298,3N8AP6HE3SL412586,2025-06-01,,672,482601.24,1835.09,2025,NUEVO 
27299,3N8AP6HE7SL410064,2025-06-01,,672,506464.76,2370.26,2025,NUEVO 
27300,MNTFP5CP8S6018167,2025-06-01,,672,541168.49,1744.52,2025,FLOTILLA 
27301,MNTFP5CP3S6017136,2025-06-01,,672,541168.49,1744.52,2025,FLOTILLA 
27302,MNTFP5CP4P6001003,2025-06-01,,672,356200.00,1354.45,2023,SEMINUEVOS 
27303,MNTFP5CP0S6016574,2025-06-01,,672,524379.86,460.14,2025,FLOTILLA 
27304,3N8CP5HE0SL485465,2025-06-01,,672,429415.25,3430.07,2025,NUEVO 
27305,3N8AP6HE4SL406960,2025-06-01,,672,461919.61,3557.94,2025,NUEVO 
27306,3N8AP6HE6SL405373,2025-06-01,,672,461919.60,3953.26,2025,NUEVO 
27307,3N8AP6HE5SL404246,2025-06-01,,672,461919.61,3953.26,2025,NUEVO 
27308,3N8CP5HE7SL470719,2025-06-01,,672,417025.38,3293.46,2025,FLOTILLA 
27309,3N8CP5HE5SL474137,2025-06-01,,672,417274.78,3295.43,2025,FLOTILLA 
27310,3N8CP5HE2NL506532,2025-06-01,,672,282200.00,1411.31,2022,SEMINUEVOS 
27311,MNTFP5CP9S6016640,2025-06-01,,672,534005.22,4685.90,2025,FLOTILLA 
27312,MNTFP5CP0S6017546,2025-06-01,,672,541168.49,154.38,2025,NUEVO 
27313,MNTFP5CP0S6017675,2025-06-01,,672,541168.49,154.38,2025,NUEVO 
27314,MNTFP5CP4S6017470,2025-06-01,,672,541168.49,154.38,2025,NUEVO 
27315,MNTFP5CP5S6017560,2025-06-01,,672,561293.33,160.12,2025,NUEVO 
27316,MNTFP5CPXS6016940,2025-06-01,,672,561293.33,160.12,2025,NUEVO 
27317,3N8AP6HE8SL379021,2025-05-01,1681,672,473662.38,205.21,2025,NUEVO 
27318,3N8AP6HE1SL379152,2025-05-01,1681,672,448660.90,4276.86,2025,NUEVO 
27319,MNTFP5CPXS6015402,2025-05-01,1285,672,554109.92,309.58,2025,NUEVO 
27320,MNTFP5CP4S6014987,2025-05-01,1331,672,533985.22,5379.90,2025,NUEVO 
27321,3N8CP5HE7SL473989,2025-05-01,1331,672,417274.78,4056.72,2025,NUEVO 
27322,3N8CP5HEXSL473307,2025-05-01,1331,672,417274.78,4056.72,2025,NUEVO 
27323,3N8CP5HE7SL470719,2025-05-01,1681,672,417025.38,677.67,2025,NUEVO 
27324,3N8CP5HE3SL474914,2025-05-01,1681,672,417274.78,4056.72,2025,NUEVO 
27325,3N8CP5HE5SL474137,2025-05-01,1681,672,417274.78,654.31,2025,NUEVO 
27326,3N8CP5HE1SL472868,2025-05-01,1681,672,386542.90,3225.22,2025,NUEVO 
27327,3N8AP6HE6SL336782,2025-05-01,1681,672,535427.74,5394.43,2025,NUEVO 
27328,3N8AP6HEXSL328524,2025-05-01,1681,672,472263.42,4127.48,2025,DEMO 
27329,3N8AP6HE3SL367598,2025-05-01,1681,672,505481.18,58.48,2025,NUEVO 
27330,3N8AP6HE0SL367588,2025-05-01,1331,672,537806.90,5228.53,2025,NUEVO 
27331,3N8AP6HE1SL329318,2025-05-01,1681,672,535427.74,5412.88,2025,NUEVO 
27332,3N8AP6HE3SL322189,2025-05-01,1681,672,535427.74,4714.44,2025,DEMO 
27333,3N8AP6HE1SL328685,2025-05-01,1524,672,472263.42,4065.87,2025,DEMO 
27334,MNTFP5CP3R6011329,2025-05-01,2086,672,415600.00,3062.91,2024,SEMINUEVOS 
27335,3N8CP5HE4RL590357,2025-05-01,1331,672,417025.38,4054.30,2024,NUEVO 
27336,MNTFP5CP7R6007574,2025-05-01,1524,672,481900.00,2036.03,2024,SEMINUEVOS 
27337,3N8CP5HE8SL470468,2025-06-01,,672,417274.78,116.03,2025,FLOTILLA 
27338,MNTFP5CP7R6012709,2025-06-01,,672,519109.85,577.37,2024,FLOTILLA 
27339,MNTFP5CP7S6015602,2025-06-01,,672,534005.22,890.90,2025,FLOTILLA 
27340,MNTFP5CP6S6015655,2025-06-01,,672,534005.22,890.90,2025,FLOTILLA 
27341,MNTFP5CP6S6015302,2025-06-01,,672,534005.22,890.90,2025,FLOTILLA 
27342,MNTFP5CP3S6016469,2025-06-01,,672,534005.22,890.90,2025,FLOTILLA 
27343,MNTFP5CP3S6015709,2025-06-01,,672,534005.22,890.90,2025,FLOTILLA 
27344,MNTFP5CPXR6009643,2025-06-01,,672,387200.00,1399.62,2024,SEMINUEVOS 
27345,3N8AP6HE9SL416772,2025-06-01,,672,538755.68,157.89,2025,NUEVO 
27346,3N8AP6HE4SL418199,2025-06-01,,672,538755.68,157.89,2025,NUEVO 
27347,3N8CP5HE4SL485422,2025-06-01,,672,398683.36,116.84,2025,NUEVO 
27348,3N8CP5HE6SL488998,2025-06-01,,672,429415.24,251.69,2025,NUEVO 
27349,3N8AP6HE2SL413714,2025-06-01,,672,538755.69,473.66,2025,NUEVO 
27350,3N8CP5HE9SL487537,2025-06-01,,672,398683.37,584.18,2025,NUEVO 
27351,3N8AP6HE0SL415106,2025-06-01,,672,538755.69,473.66,2025,NUEVO 
27352,3N8AP6HE7SL395890,2025-05-01,1681,672,448680.90,2697.40,2025,NUEVO 
27353,3N8AP6HE5SL395371,2025-05-01,1331,672,537826.90,4291.86,2025,NUEVO 
27354,3N8AP6HE2SL391732,2025-05-01,1681,672,448680.90,3752.70,2025,NUEVO 
27355,3N8AP6HE1SL395173,2025-05-01,1290,672,473682.38,3117.62,2025,FLOTILLA 
27356,3N8AP6HE3SL390542,2025-05-01,1290,672,473682.38,2975.91,2025,FLOTILLA 
27357,MNTFP5CP6S6016692,2025-05-01,1681,672,524379.87,1195.59,2025,FLOTILLA 
27358,MNTFP5CP6S6016238,2025-05-01,1681,672,524379.87,1196.75,2025,FLOTILLA 
27359,MNTFP5CP3S6016469,2025-05-01,1283,672,534005.22,3503.82,2025,FLOTILLA 
27360,MNTFP5CP7S6015602,2025-05-01,1283,672,534005.22,3503.82,2025,FLOTILLA 
27361,MNTFP5CP6S6015655,2025-05-01,1283,672,534005.22,3503.82,2025,FLOTILLA 
27362,MNTFP5CP3S6015709,2025-05-01,1283,672,534005.22,3503.82,2025,FLOTILLA 
27363,MNTFP5CP6S6015302,2025-05-01,1283,672,534005.22,3503.82,2025,FLOTILLA 
27364,MNTFP5CPXS6016565,2025-05-01,1681,672,524359.87,1128.68,2025,FLOTILLA 
27365,3N8AP6HE9SL382395,2025-05-01,2081,672,505501.18,1008.47,2025,NUEVO 
27366,3N8AP6HE7SL388681,2025-05-01,1681,672,505501.18,1302.14,2025,NUEVO 
27367,3N8AP6HE0SL393088,2025-05-01,1657,672,473682.38,2969.99,2025,NUEVO 
27368,3N8AP6HE5SL389277,2025-05-01,1681,672,537826.90,4756.33,2025,NUEVO 
27369,3N8AP6HE7SL387532,2025-05-01,1681,672,448680.90,3967.96,2025,NUEVO 
27370,MNTFP5CP0R6009800,2025-05-01,1524,672,410000.00,3802.41,2024,SEMINUEVOS 
27371,3N8CP5HE9RL536777,2025-05-01,1524,672,339300.00,3146.72,2024,SEMINUEVOS 
27372,3N8AP6HE3SL344306,2025-05-01,1283,672,504082.22,1055.63,2025,FLOTILLA 
27373,3N8CP5HE7PL576563,2025-05-01,1681,672,308000.00,188.10,2023,SEMINUEVOS 
27374,MNTFP5CP6S6016594,2025-05-01,1681,672,534005.22,3046.80,2025,NUEVO 
27375,3N8AP6HE4SL364726,2025-05-01,1290,672,473662.38,3104.86,2025,FLOTILLA 
27376,MNTFP5CP3S6016391,2025-05-01,1681,672,524379.86,747.97,2025,FLOTILLA 
27377,MNTFP5CPXS6016548,2025-05-01,1681,672,554109.92,2385.44,2025,NUEVO 
27378,MNTFP5CP5S6016585,2025-05-01,1681,672,524359.87,806.20,2025,FLOTILLA 
27379,MNTFP5CP9S6016430,2025-05-01,1681,672,524359.86,806.20,2025,FLOTILLA 
27380,MNTFP5CPXS6016453,2025-05-01,1681,672,524359.86,806.20,2025,FLOTILLA 
27381,MNTFP5CP5S6016571,2025-05-01,1681,672,524359.86,806.20,2025,FLOTILLA 
27382,3N8AP6HEXSL400502,2025-05-01,2121,672,461919.61,2211.06,2025,NUEVO 
27383,MNTFP5CP7R6012709,2025-05-01,1524,672,519109.85,608.51,2024,FLOTILLA 
27384,3N8CP5HE3RL501345,2025-05-01,1515,672,338500.00,396.80,2024,SEMINUEVOS 
27385,MNTFP5CP7S6015602,2025-05-01,1283,672,534005.22,938.96,2025,FLOTILLA 
27386,MNTFP5CP6S6015655,2025-05-01,1283,672,534005.22,938.96,2025,FLOTILLA 
27387,MNTFP5CP6S6015302,2025-05-01,1283,672,534005.22,938.96,2025,FLOTILLA 
27388,MNTFP5CP3S6016469,2025-05-01,1283,672,534005.22,938.96,2025,FLOTILLA 
27389,MNTFP5CP3S6015709,2025-05-01,1283,672,534005.22,938.96,2025,FLOTILLA 
27390,3N8AP6HE3SL390542,2025-05-01,1290,672,473682.38,1388.15,2025,NUEVO 
27391,MNTFP5CP4P6001003,2025-05-01,1385,672,356200.00,1875.39,2023,SEMINUEVOS 
27392,3N8AP6HE3SL344306,2025-05-01,1283,672,504082.22,2064.22,2025,FLOTILLA 
27393,MNTFP5CPXS6016565,2025-05-01,1681,672,524359.87,920.25,2025,FLOTILLA 
27394,MNTFP5CP6S6016692,2025-05-01,1681,672,524379.87,766.91,2025,FLOTILLA 
27395,MNTFP5CP6S6016238,2025-05-01,1681,672,524379.87,766.91,2025,FLOTILLA 
27396,MNTFP5CP0S6016574,2025-05-01,1681,672,524379.86,3527.77,2025,FLOTILLA 
27397,3N8AP6HE5SL404246,2025-05-01,1978,672,461919.61,131.78,2025,NUEVO 
27398,3N8CP5HE8SL470468,2025-05-01,1331,672,417274.78,3809.26,2025,FLOTILLA 
27399,3N8CP5HE7SL470719,2025-05-01,1681,672,417025.38,3171.48,2025,FLOTILLA 
27400,3N8CP5HE5SL474137,2025-05-01,1681,672,417274.78,3173.37,2025,FLOTILLA 
27401,3N8CP5HE2NL506532,2025-05-01,1681,672,282200.00,2228.67,2022,SEMINUEVOS 
27402,MNTFP5CP9S6016640,2025-05-01,1283,672,534005.22,312.39,2025,FLOTILLA 
27403,MNTFP5CP7R6012709,2025-05-01,1524,672,519109.85,3998.44,2024,FLOTILLA 
27404,VF1HR3NB1PC389260,2025-06-01,,673,347100.00,3115.22,2023,SEMINUEVOS 
27405,VF1HR3NB3PC381354,2025-06-01,,673,333600.00,2927.34,2023,SEMINUEVOS 
27406,VF1HR3NB3PC386389,2025-06-01,,673,333600.00,2927.34,2023,SEMINUEVOS 
27407,VF1HR3NB1PC389260,2025-05-01,1681,673,347100.00,3219.06,2023,SEMINUEVOS 
27408,VF1HR3NB3PC381354,2025-05-01,1385,673,333600.00,1561.25,2023,SEMINUEVOS 
27409,VF1HR3NB3PC386389,2025-05-01,1681,673,333600.00,1658.83,2023,SEMINUEVOS 
27410,9FB4SR4D6RM629929,2025-06-01,,676,222500.00,1996.94,2024,SEMINUEVOS 
27411,9FB4SR4D1PM439565,2025-05-01,2147,676,195200.00,444.08,2023,SEMINUEVOS 
27412,9FB4SR4D6RM629929,2025-05-01,1681,676,222500.00,2063.50,2024,SEMINUEVOS 
27413,MDHBD0FA5SG000695,2025-06-01,,677,409081.98,3497.65,2025,NUEVO 
27414,MDHBD0FA0SG001432,2025-06-01,,677,392491.66,3355.80,2025,NUEVO 
27415,MDHBD0FA1SG001455,2025-06-01,,677,409081.98,3497.65,2025,NUEVO 
27416,MDHBD0FA6SG002245,2025-06-01,,677,409081.98,3497.65,2025,NUEVO 
27417,MDHBD0FA8SG002456,2025-06-01,,677,392491.66,3355.80,2025,NUEVO 
27418,MDHBD0FA5SG001121,2025-06-01,,677,409081.98,3497.65,2025,NUEVO 
27419,MDHBD0FA8SG000612,2025-06-01,,677,409081.98,3497.65,2025,NUEVO 
27420,MDHBD0FA1SG001200,2025-06-01,,677,352563.30,2311.05,2025,NUEVO 
27421,MDHBD0FA7SG004716,2025-06-01,,677,392491.66,3355.80,2025,NUEVO 
27422,MDHBD0FAXSG006864,2025-06-01,,677,409081.98,3497.65,2025,NUEVO 
27423,MDHBD0FA1SG002525,2025-06-01,,677,352563.30,401.92,2025,NUEVO 
27424,MDHBD0FA0SG005948,2025-06-01,,677,352563.30,301.44,2025,NUEVO 
27425,MDHBD0FA4SG007167,2025-06-01,,677,392491.66,3355.80,2025,NUEVO 
27426,MDHBD0FA6SG007574,2025-06-01,,677,392491.66,3355.80,2025,NUEVO 
27427,MDHBD0FA2SG005031,2025-06-01,,677,392491.66,3355.80,2025,NUEVO 
27428,MDHBD0FA3SG005359,2025-06-01,,677,392491.66,3355.80,2025,NUEVO 
27429,MDHBD0FA5SG005718,2025-06-01,,677,392491.66,3355.80,2025,NUEVO 
27430,MDHBD0FA0SG004895,2025-06-01,,677,392491.66,3355.80,2025,NUEVO 
27431,MDHBD0FA6SG003749,2025-06-01,,677,392491.66,3355.80,2025,NUEVO 
27432,MDHBD0FA9SG007018,2025-06-01,,677,409081.98,3497.65,2025,NUEVO 
27433,MDHBD0FA3SG007077,2025-06-01,,677,392491.66,3355.80,2025,NUEVO 
27434,MDHBD0FA7SG006918,2025-06-01,,677,392491.66,3355.80,2025,NUEVO 
27435,MDHBD0FA9SG007181,2025-06-01,,677,409081.98,3497.65,2025,NUEVO 
27436,MDHBD0FA2SG005157,2025-06-01,,677,392491.66,3355.80,2025,NUEVO 
27437,MDHBD0FA9SG003440,2025-06-01,,677,392491.66,3355.80,2025,NUEVO 
27438,MDHBD0FA9SG003261,2025-06-01,,677,392491.66,3355.80,2025,NUEVO 
27439,MDHBD0FA6SG001449,2025-06-01,,677,392491.66,3355.80,2025,NUEVO 
27440,MDHBD0FA2SG001982,2025-06-01,,677,352563.30,3014.42,2025,NUEVO 
27441,MDHBD0FA8SG002232,2025-06-01,,677,392491.66,1886.83,2025,NUEVO 
27442,MDHBD0FA6SG002309,2025-06-01,,677,352563.30,2185.79,2025,NUEVO 
27443,MDHBD0FAXSG002264,2025-06-01,,677,365953.18,327.18,2025,NUEVO 
27444,MDHBD0FA7SG001833,2025-06-01,,677,392491.66,3355.80,2025,NUEVO 
27445,MDHBD0FA3SG007824,2025-06-01,,677,392658.33,236.48,2025,NUEVO 
27446,MDHBD0FA4SG007718,2025-06-01,,677,392658.33,1680.25,2025,NUEVO 
27447,MDHBD0FA6SG008899,2025-06-01,,677,352728.81,2716.89,2025,NUEVO 
27448,MDHBD0FA1SG003917,2025-06-01,,677,352728.81,794.20,2025,NUEVO 
27449,MDHBD0FA8SG004613,2025-06-01,,677,366119.85,2360.84,2025,NUEVO 
27450,MDHBD0FA3SG003742,2025-06-01,,677,409081.98,3497.65,2025,NUEVO 
27451,MDHBD0FA1SG007739,2025-06-01,,677,366119.85,3133.38,2025,NUEVO 
27452,MDHBD0FA6SG008076,2025-06-01,,677,352728.81,723.58,2025,NUEVO 
27453,MDHBD0FA9SG008217,2025-06-01,,677,409248.65,1984.74,2025,NUEVO 
27454,MDHBD0FA7SG004716,2025-05-01,1681,677,392491.66,2460.92,2025,NUEVO 
27455,MDHBD0FAXSG006864,2025-05-01,1681,677,409081.98,2564.94,2025,NUEVO 
27456,MDHBD0FA1SG002525,2025-05-01,1681,677,352563.30,2210.57,2025,NUEVO 
27457,MDHBD0FA0SG005948,2025-05-01,2102,677,352563.30,2110.09,2025,NUEVO 
27458,MDHBD0FA4SG007167,2025-05-01,1681,677,392491.66,2460.92,2025,NUEVO 
27459,MDHBD0FA6SG007574,2025-05-01,1331,677,392491.66,2796.50,2025,NUEVO 
27460,MDHBD0FA1SG003660,2025-05-01,1681,677,365953.18,417.19,2025,NUEVO 
27461,MDHBD0FA7SG005543,2025-05-01,1681,677,365953.18,1081.76,2025,NUEVO 
27462,MDHBD0FA2SG005031,2025-05-01,1681,677,392491.66,2349.06,2025,NUEVO 
27463,MDHBD0FA3SG005359,2025-05-01,1681,677,392491.66,2349.06,2025,NUEVO 
27464,MDHBD0FA5SG005718,2025-05-01,1331,677,392491.66,2908.36,2025,NUEVO 
27465,MDHBD0FA1SG005960,2025-05-01,2144,677,392491.66,1135.00,2025,NUEVO 
27466,MDHBD0FA0SG004895,2025-05-01,1681,677,392491.66,2349.06,2025,NUEVO 
27467,MDHBD0FA6SG003749,2025-05-01,1331,677,392491.66,2908.36,2025,NUEVO 
27468,MDHBD0FA9SG007018,2025-05-01,1681,677,409081.98,2681.53,2025,NUEVO 
27469,MDHBD0FAXSG006816,2025-05-01,2149,677,409081.98,1268.68,2025,NUEVO 
27470,MDHBD0FA3SG007077,2025-05-01,1681,677,392491.66,2572.78,2025,NUEVO 
27471,MDHBD0FA7SG006918,2025-05-01,1331,677,392491.66,2908.36,2025,NUEVO 
27472,MDHBD0FA9SG007181,2025-05-01,1331,677,409081.98,3031.30,2025,NUEVO 
27473,MDHBD0FA2SG005157,2025-05-01,1681,677,392491.66,2572.78,2025,NUEVO 
27474,MDHBD0FA9SG003440,2025-05-01,1681,677,392491.66,2349.06,2025,NUEVO 
27475,MDHBD0FA9SG003261,2025-05-01,1331,677,392491.66,2908.36,2025,NUEVO 
27476,MDHBD0FA6SG001449,2025-05-01,1331,677,392491.66,2908.36,2025,NUEVO 
27477,MDHBD0FA9SG000795,2025-05-01,1681,677,352563.30,1252.93,2025,NUEVO 
27478,MDHBD0FA2SG001982,2025-05-01,1331,677,352563.30,2612.49,2025,NUEVO 
27479,MDHBD0FA8SG002232,2025-05-01,1681,677,392491.66,3467.66,2025,NUEVO 
27480,MDHBD0FA6SG002309,2025-05-01,1681,677,352563.30,3114.90,2025,NUEVO 
27481,MDHBD0FAXSG002264,2025-05-01,1681,677,365953.18,3233.20,2025,NUEVO 
27482,MDHBD0FA7SG001833,2025-05-01,1681,677,392491.66,3467.66,2025,NUEVO 
27483,MDHBD0FA5SG000695,2025-05-01,1331,677,409081.98,2564.94,2025,NUEVO 
27484,MDHBD0FA0SG001432,2025-05-01,1331,677,392491.66,2460.92,2025,NUEVO 
27485,MDHBD0FA1SG001455,2025-05-01,1331,677,409081.98,2564.94,2025,NUEVO 
27486,MDHBD0FA6SG002245,2025-05-01,1681,677,409081.98,3147.89,2025,NUEVO 
27487,MDHBD0FA8SG002456,2025-05-01,1681,677,392491.66,3020.22,2025,NUEVO 
27488,MDHBD0FA9SG000182,2025-05-01,1681,677,409081.98,674.21,2025,NUEVO 
27489,MDHBD0FA5SG000440,2025-05-01,1681,677,392491.66,1086.74,2025,NUEVO 
27490,MDHBD0FA5SG001121,2025-05-01,1681,677,409081.98,3147.89,2025,NUEVO 
27491,MDHBD0FA8SG000612,2025-05-01,1681,677,409081.98,3147.89,2025,NUEVO 
27492,MDHBD0FA1SG001200,2025-05-01,1681,677,352563.30,2712.97,2025,NUEVO 
27493,MDHBD0FA3SG000811,2025-05-01,1681,677,352563.30,1740.73,2025,NUEVO 
27494,MDHBD0FA7SG003114,2025-05-01,1681,677,392491.66,1230.46,2025,NUEVO 
27495,MDHBD0FA1SG005537,2025-05-01,1681,677,352728.81,633.15,2025,NUEVO 
27496,MDHBD0FA9SG008217,2025-05-01,1331,677,409248.65,817.25,2025,NUEVO 
27497,MDHBD0FA8SG004613,2025-05-01,1331,677,366119.85,104.45,2025,NUEVO 
27498,MDHBD0FA3SG003742,2025-05-01,1331,677,409081.98,582.94,2025,NUEVO 
27499,MDHBD0FA1SG007739,2025-05-01,1331,677,366119.85,104.45,2025,NUEVO 
27500,3N1CK3CE9SL206409,2025-06-01,,678,262228.30,298.94,2025,FLOTILLA 
27501,3N1CK3CE9SL206264,2025-06-01,,678,262228.30,747.35,2025,FLOTILLA 
27502,3N1CK3CE4SL208178,2025-06-01,,678,264080.44,2260.09,2025,FLOTILLA 
27503,3N1CK3CE4SL208116,2025-06-01,,678,264080.44,2260.09,2025,FLOTILLA 
27504,3N1CK3CE1SL208056,2025-06-01,,678,264080.44,2260.09,2025,FLOTILLA 
27505,3N1CK3CE3SL204042,2025-06-01,,678,287268.94,1475.13,2025,FLOTILLA 
27506,3N1CK3CE4SL208052,2025-06-01,,678,264080.44,2260.09,2025,FLOTILLA 
27507,3N1CK3CE3SL208138,2025-06-01,,678,264080.44,2034.08,2025,FLOTILLA 
27508,3N1CK3CE7SL207977,2025-06-01,,678,283771.45,2428.61,2025,FLOTILLA 
27509,3N1CK3CEXSL207780,2025-06-01,,678,264080.45,2260.09,2025,FLOTILLA 
27510,3N1CK3CE6SL207839,2025-06-01,,678,264080.45,2260.09,2025,FLOTILLA 
27511,3N1CK3CE8SL207342,2025-06-01,,678,264080.45,2260.09,2025,FLOTILLA 
27512,3N1CK3CE8SL206756,2025-06-01,,678,288245.57,1516.18,2025,NUEVO 
27513,3N1CK3CE6SL206755,2025-06-01,,678,283771.45,1358.32,2025,NUEVO 
27514,3N1CK3CE8SL206272,2025-06-01,,678,262228.30,298.94,2025,FLOTILLA 
27515,3N1CK3CE4SL206060,2025-06-01,,678,262228.30,597.88,2025,FLOTILLA 
27516,3N1CK3CE7SL206084,2025-06-01,,678,262228.30,597.88,2025,FLOTILLA 
27517,3N1CK3CE9SL205924,2025-06-01,,678,262228.30,672.62,2025,FLOTILLA 
27518,3N1CK3CEXSL205964,2025-06-01,,678,262228.30,597.88,2025,FLOTILLA 
27519,3N1CK3CE9SL205938,2025-06-01,,678,262228.30,672.62,2025,FLOTILLA 
27520,3N1CK3CE5SL205922,2025-06-01,,678,262228.30,672.62,2025,FLOTILLA 
27521,3N1CK3CEXSL205916,2025-06-01,,678,262228.30,672.62,2025,FLOTILLA 
27522,3N1CK3CE0SL207237,2025-06-01,,678,283771.45,2546.85,2025,NUEVO 
27523,3N1CK3CE0SL206735,2025-06-01,,678,264080.45,237.01,2025,NUEVO 
27524,3N1CK3CE2SL206400,2025-06-01,,678,262228.30,298.94,2025,FLOTILLA 
27525,3N1CK3CE3SL206051,2025-06-01,,678,262228.30,597.88,2025,FLOTILLA 
27526,3N1CK3CE0SL206055,2025-06-01,,678,262228.30,597.88,2025,FLOTILLA 
27527,3N1CK3CE3SL205899,2025-06-01,,678,262228.30,672.62,2025,FLOTILLA 
27528,3N1CK3CE5SL207668,2025-06-01,,678,283771.45,2428.61,2025,NUEVO 
27529,3N1CK3CE9SL206829,2025-06-01,,678,264080.45,1422.07,2025,NUEVO 
27530,3N1CK3CE6SL206304,2025-06-01,,678,287288.94,2456.32,2025,NUEVO 
27531,3N1CK3CE6SL206299,2025-06-01,,678,307873.14,2632.32,2025,NUEVO 
27532,3N1CK3CD4LL209209,2025-06-01,,678,151400.00,1177.64,2020,SEMINUEVOS 
27533,3N1CK3CE8SL206188,2025-06-01,,678,281918.14,2410.40,2025,NUEVO 
27534,3N1CK3CEXSL206046,2025-06-01,,678,262228.30,2242.05,2025,NUEVO 
27535,3N1CK3CE2SL205943,2025-06-01,,678,281918.14,1847.97,2025,NUEVO 
27536,3N1CK3CE1SL205724,2025-06-01,,678,307873.14,2632.32,2025,NUEVO 
27537,3N1CK3CE1SL206193,2025-06-01,,678,262228.30,747.35,2025,FLOTILLA 
27538,3N1CK3CE5SL206066,2025-06-01,,678,262228.30,822.09,2025,FLOTILLA 
27539,3N1CK3CE6SL205881,2025-06-01,,678,262228.30,747.35,2025,FLOTILLA 
27540,3N1CK3CE6SL206075,2025-06-01,,678,262228.30,747.35,2025,FLOTILLA 
27541,3N1CK3CE3SL206079,2025-06-01,,678,262228.30,747.35,2025,FLOTILLA 
27542,3N1CK3CE1SL206081,2025-06-01,,678,281918.14,241.04,2025,FLOTILLA 
27543,3N1CK3CE2SL205926,2025-06-01,,678,262228.30,747.35,2025,FLOTILLA 
27544,3N1CK3CE3SL203523,2025-06-01,,678,281898.14,2600.51,2025,NUEVO 
27545,3N1CK3CE2SL204226,2025-06-01,,678,307853.14,351.58,2025,NUEVO 
27546,3N1CK3CE7SL204187,2025-06-01,,678,307853.14,273.54,2025,NUEVO 
27547,3N1CK3CE6SL204021,2025-06-01,,678,307853.14,2839.95,2025,NUEVO 
27548,3N1CK3CE9SL204482,2025-06-01,,678,307853.14,2839.95,2025,NUEVO 
27549,3N1CK3CE1SL201284,2025-06-01,,678,281898.14,2080.41,2025,NUEVO 
27550,3N1CK3CE3SL203988,2025-06-01,,678,307853.14,2839.95,2025,NUEVO 
27551,3N1CK3CE3SL200394,2025-06-01,,678,307853.14,2839.95,2025,NUEVO 
27552,3N1CK3CE5SL209890,2025-06-01,,678,308832.08,271.51,2025,NUEVO 
27553,3N1CK3CE4SL209749,2025-06-01,,678,308832.09,271.51,2025,NUEVO 
27554,3N1CK3CE4SL209590,2025-06-01,,678,308832.08,633.53,2025,NUEVO 
27555,3N1CK3CE3SL209600,2025-06-01,,678,283771.44,415.80,2025,NUEVO 
27556,3N1CK3CE9SL208404,2025-06-01,,678,264080.45,376.68,2025,FLOTILLA 
27557,3N1CK3CE8SL208118,2025-06-01,,678,264080.45,301.35,2025,FLOTILLA 
27558,3N1CK3CE9SL208435,2025-06-01,,678,264080.45,301.35,2025,FLOTILLA 
27559,3N1CK3CE7SL208434,2025-06-01,,678,264080.45,1054.71,2025,FLOTILLA 
27560,3N1CK3CE6SL208425,2025-06-01,,678,264080.45,602.69,2025,FLOTILLA 
27561,3N1CK3CE9SL208340,2025-06-01,,678,264080.45,301.35,2025,FLOTILLA 
27562,3N1CK3CE6SL208344,2025-06-01,,678,264080.45,602.69,2025,FLOTILLA 
27563,3N1CK3CE5SL208285,2025-06-01,,678,264080.45,527.35,2025,FLOTILLA 
27564,3N1CK3CE7SL208319,2025-06-01,,678,264080.45,75.34,2025,FLOTILLA 
27565,3N1CK3CE7SL208269,2025-06-01,,678,264080.45,301.35,2025,FLOTILLA 
27566,3N1CK3CE4SL208276,2025-06-01,,678,264080.45,828.70,2025,FLOTILLA 
27567,3N1CK3CE7SL208157,2025-06-01,,678,264080.45,376.68,2025,FLOTILLA 
27568,3N1CK3CE7SL208238,2025-06-01,,678,264080.44,1054.71,2025,FLOTILLA 
27569,3N1CK3CEXSL208234,2025-06-01,,678,264080.44,1054.71,2025,FLOTILLA 
27570,3N1CK3CE6SL208196,2025-06-01,,678,264080.44,1054.71,2025,FLOTILLA 
27571,3N1CK3CE8SL208202,2025-06-01,,678,264080.44,150.67,2025,FLOTILLA 
27572,3N1CK3CEXSL208265,2025-06-01,,678,264080.44,1054.71,2025,FLOTILLA 
27573,3N1CK3CEXSL208220,2025-06-01,,678,264080.44,150.67,2025,FLOTILLA 
27574,3N1CK3CE5SL208190,2025-06-01,,678,264080.44,527.35,2025,FLOTILLA 
27575,3N1CK3CE8SL208233,2025-06-01,,678,264080.44,1054.71,2025,FLOTILLA 
27576,3N1CK3CE8SL208250,2025-06-01,,678,264080.44,1054.71,2025,FLOTILLA 
27577,3N1CK3CEXSL208170,2025-06-01,,678,264080.44,1054.71,2025,FLOTILLA 
27578,3N1CK3CE6SL208182,2025-06-01,,678,264080.44,1054.71,2025,FLOTILLA 
27579,3N1CK3CE6SL208232,2025-06-01,,678,264080.44,301.35,2025,FLOTILLA 
27580,3N1CK3CE5SL208058,2025-06-01,,678,264080.44,376.68,2025,FLOTILLA 
27581,3N1CK3CE8SL207986,2025-06-01,,678,264080.44,1054.71,2025,FLOTILLA 
27582,3N1CK3CE5SL207931,2025-06-01,,678,264080.44,150.67,2025,FLOTILLA 
27583,3N1CK3CE7SL208059,2025-06-01,,678,264080.44,678.03,2025,FLOTILLA 
27584,3N1CK3CE6SL208134,2025-06-01,,678,264080.44,75.34,2025,FLOTILLA 
27585,3N1CK3CE9SL208077,2025-06-01,,678,264080.44,1054.71,2025,FLOTILLA 
27586,3N1CK3CE7SL208143,2025-06-01,,678,264080.44,226.01,2025,FLOTILLA 
27587,3N1CK3CE9SL208130,2025-06-01,,678,264080.44,1054.71,2025,FLOTILLA 
27588,3N1CK3CE8SL208068,2025-06-01,,678,264080.44,602.69,2025,FLOTILLA 
27589,3N1CK3CE5SL208061,2025-06-01,,678,264080.44,75.34,2025,FLOTILLA 
27590,3N1CK3CEXSL208136,2025-06-01,,678,264080.44,376.68,2025,FLOTILLA 
27591,3N1CK3CE6SL208036,2025-06-01,,678,264080.44,828.70,2025,FLOTILLA 
27592,3N1CK3CE7SL208028,2025-06-01,,678,264080.44,376.68,2025,FLOTILLA 
27593,3N1CK3CE5SL207833,2025-06-01,,678,264080.44,828.70,2025,FLOTILLA 
27594,3N1CK3CE6SL207940,2025-06-01,,678,264080.44,1054.71,2025,FLOTILLA 
27595,3N1CK3CE9SL207947,2025-06-01,,678,264080.45,226.01,2025,FLOTILLA 
27596,3N1CK3CE5SL207976,2025-06-01,,678,264080.45,376.68,2025,FLOTILLA 
27597,3N1CK3CE5SL207945,2025-06-01,,678,264080.45,376.68,2025,FLOTILLA 
27598,3N1CK3CE4SL208021,2025-06-01,,678,264080.45,301.35,2025,FLOTILLA 
27599,3N1CK3CE7SL207994,2025-06-01,,678,264080.45,75.34,2025,FLOTILLA 
27600,3N1CK3CE8SL208006,2025-06-01,,678,264080.45,226.01,2025,FLOTILLA 
27601,3N1CK3CE4SL208035,2025-06-01,,678,264080.45,376.68,2025,FLOTILLA 
27602,3N1CK3CE6SL207971,2025-06-01,,678,264080.45,226.01,2025,FLOTILLA 
27603,3N1CK3CE5SL208030,2025-06-01,,678,264080.45,301.35,2025,FLOTILLA 
27604,3N1CK3CE9SL208046,2025-06-01,,678,264080.45,150.67,2025,FLOTILLA 
27605,3N1CK3CEXSL207956,2025-06-01,,678,264080.45,602.69,2025,FLOTILLA 
27606,3N1CK3CE5SL207962,2025-06-01,,678,264080.45,75.34,2025,FLOTILLA 
27607,3N1CK3CE6SL207954,2025-06-01,,678,264080.45,602.69,2025,FLOTILLA 
27608,3N1CK3CE4SL208004,2025-06-01,,678,264080.45,301.35,2025,FLOTILLA 
27609,3N1CK3CE4SL207810,2025-06-01,,678,264080.45,150.67,2025,FLOTILLA 
27610,3N1CK3CE8SL207941,2025-06-01,,678,264080.45,376.68,2025,FLOTILLA 
27611,3N1CK3CE7SL207851,2025-06-01,,678,264080.45,527.35,2025,FLOTILLA 
27612,3N1CK3CE7SL207848,2025-06-01,,678,264080.45,226.01,2025,FLOTILLA 
27613,3N1CK3CE6SL207887,2025-06-01,,678,264080.45,226.01,2025,FLOTILLA 
27614,3N1CK3CE5SL207881,2025-06-01,,678,264080.45,75.34,2025,FLOTILLA 
27615,3N1CK3CE5SL207914,2025-06-01,,678,264080.45,452.02,2025,FLOTILLA 
27616,3N1CK3CE7SL207882,2025-06-01,,678,264080.45,678.03,2025,FLOTILLA 
27617,3N1CK3CE8SL207860,2025-06-01,,678,264080.45,150.67,2025,FLOTILLA 
27618,3N1CK3CE7SL206098,2025-06-01,,678,307873.14,438.72,2025,NUEVO 
27619,3N1CK3CE0SL209876,2025-06-01,,678,308832.08,271.51,2025,NUEVO 
27620,3N1CK3CE2SL208177,2025-06-01,,678,308832.08,543.03,2025,NUEVO 
27621,3N1CK3CE1SL208218,2025-06-01,,678,288245.56,253.42,2025,NUEVO 
27622,3N1CK3CE0SL209585,2025-06-01,,678,308832.08,452.52,2025,NUEVO 
27623,3N1CK3CE1SL209112,2025-06-01,,678,264080.44,154.49,2025,NUEVO 
27624,3N1CK3CE4SL208388,2025-06-01,,678,264080.45,376.68,2025,FLOTILLA 
27625,3N1CK3CE4SL208391,2025-06-01,,678,264080.45,226.01,2025,FLOTILLA 
27626,3N1CK3CE3SL208401,2025-06-01,,678,264080.45,979.37,2025,FLOTILLA 
27627,3N1CK3CE4SL208455,2025-06-01,,678,264080.45,527.35,2025,FLOTILLA 
27628,3N1CK3CE4SL208469,2025-06-01,,678,264080.45,75.34,2025,FLOTILLA 
27629,3N1CK3CE3SL208396,2025-06-01,,678,264080.45,150.67,2025,FLOTILLA 
27630,3N1CK3CE2SL208311,2025-06-01,,678,264080.45,150.67,2025,FLOTILLA 
27631,3N1CK3CE3SL208298,2025-06-01,,678,264080.45,527.35,2025,FLOTILLA 
27632,3N1CK3CE0SL208176,2025-06-01,,678,264080.45,376.68,2025,FLOTILLA 
27633,3N1CK3CE3SL208236,2025-06-01,,678,264080.44,150.67,2025,FLOTILLA 
27634,3N1CK3CE0SL208159,2025-06-01,,678,264080.44,301.35,2025,FLOTILLA 
27635,3N1CK3CE2SL208244,2025-06-01,,678,264080.44,75.34,2025,FLOTILLA 
27636,3N1CK3CE1SL208235,2025-06-01,,678,264080.44,150.67,2025,FLOTILLA 
27637,3N1CK3CE3SL208253,2025-06-01,,678,264080.44,376.68,2025,FLOTILLA 
27638,3N1CK3CE0SL208260,2025-06-01,,678,264080.44,150.67,2025,FLOTILLA 
27639,3N1CK3CE1SL208073,2025-06-01,,678,264080.44,602.69,2025,FLOTILLA 
27640,3N1CK3CE1SL208154,2025-06-01,,678,264080.44,301.35,2025,FLOTILLA 
27641,3N1CK3CE2SL208132,2025-06-01,,678,264080.44,376.68,2025,FLOTILLA 
27642,3N1CK3CE0SL208114,2025-06-01,,678,264080.44,376.68,2025,FLOTILLA 
27643,3N1CK3CE3SL208141,2025-06-01,,678,264080.44,1054.71,2025,FLOTILLA 
27644,3N1CK3CE3SL207989,2025-06-01,,678,264080.44,1054.71,2025,FLOTILLA 
27645,3N1CK3CE2SL208034,2025-06-01,,678,264080.44,828.70,2025,FLOTILLA 
27646,3N1CK3CE2SL207790,2025-06-01,,678,264080.44,376.68,2025,FLOTILLA 
27647,3N1CK3CE2SL208003,2025-06-01,,678,264080.45,301.35,2025,FLOTILLA 
27648,3N1CK3CE0SL208002,2025-06-01,,678,264080.45,301.35,2025,FLOTILLA 
27649,3N1CK3CE3SL208026,2025-06-01,,678,264080.45,376.68,2025,FLOTILLA 
27650,3N1CK3CE1SL207957,2025-06-01,,678,264080.45,527.35,2025,FLOTILLA 
27651,3N1CK3CE2SL207966,2025-06-01,,678,264080.45,602.69,2025,FLOTILLA 
27652,3N1CK3CE1SL207943,2025-06-01,,678,264080.45,301.35,2025,FLOTILLA 
27653,3N1CK3CE0SL208047,2025-06-01,,678,264080.45,75.34,2025,FLOTILLA 
27654,3N1CK3CE2SL208020,2025-06-01,,678,264080.45,150.67,2025,FLOTILLA 
27655,3N1CK3CE1SL208008,2025-06-01,,678,264080.45,301.35,2025,FLOTILLA 
27656,3N1CK3CE1SL207988,2025-06-01,,678,264080.45,301.35,2025,FLOTILLA 
27657,3N1CK3CE4SL207774,2025-06-01,,678,264080.45,602.69,2025,FLOTILLA 
27658,3N1CK3CE2SL207918,2025-06-01,,678,264080.45,527.35,2025,FLOTILLA 
27659,3N1CK3CE2SL207840,2025-06-01,,678,264080.45,527.35,2025,FLOTILLA 
27660,3N1CK3CE3SL207829,2025-06-01,,678,264080.45,75.34,2025,FLOTILLA 
27661,3N1CK3CE1SL207294,2025-06-01,,678,264080.45,376.68,2025,FLOTILLA 
27662,3N1CK3CE1SL209790,2025-06-01,,678,264080.44,232.17,2025,FLOTILLA 
27663,3N1CK3CE9SL201873,2025-06-01,,678,262208.30,1997.88,2025,FLOTILLA 
27664,3N1CK3CE8SL201914,2025-06-01,,678,262208.30,1997.88,2025,FLOTILLA 
27665,3N1CK3CE0SL209697,2025-06-01,,678,264080.45,309.56,2025,FLOTILLA 
27666,3N1CK3CE3SL209581,2025-06-01,,678,264080.44,386.95,2025,FLOTILLA 
27667,3N1CK3CE3SL209564,2025-06-01,,678,264080.44,619.12,2025,FLOTILLA 
27668,3N1CK3CE5SL208979,2025-06-01,,678,264080.44,1622.11,2025,NUEVO 
27669,3N1CK3CE1SL208204,2025-06-01,,678,264080.44,1130.04,2025,FLOTILLA 
27670,3N1CK3CE4SL208181,2025-06-01,,678,264080.44,1130.04,2025,FLOTILLA 
27671,3N1CK3CE3SL208169,2025-06-01,,678,264080.44,1130.04,2025,FLOTILLA 
27672,3N1CK3CE5SL208223,2025-06-01,,678,264080.44,1130.04,2025,FLOTILLA 
27673,3N1CK3CE4SL208214,2025-06-01,,678,264080.44,1130.04,2025,FLOTILLA 
27674,3N1CK3CE0SL208193,2025-06-01,,678,264080.44,1130.04,2025,FLOTILLA 
27675,3N1CK3CEXSL208105,2025-06-01,,678,264080.44,376.68,2025,FLOTILLA 
27676,3N1CK3CE2SL208017,2025-06-01,,678,264080.45,904.04,2025,FLOTILLA 
27677,3N1CK3CE8SL208037,2025-06-01,,678,264080.45,376.68,2025,FLOTILLA 
27678,3N1CK3CE1SL208025,2025-06-01,,678,264080.45,904.04,2025,FLOTILLA 
27679,3N1CK3CE6SL207968,2025-06-01,,678,264080.45,376.68,2025,FLOTILLA 
27680,3N1CK3CE0SL207979,2025-06-01,,678,264080.45,376.68,2025,FLOTILLA 
27681,3N1CK3CE0SL208016,2025-06-01,,678,264080.45,376.68,2025,FLOTILLA 
27682,3N1CK3CEXSL207925,2025-06-01,,678,264080.45,376.68,2025,FLOTILLA 
27683,3N1CK3CE1SL207926,2025-06-01,,678,264080.45,828.70,2025,FLOTILLA 
27684,3N1CK3CEXSL207939,2025-06-01,,678,264080.45,376.68,2025,FLOTILLA 
27685,3N1CK3CE0SL207867,2025-06-01,,678,264080.45,1130.04,2025,FLOTILLA 
27686,3N1CK3CE9SL207933,2025-06-01,,678,264080.45,1130.04,2025,FLOTILLA 
27687,3N1CK3CE1SL207263,2025-06-01,,678,264080.45,1130.04,2025,FLOTILLA 
27688,3N1CK3CE0SL207870,2025-06-01,,678,264080.45,1130.04,2025,FLOTILLA 
27689,3N1CK3CE3SL208057,2025-06-01,,678,283771.45,997.93,2025,FLOTILLA 
27690,3N1CK3CE0SL208095,2025-06-01,,678,283771.45,997.93,2025,FLOTILLA 
27691,3N1CK3CD4LL251606,2025-06-01,,678,134600.00,157.48,2020,SEMINUEVOS 
27692,3N1CK3CE9RL221471,2025-06-01,,678,192600.00,225.34,2024,SEMINUEVOS 
27693,3N1CK3CEXRL216263,2025-06-01,,678,228600.00,401.19,2024,SEMINUEVOS 
27694,3N1CK3CE0SL208386,2025-06-01,,678,264080.44,1776.60,2025,FLOTILLA 
27695,3N1CK3CE2SL208275,2025-06-01,,678,308832.09,2378.78,2025,NUEVO 
27696,3N1CK3CE2SL208289,2025-06-01,,678,288245.57,2220.21,2025,NUEVO 
27697,3N1CK3CE2SL208194,2025-06-01,,678,264080.44,226.01,2025,NUEVO 
27698,3N1CK3CE4SL207970,2025-06-01,,678,264080.45,979.37,2025,NUEVO 
27699,3N1CK3CE0SL207111,2025-06-01,,678,283771.45,2428.61,2025,NUEVO 
27700,3N1CK3CE2SL206350,2025-06-01,,678,262228.30,298.94,2025,FLOTILLA 
27701,3N1CK3CE2SL206140,2025-06-01,,678,262228.30,747.35,2025,FLOTILLA 
27702,3N1CK3CE1SL208798,2025-06-01,,678,288245.56,2529.35,2025,NUEVO 
27703,3N1CK3CE3SL208673,2025-06-01,,678,264080.44,231.73,2025,NUEVO 
27704,3N1CK3CE7SL208398,2025-06-01,,678,264080.45,2260.09,2025,FLOTILLA 
27705,3N1CK3CE7SL208367,2025-06-01,,678,264080.45,2260.09,2025,FLOTILLA 
27706,3N1CK3CE7SL204187,2025-05-01,1681,678,307853.14,2934.61,2025,NUEVO 
27707,3N1CK3CE7SL204822,2025-05-01,2088,678,287268.94,2561.72,2025,NUEVO 
27708,3N1CK3CE6SL204021,2025-05-01,1681,678,307853.14,2934.61,2025,NUEVO 
27709,3N1CK3CE6SL201331,2025-05-01,2166,678,287268.94,176.67,2025,NUEVO 
27710,3N1CK3CE9SL204482,2025-05-01,1331,678,307853.14,2934.61,2025,NUEVO 
27711,3N1CK3CE1SL201284,2025-05-01,1681,678,281898.14,2687.19,2025,NUEVO 
27712,3N1CK3CE3SL203988,2025-05-01,1331,678,307853.14,2934.61,2025,NUEVO 
27713,3N1CK3CE3SL200394,2025-05-01,1681,678,307853.14,2934.61,2025,NUEVO 
27714,3N1CK3CE4SL202204,2025-05-01,1681,678,281898.14,520.10,2025,FLOTILLA 
27715,3N1CK3CEXRL229594,2025-05-01,1681,678,252260.14,586.15,2024,FLOTILLA 
27716,3N1CK3CE9SL201873,2025-06-01,,678,262208.30,291.63,2025,FLOTILLA 
27717,3N1CK3CE8SL201914,2025-06-01,,678,262208.30,291.63,2025,FLOTILLA 
27718,3N1CK3CEXSL205964,2025-06-01,,678,262228.30,734.24,2025,FLOTILLA 
27719,3N1CK3CE9SL206264,2025-06-01,,678,262228.30,1468.48,2025,FLOTILLA 
27720,3N1CK3CE7SL206084,2025-06-01,,678,262228.30,734.24,2025,FLOTILLA 
27721,3N1CK3CE3SL206051,2025-06-01,,678,262228.30,734.24,2025,FLOTILLA 
27722,3N1CK3CE0SL206055,2025-06-01,,678,262228.30,734.24,2025,FLOTILLA 
27723,3N1CK3CE2NL216574,2025-06-01,,678,178800.00,500.64,2022,SEMINUEVOS 
27724,3N1CK3CE4SL206060,2025-06-01,,678,262228.30,734.24,2025,FLOTILLA 
27725,3N1CK3CE9SL206829,2025-05-01,1681,678,264080.45,1659.09,2025,NUEVO 
27726,3N1CK3CE6SL206304,2025-05-01,1331,678,287288.94,2538.20,2025,NUEVO 
27727,3N1CK3CE0SL206198,2025-05-01,1681,678,262228.30,1494.70,2025,NUEVO 
27728,3N1CK3CE6SL206299,2025-05-01,1681,678,307873.14,2720.06,2025,NUEVO 
27729,3N1CK3CE1SL206436,2025-05-01,1681,678,281918.14,401.73,2025,FLOTILLA 
27730,3N1CK3CE4SL206026,2025-05-01,1288,678,262228.30,1195.76,2025,FLOTILLA 
27731,3N1CK3CE1SL206016,2025-05-01,1288,678,262228.30,149.47,2025,FLOTILLA 
27732,3N1CK3CEXSL205673,2025-05-01,1288,678,262228.30,149.47,2025,FLOTILLA 
27733,3N1CK3CE0SL205679,2025-05-01,1288,678,262228.30,299.23,2025,FLOTILLA 
27734,3N1CK3CEXSL205656,2025-05-01,1288,678,262228.30,299.23,2025,FLOTILLA 
27735,3N1CK3CE8SL205655,2025-05-01,1288,678,262228.30,299.23,2025,FLOTILLA 
27736,3N1CK3CD5LL202219,2025-05-01,2111,678,135800.00,812.54,2020,SEMINUEVOS 
27737,3N1CK3CD4LL209209,2025-05-01,2118,678,151400.00,1404.11,2020,SEMINUEVOS 
27738,3N1CK3CE8SL206188,2025-05-01,1331,678,281918.14,2490.75,2025,NUEVO 
27739,3N1CK3CE5SL206102,2025-05-01,1681,678,307873.14,1842.62,2025,NUEVO 
27740,3N1CK3CEXSL206046,2025-05-01,1331,678,262228.30,2316.79,2025,NUEVO 
27741,3N1CK3CE3SL205594,2025-05-01,1681,678,287288.94,1147.40,2025,NUEVO 
27742,3N1CK3CE2SL205943,2025-05-01,1331,678,281918.14,2490.75,2025,NUEVO 
27743,3N1CK3CE1SL205724,2025-05-01,1331,678,307873.14,2720.06,2025,NUEVO 
27744,3N1CK3CE6SL206688,2025-05-01,1305,678,264080.44,1501.08,2025,FLOTILLA 
27745,3N1CK3CE5SL206682,2025-05-01,1305,678,264080.44,1501.08,2025,FLOTILLA 
27746,3N1CK3CE6SL206612,2025-05-01,1305,678,264080.44,1501.08,2025,FLOTILLA 
27747,3N1CK3CEXSL206631,2025-05-01,1305,678,264080.44,1501.08,2025,FLOTILLA 
27748,3N1CK3CE0SL206606,2025-05-01,1305,678,262228.30,1569.44,2025,FLOTILLA 
27749,3N1CK3CE1SL206596,2025-05-01,1305,678,262228.30,1569.44,2025,FLOTILLA 
27750,3N1CK3CE5SL206388,2025-05-01,1305,678,262228.30,1569.44,2025,FLOTILLA 
27751,3N1CK3CE0SL206394,2025-05-01,1305,678,262228.30,1644.17,2025,FLOTILLA 
27752,3N1CK3CE3SL206342,2025-05-01,1288,678,262228.30,2242.05,2025,FLOTILLA 
27753,3N1CK3CE4SL206351,2025-05-01,1288,678,262228.30,1569.44,2025,FLOTILLA 
27754,3N1CK3CE0SL206380,2025-05-01,1305,678,262228.30,1644.17,2025,FLOTILLA 
27755,3N1CK3CE8SL206353,2025-05-01,1681,678,281918.14,1767.63,2025,FLOTILLA 
27756,3N1CK3CE8SL206286,2025-05-01,1288,678,262228.30,1569.44,2025,FLOTILLA 
27757,3N1CK3CE9SL206281,2025-05-01,1288,678,262228.30,1569.44,2025,FLOTILLA 
27758,3N1CK3CE1SL206193,2025-05-01,1288,678,262228.30,2316.79,2025,FLOTILLA 
27759,3N1CK3CE5SL206066,2025-05-01,1288,678,262228.30,2316.79,2025,FLOTILLA 
27760,3N1CK3CE6SL205881,2025-05-01,1288,678,262228.30,2316.79,2025,FLOTILLA 
27761,3N1CK3CE7SL206098,2025-05-01,1681,678,307873.14,2720.06,2025,NUEVO 
27762,3N1CK3CE6SL206075,2025-05-01,1288,678,262228.30,2316.79,2025,FLOTILLA 
27763,3N1CK3CE3SL206079,2025-05-01,1288,678,262228.30,2316.79,2025,FLOTILLA 
27764,3N1CK3CE1SL206081,2025-05-01,1681,678,281918.14,2490.75,2025,FLOTILLA 
27765,3N1CK3CE3SL205997,2025-05-01,1288,678,262228.30,2092.58,2025,FLOTILLA 
27766,3N1CK3CE2SL205926,2025-05-01,1288,678,262228.30,2316.79,2025,FLOTILLA 
27767,3N1CK3CE2SL205408,2025-05-01,1681,678,281918.14,160.85,2025,NUEVO 
27768,3N1CK3CE3SL203523,2025-05-01,1681,678,281898.14,2687.19,2025,NUEVO 
27769,3N1CK3CE2SL204226,2025-05-01,1681,678,307853.14,2934.61,2025,NUEVO 
27770,3N1CK3CDXLL217802,2025-05-01,2136,678,137100.00,1172.21,2020,SEMINUEVOS 
27771,3N1CK3CE0SL208176,2025-05-01,1288,678,264080.45,150.67,2025,FLOTILLA 
27772,3N1CK3CE9SL206409,2025-05-01,1288,678,262228.30,672.62,2025,FLOTILLA 
27773,3N1CK3CE0SL206363,2025-05-01,1305,678,262228.30,74.74,2025,FLOTILLA 
27774,3N1CK3CE9SL206345,2025-05-01,1305,678,262228.30,149.47,2025,FLOTILLA 
27775,3N1CK3CE0SL206282,2025-05-01,1305,678,262228.30,74.74,2025,FLOTILLA 
27776,3N1CK3CE1SL206291,2025-05-01,1305,678,262228.30,149.47,2025,FLOTILLA 
27777,3N1CK3CE9SL203297,2025-05-01,1681,678,262208.30,1994.09,2025,FLOTILLA 
27778,3N1CK3CE9SL206328,2025-05-01,1305,678,262228.30,149.47,2025,FLOTILLA 
27779,3N1CK3CE1SL206288,2025-05-01,1305,678,262228.30,149.47,2025,FLOTILLA 
27780,3N1CK3CEXSL206287,2025-05-01,1305,678,262228.30,149.47,2025,FLOTILLA 
27781,3N1CK3CE8SL206319,2025-05-01,1305,678,262228.30,149.47,2025,FLOTILLA 
27782,3N1CK3CE9SL206264,2025-05-01,1576,678,262228.30,672.62,2025,FLOTILLA 
27783,3N1CK3CE8SL206269,2025-05-01,1288,678,262228.30,373.68,2025,FLOTILLA 
27784,3N1CK3CE0SL206024,2025-05-01,1288,678,262228.30,448.41,2025,FLOTILLA 
27785,3N1CK3CE3SL208236,2025-05-01,1305,678,264080.44,226.01,2025,FLOTILLA 
27786,3N1CK3CE7SL208238,2025-05-01,1305,678,264080.44,226.01,2025,FLOTILLA 
27787,3N1CK3CE2SL208227,2025-05-01,1288,678,264080.44,226.01,2025,FLOTILLA 
27788,3N1CK3CE5SL208237,2025-05-01,1288,678,264080.44,226.01,2025,FLOTILLA 
27789,3N1CK3CE0SL208159,2025-05-01,1288,678,264080.44,226.01,2025,FLOTILLA 
27790,3N1CK3CEXSL208167,2025-05-01,1305,678,264080.44,226.01,2025,FLOTILLA 
27791,3N1CK3CE2SL208244,2025-05-01,1288,678,264080.44,226.01,2025,FLOTILLA 
27792,3N1CK3CEXSL208234,2025-05-01,1305,678,264080.44,226.01,2025,FLOTILLA 
27793,3N1CK3CE6SL208196,2025-05-01,1305,678,264080.44,226.01,2025,FLOTILLA 
27794,3N1CK3CE4SL208178,2025-05-01,1288,678,264080.44,226.01,2025,FLOTILLA 
27795,3N1CK3CE1SL208235,2025-05-01,1305,678,264080.44,226.01,2025,FLOTILLA 
27796,3N1CK3CE2SL208230,2025-05-01,1288,678,264080.44,226.01,2025,FLOTILLA 
27797,3N1CK3CE7SL208241,2025-05-01,1288,678,264080.44,226.01,2025,FLOTILLA 
27798,3N1CK3CE3SL208253,2025-05-01,1305,678,264080.44,226.01,2025,FLOTILLA 
27799,3N1CK3CE8SL208202,2025-05-01,1305,678,264080.44,226.01,2025,FLOTILLA 
27800,3N1CK3CEXSL208265,2025-05-01,1305,678,264080.44,226.01,2025,FLOTILLA 
27801,3N1CK3CE1SL208168,2025-05-01,1288,678,264080.44,226.01,2025,FLOTILLA 
27802,3N1CK3CE7SL208160,2025-05-01,1288,678,264080.44,226.01,2025,FLOTILLA 
27803,3N1CK3CEXSL208220,2025-05-01,1305,678,264080.44,226.01,2025,FLOTILLA 
27804,3N1CK3CE0SL208162,2025-05-01,1288,678,264080.44,226.01,2025,FLOTILLA 
27805,3N1CK3CE5SL208190,2025-05-01,1288,678,264080.44,226.01,2025,FLOTILLA 
27806,3N1CK3CE8SL208233,2025-05-01,1305,678,264080.44,226.01,2025,FLOTILLA 
27807,3N1CK3CE8SL208250,2025-05-01,1305,678,264080.44,226.01,2025,FLOTILLA 
27808,3N1CK3CE8SL208264,2025-05-01,1288,678,264080.44,226.01,2025,FLOTILLA 
27809,3N1CK3CE0SL208260,2025-05-01,1305,678,264080.44,226.01,2025,FLOTILLA 
27810,3N1CK3CE1SL208199,2025-05-01,1288,678,264080.44,226.01,2025,FLOTILLA 
27811,3N1CK3CE0SL208243,2025-05-01,1305,678,264080.44,226.01,2025,FLOTILLA 
27812,3N1CK3CEXSL208170,2025-05-01,1305,678,264080.44,226.01,2025,FLOTILLA 
27813,3N1CK3CE6SL208182,2025-05-01,1305,678,264080.44,226.01,2025,FLOTILLA 
27814,3N1CK3CE6SL208232,2025-05-01,1305,678,264080.44,226.01,2025,FLOTILLA 
27815,3N1CK3CE4SL208116,2025-05-01,1288,678,264080.44,226.01,2025,FLOTILLA 
27816,3N1CK3CE1SL208056,2025-05-01,1288,678,264080.44,226.01,2025,FLOTILLA 
27817,3N1CK3CE5SL208058,2025-05-01,1305,678,264080.44,226.01,2025,FLOTILLA 
27818,3N1CK3CE8SL207986,2025-05-01,1305,678,264080.44,226.01,2025,FLOTILLA 
27819,3N1CK3CE8SL207969,2025-05-01,1305,678,264080.44,226.01,2025,FLOTILLA 
27820,3N1CK3CE5SL207931,2025-05-01,1305,678,264080.44,226.01,2025,FLOTILLA 
27821,3N1CK3CE3SL204042,2025-05-01,1772,678,287268.94,2540.49,2025,FLOTILLA 
27822,3N1CK3CE4SL208150,2025-05-01,1288,678,264080.44,452.02,2025,FLOTILLA 
27823,3N1CK3CE4SL208052,2025-05-01,1288,678,264080.44,452.02,2025,FLOTILLA 
27824,3N1CK3CE7SL208059,2025-05-01,1288,678,264080.44,452.02,2025,FLOTILLA 
27825,3N1CK3CE1SL208073,2025-05-01,1288,678,264080.44,452.02,2025,FLOTILLA 
27826,3N1CK3CE6SL208134,2025-05-01,1288,678,264080.44,452.02,2025,FLOTILLA 
27827,3N1CK3CE1SL208154,2025-05-01,1288,678,264080.44,452.02,2025,FLOTILLA 
27828,3N1CK3CE9SL208077,2025-05-01,1288,678,264080.44,452.02,2025,FLOTILLA 
27829,3N1CK3CE3SL208138,2025-05-01,1288,678,264080.44,452.02,2025,FLOTILLA 
27830,3N1CK3CE7SL208143,2025-05-01,1288,678,264080.44,452.02,2025,FLOTILLA 
27831,3N1CK3CE2SL208132,2025-05-01,1288,678,264080.44,452.02,2025,FLOTILLA 
27832,3N1CK3CE0SL208114,2025-05-01,1288,678,264080.44,452.02,2025,FLOTILLA 
27833,3N1CK3CE9SL208130,2025-05-01,1288,678,264080.44,452.02,2025,FLOTILLA 
27834,3N1CK3CE8SL208068,2025-05-01,1288,678,264080.44,452.02,2025,FLOTILLA 
27835,3N1CK3CE5SL208061,2025-05-01,1288,678,264080.44,452.02,2025,FLOTILLA 
27836,3N1CK3CE7SL208112,2025-05-01,1288,678,264080.44,452.02,2025,FLOTILLA 
27837,3N1CK3CEXSL208136,2025-05-01,1288,678,264080.44,452.02,2025,FLOTILLA 
27838,3N1CK3CE3SL208141,2025-05-01,1288,678,264080.44,452.02,2025,FLOTILLA 
27839,3N1CK3CE3SL207989,2025-05-01,1288,678,264080.44,452.02,2025,FLOTILLA 
27840,3N1CK3CE6SL208036,2025-05-01,1288,678,264080.44,452.02,2025,FLOTILLA 
27841,3N1CK3CE7SL208045,2025-05-01,1288,678,264080.44,452.02,2025,FLOTILLA 
27842,3N1CK3CEXSL208041,2025-05-01,1576,678,264080.44,452.02,2025,FLOTILLA 
27843,3N1CK3CEXSL208024,2025-05-01,1576,678,264080.44,452.02,2025,FLOTILLA 
27844,3N1CK3CE2SL208034,2025-05-01,1288,678,264080.44,452.02,2025,FLOTILLA 
27845,3N1CK3CE1SL208039,2025-05-01,1576,678,264080.44,452.02,2025,FLOTILLA 
27846,3N1CK3CE9SL207978,2025-05-01,1576,678,264080.44,452.02,2025,FLOTILLA 
27847,3N1CK3CE7SL208028,2025-05-01,1576,678,264080.44,452.02,2025,FLOTILLA 
27848,3N1CK3CE5SL207833,2025-05-01,1288,678,264080.44,452.02,2025,FLOTILLA 
27849,3N1CK3CE2SL207790,2025-05-01,1576,678,264080.44,452.02,2025,FLOTILLA 
27850,3N1CK3CE6SL207940,2025-05-01,1288,678,264080.44,452.02,2025,FLOTILLA 
27851,3N1CK3CE7SL207977,2025-05-01,1681,678,283771.45,566.68,2025,FLOTILLA 
27852,3N1CK3CE2SL208003,2025-05-01,1288,678,264080.45,527.35,2025,FLOTILLA 
27853,3N1CK3CE0SL208002,2025-05-01,1288,678,264080.45,527.35,2025,FLOTILLA 
27854,3N1CK3CE3SL208026,2025-05-01,1288,678,264080.45,527.35,2025,FLOTILLA 
27855,3N1CK3CE6SL208019,2025-05-01,1288,678,264080.45,527.35,2025,FLOTILLA 
27856,3N1CK3CE9SL207947,2025-05-01,1288,678,264080.45,527.35,2025,FLOTILLA 
27857,3N1CK3CE1SL207957,2025-05-01,1288,678,264080.45,527.35,2025,FLOTILLA 
27858,3N1CK3CE2SL207966,2025-05-01,1288,678,264080.45,527.35,2025,FLOTILLA 
27859,3N1CK3CE5SL207976,2025-05-01,1288,678,264080.45,527.35,2025,FLOTILLA 
27860,3N1CK3CE1SL207943,2025-05-01,1288,678,264080.45,527.35,2025,FLOTILLA 
27861,3N1CK3CE0SL208047,2025-05-01,1288,678,264080.45,527.35,2025,FLOTILLA 
27862,3N1CK3CE2SL208020,2025-05-01,1288,678,264080.45,527.35,2025,FLOTILLA 
27863,3N1CK3CE4SL207998,2025-05-01,1288,678,264080.45,527.35,2025,FLOTILLA 
27864,3N1CK3CE8SL207972,2025-05-01,1288,678,264080.45,527.35,2025,FLOTILLA 
27865,3N1CK3CE1SL208008,2025-05-01,1288,678,264080.45,527.35,2025,FLOTILLA 
27866,3N1CK3CE5SL207945,2025-05-01,1288,678,264080.45,527.35,2025,FLOTILLA 
27867,3N1CK3CE5SL208013,2025-05-01,1576,678,264080.45,527.35,2025,FLOTILLA 
27868,3N1CK3CE4SL208021,2025-05-01,1288,678,264080.45,527.35,2025,FLOTILLA 
27869,3N1CK3CE7SL207994,2025-05-01,1288,678,264080.45,527.35,2025,FLOTILLA 
27870,3N1CK3CE8SL208023,2025-05-01,1288,678,264080.45,527.35,2025,FLOTILLA 
27871,3N1CK3CE8SL207955,2025-05-01,1288,678,264080.45,527.35,2025,FLOTILLA 
27872,3N1CK3CE8SL208006,2025-05-01,1288,678,264080.45,527.35,2025,FLOTILLA 
27873,3N1CK3CE4SL208035,2025-05-01,1288,678,264080.45,527.35,2025,FLOTILLA 
27874,3N1CK3CE6SL207971,2025-05-01,1288,678,264080.45,527.35,2025,FLOTILLA 
27875,3N1CK3CE5SL208030,2025-05-01,1576,678,264080.45,527.35,2025,FLOTILLA 
27876,3N1CK3CE9SL208046,2025-05-01,1288,678,264080.45,527.35,2025,FLOTILLA 
27877,3N1CK3CEXSL207956,2025-05-01,1288,678,264080.45,527.35,2025,FLOTILLA 
27878,3N1CK3CE5SL207962,2025-05-01,1288,678,264080.45,527.35,2025,FLOTILLA 
27879,3N1CK3CE6SL207954,2025-05-01,1576,678,264080.45,527.35,2025,FLOTILLA 
27880,3N1CK3CE1SL207988,2025-05-01,1288,678,264080.45,527.35,2025,FLOTILLA 
27881,3N1CK3CE1SL207960,2025-05-01,1288,678,264080.45,527.35,2025,FLOTILLA 
27882,3N1CK3CE4SL208004,2025-05-01,1288,678,264080.45,527.35,2025,FLOTILLA 
27883,3N1CK3CE4SL207810,2025-05-01,1288,678,264080.45,527.35,2025,FLOTILLA 
27884,3N1CK3CE1RL228558,2025-05-01,1681,678,276425.26,1656.02,2024,FLOTILLA 
27885,3N1CK3CE9SL207771,2025-05-01,1288,678,264080.45,602.69,2025,FLOTILLA 
27886,3N1CK3CE3SL207779,2025-05-01,1288,678,264080.45,602.69,2025,FLOTILLA 
27887,3N1CK3CEXSL207729,2025-05-01,1288,678,264080.45,602.69,2025,FLOTILLA 
27888,3N1CK3CE4SL207774,2025-05-01,1288,678,264080.45,602.69,2025,FLOTILLA 
27889,3N1CK3CEXSL207780,2025-05-01,1288,678,264080.45,602.69,2025,FLOTILLA 
27890,3N1CK3CE8SL207941,2025-05-01,1288,678,264080.45,602.69,2025,FLOTILLA 
27891,3N1CK3CE7SL207851,2025-05-01,1288,678,264080.45,602.69,2025,FLOTILLA 
27892,3N1CK3CE2SL207918,2025-05-01,1288,678,264080.45,602.69,2025,FLOTILLA 
27893,3N1CK3CEXSL207858,2025-05-01,1288,678,264080.45,602.69,2025,FLOTILLA 
27894,3N1CK3CE7SL207848,2025-05-01,1288,678,264080.45,602.69,2025,FLOTILLA 
27895,3N1CK3CE3SL207927,2025-05-01,1288,678,264080.45,602.69,2025,FLOTILLA 
27896,3N1CK3CE6SL207887,2025-05-01,1288,678,264080.45,602.69,2025,FLOTILLA 
27897,3N1CK3CE6SL207839,2025-05-01,1288,678,264080.45,602.69,2025,FLOTILLA 
27898,3N1CK3CE5SL207881,2025-05-01,1288,678,264080.45,602.69,2025,FLOTILLA 
27899,3N1CK3CE2SL207840,2025-05-01,1288,678,264080.45,602.69,2025,FLOTILLA 
27900,3N1CK3CEXSL207844,2025-05-01,1288,678,264080.45,602.69,2025,FLOTILLA 
27901,3N1CK3CE8SL207843,2025-05-01,1288,678,264080.45,602.69,2025,FLOTILLA 
27902,3N1CK3CE5SL207914,2025-05-01,1288,678,264080.45,602.69,2025,FLOTILLA 
27903,3N1CK3CE7SL207882,2025-05-01,1288,678,264080.45,602.69,2025,FLOTILLA 
27904,3N1CK3CE3SL207829,2025-05-01,1288,678,264080.45,602.69,2025,FLOTILLA 
27905,3N1CK3CE1SL207828,2025-05-01,1288,678,264080.45,602.69,2025,FLOTILLA 
27906,3N1CK3CE8SL207860,2025-05-01,1288,678,264080.45,602.69,2025,FLOTILLA 
27907,3N1CK3CE1SL207294,2025-05-01,1288,678,264080.45,602.69,2025,FLOTILLA 
27908,3N1CK3CE8SL207342,2025-05-01,1288,678,264080.45,602.69,2025,FLOTILLA 
27909,3N1CK3CE3SL207278,2025-05-01,1288,678,264080.45,602.69,2025,FLOTILLA 
27910,3N1CK3CE1SL207280,2025-05-01,1288,678,264080.45,602.69,2025,FLOTILLA 
27911,3N1CK3CE7SL207929,2025-05-01,1288,678,264080.45,602.69,2025,FLOTILLA 
27912,3N1CK3CE8SL206756,2025-05-01,1331,678,288245.57,1638.44,2025,NUEVO 
27913,3N1CK3CE6SL206755,2025-05-01,1331,678,283771.45,1613.00,2025,NUEVO 
27914,3N1CK3CE6SL206660,2025-05-01,1305,678,264080.44,237.01,2025,FLOTILLA 
27915,3N1CK3CE8SL206661,2025-05-01,1305,678,264080.44,553.03,2025,FLOTILLA 
27916,3N1CK3CE7SL206666,2025-05-01,1305,678,264080.44,553.03,2025,FLOTILLA 
27917,3N1CK3CE6SL206626,2025-05-01,1305,678,264080.44,237.01,2025,FLOTILLA 
27918,3N1CK3CE7SL206621,2025-05-01,1305,678,264080.44,237.01,2025,FLOTILLA 
27919,3N1CK3CE4SL206494,2025-05-01,1305,678,262228.30,298.94,2025,FLOTILLA 
27920,3N1CK3CE7SL206599,2025-05-01,1305,678,262228.30,298.94,2025,FLOTILLA 
27921,3N1CK3CE5SL206603,2025-05-01,1305,678,262228.30,298.94,2025,FLOTILLA 
27922,3N1CK3CEXSL206435,2025-05-01,1305,678,262228.30,224.21,2025,FLOTILLA 
27923,3N1CK3CE6SL206464,2025-05-01,1305,678,262228.30,373.68,2025,FLOTILLA 
27924,3N1CK3CE5SL206438,2025-05-01,1305,678,262228.30,298.94,2025,FLOTILLA 
27925,3N1CK3CE8SL206434,2025-05-01,1305,678,262228.30,74.74,2025,FLOTILLA 
27926,3N1CK3CE5SL206410,2025-05-01,1305,678,262228.30,224.21,2025,FLOTILLA 
27927,3N1CK3CE4SL206401,2025-05-01,1305,678,262228.30,373.68,2025,FLOTILLA 
27928,3N1CK3CE4SL206365,2025-05-01,1305,678,262228.30,373.68,2025,FLOTILLA 
27929,3N1CK3CEXSL206368,2025-05-01,1305,678,262228.30,74.74,2025,FLOTILLA 
27930,3N1CK3CE5SL206360,2025-05-01,1305,678,262228.30,298.94,2025,FLOTILLA 
27931,3N1CK3CE5SL206357,2025-05-01,1305,678,262228.30,298.94,2025,FLOTILLA 
27932,3N1CK3CE5SL206326,2025-05-01,1305,678,262228.30,74.74,2025,FLOTILLA 
27933,3N1CK3CE8SL206255,2025-05-01,1305,678,262228.30,298.94,2025,FLOTILLA 
27934,3N1CK3CE8SL206272,2025-05-01,1288,678,262228.30,1046.29,2025,FLOTILLA 
27935,3N1CK3CEXSL206094,2025-05-01,1288,678,262228.30,896.82,2025,FLOTILLA 
27936,3N1CK3CE4SL206060,2025-05-01,1288,678,262228.30,971.56,2025,FLOTILLA 
27937,3N1CK3CE8SL206076,2025-05-01,1288,678,262228.30,896.82,2025,FLOTILLA 
27938,3N1CK3CE7SL206084,2025-05-01,1288,678,262228.30,971.56,2025,FLOTILLA 
27939,3N1CK3CE6SL206061,2025-05-01,1288,678,262228.30,896.82,2025,FLOTILLA 
27940,3N1CK3CE9SL205924,2025-05-01,1288,678,262228.30,971.56,2025,FLOTILLA 
27941,3N1CK3CEXSL205964,2025-05-01,1288,678,262228.30,971.56,2025,FLOTILLA 
27942,3N1CK3CE9SL205938,2025-05-01,1288,678,262228.30,971.56,2025,FLOTILLA 
27943,3N1CK3CE5SL205922,2025-05-01,1288,678,262228.30,971.56,2025,FLOTILLA 
27944,3N1CK3CEXSL205916,2025-05-01,1288,678,262228.30,971.56,2025,FLOTILLA 
27945,3N1CK3CE6SL205685,2025-05-01,1288,678,262228.30,822.09,2025,FLOTILLA 
27946,3N1CK3CE4SL205684,2025-05-01,1288,678,262228.30,822.09,2025,FLOTILLA 
27947,3N1CK3CE0SL207237,2025-05-01,1681,678,283771.45,1358.32,2025,NUEVO 
27948,3N1CK3CE0SL206735,2025-05-01,1331,678,264080.45,1501.08,2025,NUEVO 
27949,3N1CK3CE2SL206655,2025-05-01,1305,678,264080.44,316.02,2025,FLOTILLA 
27950,3N1CK3CE0SL206623,2025-05-01,1305,678,264080.44,316.02,2025,FLOTILLA 
27951,3N1CK3CE1SL206582,2025-05-01,1305,678,262228.30,298.94,2025,FLOTILLA 
27952,3N1CK3CE3SL206485,2025-05-01,1305,678,262228.30,224.21,2025,FLOTILLA 
27953,3N1CK3CE2SL206400,2025-05-01,1288,678,262228.30,1046.29,2025,FLOTILLA 
27954,3N1CK3CE3SL206051,2025-05-01,1288,678,262228.30,971.56,2025,FLOTILLA 
27955,3N1CK3CE0SL206055,2025-05-01,1288,678,262228.30,971.56,2025,FLOTILLA 
27956,3N1CK3CE1SL205965,2025-05-01,1288,678,262228.30,523.15,2025,FLOTILLA 
27957,3N1CK3CE0SL206086,2025-05-01,1288,678,262228.30,896.82,2025,FLOTILLA 
27958,3N1CK3CE3SL205899,2025-05-01,1288,678,262228.30,971.56,2025,FLOTILLA 
27959,3N1CK3CE5SL207668,2025-05-01,1331,678,283771.45,1214.31,2025,NUEVO 
27960,3N1CK3CE9SL201873,2025-05-01,1290,678,262208.30,307.37,2025,FLOTILLA 
27961,3N1CK3CE8SL201914,2025-05-01,1290,678,262208.30,307.37,2025,FLOTILLA 
27962,3N1CK3CD4LL251606,2025-05-01,2152,678,134600.00,629.93,2020,SEMINUEVOS 
27963,3N1CK3CE9RL221471,2025-05-01,1681,678,192600.00,957.70,2024,SEMINUEVOS 
27964,3N1CK3CE9PL201461,2025-05-01,1681,678,196100.00,917.75,2023,SEMINUEVOS 
27965,3N1CK3CEXRL216263,2025-05-01,2122,678,228600.00,1203.58,2024,SEMINUEVOS 
27966,3N1CK3CE6SL205671,2025-05-01,1288,678,262228.30,997.12,2025,FLOTILLA 
27967,3N1CK3CE5SL206374,2025-05-01,1305,678,262228.30,1073.82,2025,FLOTILLA 
27968,3N1CK3CE2SL206378,2025-05-01,1305,678,262228.30,1073.82,2025,FLOTILLA 
27969,3N1CK3CE1SL205691,2025-05-01,1288,678,262228.30,460.21,2025,FLOTILLA 
27970,3N1CK3CEXSL205673,2025-05-01,1288,678,262228.30,997.12,2025,FLOTILLA 
27971,3N1CK3CE1SL206016,2025-05-01,1288,678,262228.30,1073.82,2025,FLOTILLA 
27972,3N1CK3CE0SL205682,2025-05-01,1288,678,262228.30,997.12,2025,FLOTILLA 
27973,3N1CK3CE1SL206436,2025-05-01,1681,678,281918.14,1154.45,2025,FLOTILLA 
27974,3N1CK3CE0SL207111,2025-05-01,1681,678,283771.45,80.95,2025,NUEVO 
27975,3N1CK3CE2SL206350,2025-05-01,1288,678,262228.30,298.94,2025,FLOTILLA 
27976,3N1CK3CE8SL206028,2025-05-01,1288,678,262228.30,74.74,2025,FLOTILLA 
27977,3N1CK3CE5SL205693,2025-05-01,1288,678,262228.30,74.74,2025,FLOTILLA 
27978,3N1CK3CE3SL207586,2025-05-01,1681,678,264080.45,772.44,2025,FLOTILLA 
27979,3N1CK3CE3ML204464,2025-05-01,1681,678,182100.00,49.72,2021,SEMINUEVOS 
27980,3N1CK3CE7ML207528,2025-05-01,1681,678,190000.00,983.50,2021,SEMINUEVOS 
27981,3N1CK3CE4SL208388,2025-05-01,1576,678,264080.45,75.34,2025,FLOTILLA 
27982,3N1CK3CE9SL208404,2025-05-01,1576,678,264080.45,75.34,2025,FLOTILLA 
27983,3N1CK3CEXSL208380,2025-05-01,1576,678,264080.45,75.34,2025,FLOTILLA 
27984,3N1CK3CE7SL208384,2025-05-01,1576,678,264080.45,75.34,2025,FLOTILLA 
27985,3N1CK3CE8SL208118,2025-05-01,1576,678,264080.45,75.34,2025,FLOTILLA 
27986,3N1CK3CE7SL208031,2025-05-01,1576,678,264080.45,75.34,2025,FLOTILLA 
27987,3N1CK3CE9SL201873,2025-05-01,1290,678,262208.30,2019.66,2025,FLOTILLA 
27988,3N1CK3CE8SL201914,2025-05-01,1290,678,262208.30,2019.66,2025,FLOTILLA 
27989,3N1CK3CE8SL200178,2025-05-01,1290,678,262208.30,1720.45,2025,FLOTILLA 
27990,3N1CK3CE6SL200874,2025-05-01,1290,678,262208.30,1720.45,2025,FLOTILLA 
27991,3N1CK3CE4SL200811,2025-05-01,1290,678,262208.30,1720.45,2025,FLOTILLA 
27992,3N1CK3CE3SL200119,2025-05-01,1290,678,262208.30,1720.45,2025,FLOTILLA 
27993,3N1CK3CE2SL201858,2025-05-01,1290,678,262208.30,1720.45,2025,FLOTILLA 
27994,3N1CK3CE9SL208435,2025-05-01,1576,678,264080.45,75.34,2025,FLOTILLA 
27995,3N1CK3CE7SL208398,2025-05-01,1576,678,264080.45,75.34,2025,FLOTILLA 
27996,3N1CK3CE6SL208389,2025-05-01,1576,678,264080.45,75.34,2025,FLOTILLA 
27997,3N1CK3CE3SL208415,2025-05-01,1576,678,264080.45,75.34,2025,FLOTILLA 
27998,3N1CK3CE4SL208391,2025-05-01,1576,678,264080.45,75.34,2025,FLOTILLA 
27999,3N1CK3CE4SL208424,2025-05-01,1576,678,264080.45,75.34,2025,FLOTILLA 
28000,3N1CK3CE7SL208434,2025-05-01,1576,678,264080.45,75.34,2025,FLOTILLA 
28001,3N1CK3CE6SL208425,2025-05-01,1576,678,264080.45,75.34,2025,FLOTILLA 
28002,3N1CK3CE3SL208401,2025-05-01,1288,678,264080.45,75.34,2025,FLOTILLA 
28003,3N1CK3CE4SL208455,2025-05-01,1576,678,264080.45,75.34,2025,FLOTILLA 
28004,3N1CK3CE4SL208469,2025-05-01,1576,678,264080.45,75.34,2025,FLOTILLA 
28005,3N1CK3CE3SL208396,2025-05-01,2103,678,264080.45,75.34,2025,FLOTILLA 
28006,3N1CK3CE7SL208367,2025-05-01,1288,678,264080.45,75.34,2025,FLOTILLA 
28007,3N1CK3CE6SL206920,2025-05-01,1681,678,264080.45,1205.38,2025,FLOTILLA 
28008,3N1CK3CE9SL208340,2025-05-01,1288,678,264080.45,150.67,2025,FLOTILLA 
28009,3N1CK3CE7SL208353,2025-05-01,1288,678,264080.45,150.67,2025,FLOTILLA 
28010,3N1CK3CE4SL208309,2025-05-01,1288,678,264080.45,150.67,2025,FLOTILLA 
28011,3N1CK3CE6SL208344,2025-05-01,1288,678,264080.45,150.67,2025,FLOTILLA 
28012,3N1CK3CE6SL208358,2025-05-01,1288,678,264080.45,150.67,2025,FLOTILLA 
28013,3N1CK3CE5SL208285,2025-05-01,1288,678,264080.45,150.67,2025,FLOTILLA 
28014,3N1CK3CE7SL208319,2025-05-01,1288,678,264080.45,150.67,2025,FLOTILLA 
28015,3N1CK3CE2SL208311,2025-05-01,1288,678,264080.45,150.67,2025,FLOTILLA 
28016,3N1CK3CE7SL208269,2025-05-01,1288,678,264080.45,150.67,2025,FLOTILLA 
28017,3N1CK3CE3SL208298,2025-05-01,1288,678,264080.45,150.67,2025,FLOTILLA 
28018,3N1CK3CE4SL208276,2025-05-01,1288,678,264080.45,150.67,2025,FLOTILLA 
28019,3N1CK3CE3SL208320,2025-05-01,1288,678,264080.45,150.67,2025,FLOTILLA 
28020,3N1CK3CE8SL208281,2025-05-01,1288,678,264080.45,150.67,2025,FLOTILLA 
28021,3N1CK3CE0SL208307,2025-05-01,1288,678,264080.45,150.67,2025,FLOTILLA 
28022,3N1CK3CE7SL208157,2025-05-01,1288,678,264080.45,150.67,2025,FLOTILLA 
28023,LSJA36E99PZ040409,2025-06-01,,679,172500.00,1548.19,2023,SEMINUEVOS 
28024,LSJA36E93PZ109868,2025-06-01,,679,171500.00,1507.77,2023,SEMINUEVOS 
28025,LSJA36E94RZ026341,2025-06-01,,679,206500.00,1815.48,2024,SEMINUEVOS 
28026,LSJA36E68NZ211816,2025-06-01,,679,154900.00,544.73,2022,SEMINUEVOS 
28027,LSJA36E92PZ041031,2025-05-01,1681,679,166900.00,784.43,2023,SEMINUEVOS 
28028,LSJA36E98PZ036142,2025-05-01,1681,679,166900.00,313.77,2023,SEMINUEVOS 
28029,LSJA36E99PZ040409,2025-05-01,1681,679,172500.00,1599.79,2023,SEMINUEVOS 
28030,LSJA36E95PZ117762,2025-05-01,1681,679,172500.00,1186.94,2023,SEMINUEVOS 
28031,LSJA36E93PZ109868,2025-05-01,1681,679,171500.00,251.30,2023,SEMINUEVOS 
28032,LSJA36E94RZ026341,2025-05-01,1681,679,206500.00,605.16,2024,SEMINUEVOS 
28033,LSJA36E68NZ211816,2025-05-01,1681,679,154900.00,453.94,2022,SEMINUEVOS 
28034,3N6AD35A0SK819921,2025-06-01,,682,429187.75,1100.87,2025,FLOTILLA 
28035,3N6AD35A8SK821013,2025-06-01,,682,429187.74,244.64,2025,FLOTILLA 
28036,3N6AD35A6SK820202,2025-06-01,,682,429187.74,244.64,2025,FLOTILLA 
28037,3N6AD31AXSK820886,2025-06-01,,682,437168.77,2223.37,2025,FLOTILLA 
28038,3N6AD31A3SK821006,2025-06-01,,682,437168.77,2223.37,2025,FLOTILLA 
28039,3N6AD35A9SK821439,2025-06-01,,682,429187.74,1957.10,2025,NUEVO 
28040,3N6AD35A8SK820492,2025-06-01,,682,429187.74,3669.56,2025,NUEVO 
28041,3N6AD31A7SK819260,2025-06-01,,682,430056.02,3680.56,2025,NUEVO 
28042,3N6AD35A0SK817683,2025-06-01,,682,429187.74,256.80,2025,FLOTILLA 
28043,3N6AD31A1SK820632,2025-06-01,,682,430056.02,1225.66,2025,FLOTILLA 
28044,3N6AD35A3SK818990,2025-06-01,,682,429187.75,489.75,2025,NUEVO 
28045,3N6AD31A2SK818355,2025-06-01,,682,430056.02,490.74,2025,NUEVO 
28046,3N6AD31A3SK813164,2025-06-01,,682,430036.02,4042.34,2025,NUEVO 
28047,3N6AD31A6RK856536,2025-06-01,,682,418746.90,3960.18,2024,NUEVO 
28048,3N6AD31AXRK854787,2025-06-01,,682,418746.90,4096.74,2024,NUEVO 
28049,3N6AD31A9RK852724,2025-06-01,,682,418746.90,4180.49,2024,NUEVO 
28050,3N6AD31A8RK848227,2025-06-01,,682,418746.90,171.91,2024,NUEVO 
28051,3N6AD31A4RK841131,2025-06-01,,682,414406.18,1352.58,2024,NUEVO 
28052,3N6AD31A1RK842480,2025-06-01,,682,414406.18,3381.44,2024,NUEVO 
28053,3N6AD35A3PK809598,2025-06-01,,682,287600.00,405.52,2023,SEMINUEVOS 
28054,3N6AD35A8SK827815,2025-06-01,,682,436301.06,366.49,2025,FLOTILLA 
28055,3N6AD35A8SK827233,2025-06-01,,682,436301.06,2045.77,2025,FLOTILLA 
28056,3N6AD35A5SK823527,2025-06-01,,682,436301.08,1150.74,2025,FLOTILLA 
28057,3N6AD35AXSK823426,2025-06-01,,682,436301.08,1150.74,2025,FLOTILLA 
28058,3N6AD35A4SK827228,2025-06-01,,682,436301.06,1406.46,2025,FLOTILLA 
28059,3N6AD35A2SK827311,2025-06-01,,682,436301.06,1406.46,2025,FLOTILLA 
28060,3N6AD35A1SK826523,2025-06-01,,682,436301.06,2429.35,2025,FLOTILLA 
28061,3N6AD35AXSK825161,2025-06-01,,682,436301.06,3835.81,2025,FLOTILLA 
28062,3N6AD35A1RK861301,2025-06-01,,682,413537.75,2787.36,2024,FLOTILLA 
28063,3N6AD31A9RK860662,2025-06-01,,682,418746.90,2822.47,2024,FLOTILLA 
28064,3N6AD31A5RK860884,2025-06-01,,682,418746.90,2822.47,2024,FLOTILLA 
28065,3N6AD31A6SK827527,2025-06-01,,682,437168.76,1918.08,2025,NUEVO 
28066,3N6AD31A8SK826864,2025-06-01,,682,437168.76,2301.69,2025,NUEVO 
28067,3N6AD31A8SK826668,2025-06-01,,682,437168.76,2173.82,2025,NUEVO 
28068,3N6AD31A0RK860811,2025-06-01,,682,418746.90,2822.47,2024,FLOTILLA 
28069,3N6AD35A6SK819325,2025-06-01,,682,429187.74,3766.12,2025,FLOTILLA 
28070,3N6AD35A7SK817664,2025-06-01,,682,429187.74,3766.12,2025,FLOTILLA 
28071,3N6AD35A4SK817735,2025-06-01,,682,429187.74,3766.12,2025,FLOTILLA 
28072,3N6AD35A9SK824714,2025-06-01,,682,436301.08,1991.47,2025,NUEVO 
28073,3N6AD31A4SK825050,2025-06-01,,682,437168.76,3741.44,2025,NUEVO 
28074,3N6AD31A3SK813164,2025-05-01,1331,682,430036.02,4177.08,2025,NUEVO 
28075,3N6AD35A3SK807312,2025-05-01,2123,682,429167.75,880.36,2025,NUEVO 
28076,3N6AD35A5SK805268,2025-05-01,1681,682,429167.74,126.17,2025,NUEVO 
28077,3N6AD35A4SK805195,2025-05-01,1644,682,429167.74,4184.39,2025,NUEVO 
28078,3N6AD35A6RK865599,2025-05-01,1681,682,413537.75,274.54,2024,NUEVO 
28079,3N6AD31A6RK856536,2025-05-01,1681,682,418746.90,4233.30,2024,NUEVO 
28080,3N6AD31AXRK854787,2025-05-01,1681,682,418746.90,4233.30,2024,NUEVO 
28081,3N6AD31A3RK853044,2025-05-01,1681,682,418746.90,2926.34,2024,NUEVO 
28082,3N6AD31A9RK852724,2025-05-01,1681,682,418746.90,4319.84,2024,NUEVO 
28083,3N6AD31A8RK848227,2025-05-01,1681,682,418746.90,4266.44,2024,NUEVO 
28084,3N6AD31A4RK841131,2025-05-01,1331,682,414406.18,4192.98,2024,NUEVO 
28085,3N6AD35A3RK866435,2025-05-01,1681,682,419615.56,1548.38,2024,FLOTILLA 
28086,3N6AD31A1RK842480,2025-05-01,1331,682,414406.18,4192.98,2024,NUEVO 
28087,3N6AD35A1RK864702,2025-05-01,1681,682,404855.00,1522.25,2024,FLOTILLA 
28088,3N6AD35A9RK865452,2025-05-01,1681,682,404855.00,1522.25,2024,FLOTILLA 
28089,3N6AD35A3PK809598,2025-05-01,1681,682,287600.00,2455.62,2023,SEMINUEVOS 
28090,3N6AD35A2RK859380,2025-05-01,1681,682,419615.56,1052.77,2024,FLOTILLA 
28091,3N6CD35AXRK864528,2025-05-01,1681,682,439402.63,1142.45,2024,FLOTILLA 
28092,3N6AD35A3RK859016,2025-05-01,1681,682,404855.00,1052.62,2024,FLOTILLA 
28093,3N6AD35A2RK856124,2025-05-01,1681,682,413537.75,1078.87,2024,FLOTILLA 
28094,3N6AD35A8RK853440,2025-05-01,1681,682,413537.74,1078.87,2024,FLOTILLA 
28095,3N6AD35A9RK849638,2025-05-01,1681,682,413537.74,1078.87,2024,FLOTILLA 
28096,3N6AD35A6RK842436,2025-05-01,1681,682,409196.45,1522.55,2024,DEMO 
28097,3N6AD31A5RK860884,2025-06-01,,682,418746.90,465.74,2024,NUEVO 
28098,3N6AD31A1RK842480,2025-06-01,,682,414406.18,576.14,2024,NUEVO 
28099,3N6AD31A0RK860811,2025-06-01,,682,418746.90,582.17,2024,NUEVO 
28100,3N6AD35A1RK861301,2025-06-01,,682,413537.75,804.91,2024,FLOTILLA 
28101,3N6AD31A9RK860662,2025-06-01,,682,418746.90,349.30,2024,FLOTILLA 
28102,3N6AD31A5RK860884,2025-06-01,,682,418746.90,349.30,2024,FLOTILLA 
28103,3N6AD31A0RK860811,2025-06-01,,682,418746.90,232.87,2024,FLOTILLA 
28104,3N6AD35A0SK819921,2025-06-01,,682,429187.75,1790.07,2025,FLOTILLA 
28105,3N6AD35A8SK821013,2025-06-01,,682,429187.74,2643.80,2025,FLOTILLA 
28106,3N6AD35A6SK820202,2025-06-01,,682,429187.74,2643.80,2025,FLOTILLA 
28107,3N6AD31A1SK820632,2025-06-01,,682,430056.02,1204.16,2025,FLOTILLA 
28108,3N6AD35A2SK826384,2025-06-01,,682,436301.06,127.86,2025,NUEVO 
28109,3N6AD35A0SK823323,2025-06-01,,682,436301.06,127.86,2025,NUEVO 
28110,3N6AD35A1SK827767,2025-06-01,,682,436301.08,511.44,2025,NUEVO 
28111,3N6AD35A3SK827785,2025-06-01,,682,436301.08,511.44,2025,NUEVO 
28112,3N6AD35A5SK827027,2025-06-01,,682,436301.06,2169.51,2025,NUEVO 
28113,3N6AD31A8SK829263,2025-06-01,,682,437168.77,512.46,2025,NUEVO 
28114,3N6AD31A7SK826287,2025-06-01,,682,437168.76,895.10,2025,NUEVO 
28115,3N6AD31A3SK823709,2025-06-01,,682,437168.76,128.11,2025,NUEVO 
28116,3N6AD31A0SK829046,2025-06-01,,682,437168.77,896.80,2025,NUEVO 
28117,3N6AD31A4SK827073,2025-06-01,,682,437168.76,2173.82,2025,NUEVO 
28118,3N6AD31AXSK820886,2025-05-01,1681,682,437168.77,1046.29,2025,FLOTILLA 
28119,3N6AD31A3SK821006,2025-05-01,1681,682,437168.77,1046.29,2025,FLOTILLA 
28120,3N6AD35A7SK821617,2025-05-01,1681,682,429187.74,3180.28,2025,NUEVO 
28121,3N6AD35A9SK821439,2025-05-01,1681,682,429187.74,3791.87,2025,NUEVO 
28122,3N6AD35A8SK820492,2025-05-01,1331,682,429187.74,3791.87,2025,NUEVO 
28123,3N6AD35A6SK819325,2025-05-01,1283,682,429187.74,1714.13,2025,NUEVO 
28124,3N6AD31A7SK819260,2025-05-01,1681,682,430056.02,3803.25,2025,NUEVO 
28125,3N6AD35A0SK817683,2025-05-01,1681,682,429187.74,3980.36,2025,FLOTILLA 
28126,3N6AD31A1SK819108,2025-05-01,1681,682,430056.02,1470.79,2025,FLOTILLA 
28127,3N6AD35A2SK821198,2025-05-01,1681,682,429187.74,366.96,2025,FLOTILLA 
28128,3N6AD35A2SK820827,2025-05-01,1681,682,429187.74,244.64,2025,FLOTILLA 
28129,3N6AD31A1SK820632,2025-05-01,1283,682,430056.02,2328.75,2025,FLOTILLA 
28130,3N6AD35A3SK821596,2025-05-01,1681,682,429187.74,856.23,2025,FLOTILLA 
28131,3N6AD35A1SK821452,2025-05-01,1681,682,429187.74,122.32,2025,FLOTILLA 
28132,3N6AD35A2SK821220,2025-05-01,1681,682,429187.74,489.27,2025,FLOTILLA 
28133,3N6AD35A3SK818990,2025-05-01,2128,682,429187.75,3795.57,2025,NUEVO 
28134,3N6AD35A7SK817664,2025-05-01,1283,682,429187.74,1714.13,2025,NUEVO 
28135,3N6AD35A4SK817735,2025-05-01,1283,682,429187.74,1714.13,2025,NUEVO 
28136,3N6AD31A2SK818355,2025-05-01,1681,682,430056.02,3803.25,2025,NUEVO 
28137,3N6AD31A9RK860662,2025-05-01,1331,682,418746.90,2389.18,2024,FLOTILLA 
28138,3N6AD31A5RK860884,2025-05-01,1331,682,418746.90,2389.18,2024,FLOTILLA 
28139,3N6AD31A0RK860811,2025-05-01,1331,682,418746.90,2389.18,2024,FLOTILLA 
28140,3N6CD35A6SK821567,2025-05-01,2110,682,454679.00,1167.39,2025,FLOTILLA 
28141,3N6AD35AXSK825161,2025-05-01,1283,682,436301.06,127.86,2025,FLOTILLA 
28142,3N6AD35A1RK861301,2025-05-01,1331,682,413537.75,1090.71,2024,FLOTILLA 
28143,3N6AD31A9RK860662,2025-05-01,1331,682,418746.90,1349.88,2024,FLOTILLA 
28144,3N6AD31A5RK860884,2025-05-01,1331,682,418746.90,1349.88,2024,FLOTILLA 
28145,3N6AD31A0RK860811,2025-05-01,1331,682,418746.90,1349.88,2024,FLOTILLA 
28146,3N6AD35A6SK819325,2025-05-01,1283,682,429187.74,2134.14,2025,FLOTILLA 
28147,3N6AD35A7SK817664,2025-05-01,1283,682,429187.74,2134.14,2025,FLOTILLA 
28148,3N6AD35A4SK817735,2025-05-01,1283,682,429187.74,2134.14,2025,FLOTILLA 
28149,3N6AD35A9SK824616,2025-05-01,2109,682,436301.08,373.40,2025,NUEVO 
28150,3N6AD35A9SK824714,2025-05-01,1681,682,436301.08,497.87,2025,NUEVO 
28151,3N6AD31A4SK825050,2025-05-01,1331,682,437168.76,124.71,2025,NUEVO 
28152,3N6AD35A8PK832066,2025-05-01,2133,682,321400.00,282.03,2023,SEMINUEVOS 
28153,3N6AD33A2LK849958,2025-05-01,2092,682,267000.00,1561.95,2020,SEMINUEVOS 
28154,3N6CD35AXRK832503,2025-05-01,2082,682,435164.58,509.14,2024,FLOTILLA 
28155,3N6AD35A5SK819445,2025-05-01,2113,682,429187.75,2008.60,2025,FLOTILLA 
28156,3N6CD35AXRK832503,2025-05-01,2082,682,435164.58,124.14,2024,NUEVO 
28157,3N6AD35A1RK861301,2025-05-01,1331,682,413537.75,2595.41,2024,FLOTILLA 
28158,JN6BE6CS1M9062063,2025-06-01,,683,352000.00,401.67,2021,SEMINUEVOS 
28159,JN6BE6CSXN9067392,2025-06-01,,683,378400.00,755.64,2022,SEMINUEVOS 
28160,JN6BE6CS4N9067436,2025-06-01,,683,378400.00,2590.78,2022,SEMINUEVOS 
28161,JN6BE6CS7L9060476,2025-06-01,,683,329500.00,1215.86,2020,SEMINUEVOS 
28162,JN6BE6CS5N9067347,2025-06-01,,683,380200.00,2630.51,2022,SEMINUEVOS 
28163,JN6BE6CS4L9060211,2025-06-01,,683,329500.00,2279.73,2020,SEMINUEVOS 
28164,JN1BE6DS9L9036099,2025-06-01,,683,332300.00,208.43,2020,SEMINUEVOS 
28165,JN6BE6CS1M9062063,2025-05-01,1681,683,352000.00,3112.95,2021,SEMINUEVOS 
28166,JN6BE6CSXN9067392,2025-05-01,1681,683,378400.00,3346.42,2022,SEMINUEVOS 
28167,JN6BE6CS4N9067436,2025-05-01,1681,683,378400.00,3346.42,2022,SEMINUEVOS 
28168,JN1BE6DS3L9036664,2025-05-01,1681,683,389800.00,2112.82,2020,SEMINUEVOS 
28169,JN6BE6CS7L9060476,2025-05-01,1385,683,329500.00,3090.30,2020,SEMINUEVOS 
28170,JN6BE6CS5N9067347,2025-05-01,1889,683,380200.00,3565.80,2022,SEMINUEVOS 
28171,JN6BE6CS4L9060211,2025-05-01,1941,683,329500.00,3090.30,2020,SEMINUEVOS 
28172,JN1BE6DS9L9036099,2025-05-01,1681,683,332300.00,2292.69,2020,SEMINUEVOS 
28173,JN1BE6DS4N9043142,2025-05-01,1681,683,380400.00,2061.87,2022,SEMINUEVOS 
28174,3G1MA5E29NL132389,2025-06-01,,684,167000.00,428.77,2022,SEMINUEVOS 
28175,LSGEN53A7PD033108,2025-06-01,,684,197500.00,510.54,2023,SEMINUEVOS 
28176,LSGEN53A9PD033093,2025-06-01,,684,197500.00,510.54,2023,SEMINUEVOS 
28177,3G1MA5E29NL132389,2025-05-01,2145,684,167000.00,1476.88,2022,SEMINUEVOS 
28178,LSGEN53A7PD033108,2025-05-01,1681,684,197500.00,1655.38,2023,SEMINUEVOS 
28179,LSGEN53A9PD033093,2025-05-01,1681,684,197500.00,1655.38,2023,SEMINUEVOS 
28180,LSGEN53A5PD075924,2025-06-01,,684,188600.00,419.53,2023,SEMINUEVOS 
28181,3G1MA5E25ML117449,2025-06-01,,684,151100.00,169.23,2021,SEMINUEVOS 
28182,5N1AR2MM1JC668100,2025-06-01,,686,305600.00,365.70,2018,SEMINUEVOS 
28183,5N1AR2MM1JC668100,2025-05-01,1681,686,305600.00,2834.19,2018,SEMINUEVOS 
28184,RN71629220250523,2025-06-01,,691,144568.67,49.39,2025,REFACC 
28185,RN70691320250509,2025-06-01,,691,97531.99,66.54,2025,REFACC 
28186,RN70691220250509,2025-06-01,,691,117534.61,80.18,2025,REFACC 
28187,RN70656320250509,2025-06-01,,691,2797.60,1.91,2025,REFACC 
28188,RN70689620250509,2025-06-01,,691,638.97,0.44,2025,REFACC 
28189,RN70690320250509,2025-06-01,,691,796.82,0.54,2025,REFACC 
28190,RN70717020250509,2025-06-01,,691,11571.80,7.89,2025,REFACC 
28191,RN70733820250509,2025-06-01,,691,732.77,0.50,2025,REFACC 
28192,RN70689820250509,2025-06-01,,691,34168.99,23.31,2025,REFACC 
28193,RN70689720250509,2025-06-01,,691,5386.05,3.67,2025,REFACC 
28194,RN70717220250509,2025-06-01,,691,10831.65,7.39,2025,REFACC 
28195,RN70690420250509,2025-06-01,,691,2661.20,1.82,2025,REFACC 
28196,RN70640920250508,2025-06-01,,691,3303.03,3.38,2025,REFACC 
28197,RN70620620250508,2025-06-01,,691,285793.82,292.46,2025,REFACC 
28198,RN70620720250508,2025-06-01,,691,20028.98,20.50,2025,REFACC 
28199,RN70620920250508,2025-06-01,,691,33784.48,34.57,2025,REFACC 
28200,RN70620820250508,2025-06-01,,691,414.17,0.42,2025,REFACC 
28201,RN70632620250508,2025-06-01,,691,1168.75,1.20,2025,REFACC 
28202,RN70480320250506,2025-06-01,,691,2226.99,0.76,2025,REFACC 
28203,RN70314020250502,2025-06-01,,691,153510.95,52.36,2025,REFACC 
28204,RN70313920250502,2025-06-01,,691,170565.45,58.18,2025,REFACC 
28205,RN70313820250502,2025-06-01,,691,34455.43,11.75,2025,REFACC 
28206,RN70315920250502,2025-06-01,,691,21786.44,7.43,2025,REFACC 
28207,RN70315820250502,2025-06-01,,691,9926.22,3.39,2025,REFACC 
28208,RN73404420250619,2025-06-01,,691,8891.40,31.95,2025,REFACC 
28209,RN73395720250619,2025-06-01,,691,75252.82,270.41,2025,REFACC 
28210,RN73395620250619,2025-06-01,,691,3546.50,12.74,2025,REFACC 
28211,RN73400320250619,2025-06-01,,691,14780.26,53.11,2025,REFACC 
28212,RN73395320250619,2025-06-01,,691,70700.87,254.05,2025,REFACC 
28213,RN73396320250619,2025-06-01,,691,4334.18,15.57,2025,REFACC 
28214,RN69165920250411,2025-05-01,1681,691,68557.39,48.64,2025,REFACC 
28215,RN68733820250404,2025-05-01,1681,691,3919.95,1.39,2025,REFACC 
28216,RN68719720250404,2025-05-01,1681,691,142598.41,50.58,2025,REFACC 
28217,RN68719620250404,2025-05-01,1681,691,20744.08,7.36,2025,REFACC 
28218,RN68719820250404,2025-05-01,1681,691,219.80,0.08,2025,REFACC 
28219,RN68665520250403,2025-05-01,1681,691,282145.48,200.17,2025,REFACC 
28220,RN69445320250416,2025-05-01,1681,691,1811062.03,8024.51,2025,REFACC 
28221,RN69445420250416,2025-05-01,1681,691,823.84,0.84,2025,REFACC 
28222,RN69337120250415,2025-05-01,1681,691,354549.16,125.77,2025,REFACC 
28223,3KPA34AC1NE480799,2025-06-01,,693,197400.00,219.55,2022,SEMINUEVOS 
28224,3N1AB8AE7SY326798,2025-06-01,,694,426000.21,3823.35,2025,NUEVO 
28225,3N1AB8AE1SY326750,2025-06-01,,694,426000.21,349.52,2025,NUEVO 
28226,3N1AB8AE3SY325650,2025-06-01,,694,372953.41,3347.26,2025,NUEVO 
28227,3N1AB8AE1SY319099,2025-06-01,,694,401075.66,3429.20,2025,NUEVO 
28228,3N1AB8AE6SY318448,2025-06-01,,694,419856.06,3589.77,2025,NUEVO 
28229,3N1AB8AE5SY318361,2025-06-01,,694,401075.66,3429.20,2025,NUEVO 
28230,3N1AB8AE6SY318577,2025-06-01,,694,419856.06,1955.18,2025,NUEVO 
28231,3N1AB8AE9MY277252,2025-06-01,,694,230600.00,2069.64,2021,SEMINUEVOS 
28232,3N1AB8AE8RY337674,2025-06-01,,694,361200.00,3241.77,2024,SEMINUEVOS 
28233,3N1AB8AE7SY314490,2025-06-01,,694,419856.06,134.61,2025,NUEVO 
28234,3N1AB8AE2SY313263,2025-06-01,,694,419856.06,3589.77,2025,NUEVO 
28235,3N1AB8AE9SY312983,2025-06-01,,694,401075.66,3432.54,2025,NUEVO 
28236,3N1AB8AE2SY310055,2025-06-01,,694,385709.14,1648.91,2025,FLOTILLA 
28237,3N1AB8AE4RY269714,2025-06-01,,694,272500.00,2096.89,2024,SEMINUEVOS 
28238,3N1AB8AE8RY328375,2025-06-01,,694,303500.00,2486.80,2024,SEMINUEVOS 
28239,3N1AB8AE1PY202369,2025-06-01,,694,280800.00,2200.77,2023,SEMINUEVOS 
28240,3N1AB8AE2PY213395,2025-06-01,,694,310000.00,1921.61,2023,SEMINUEVOS 
28241,3N1AB8AE4PY213205,2025-06-01,,694,271600.00,431.12,2023,SEMINUEVOS 
28242,3N1AB8AE3SY303499,2025-06-01,,694,401055.66,3699.74,2025,NUEVO 
28243,3N1AB8AE8SY302297,2025-06-01,,694,401055.66,3699.74,2025,NUEVO 
28244,3N1AB8AE5NY223187,2025-06-01,,694,258200.00,1456.25,2022,SEMINUEVOS 
28245,3N1AB8AE7SY281426,2025-06-01,,694,401055.66,3773.27,2025,NUEVO 
28246,3N1AB8AE2SY250097,2025-06-01,,694,477832.58,4184.41,2025,NUEVO 
28247,3N1AB8AE8SY246054,2025-06-01,,694,477832.58,4123.96,2025,DEMO 
28248,3N1AB8AE8SY239234,2025-06-01,,694,477832.58,4123.96,2025,DEMO 
28249,3N1AB7AD7JL674937,2025-06-01,,694,141100.00,387.13,2018,SEMINUEVOS 
28250,3N1AB8AE4SY340769,2025-06-01,,694,372953.41,1639.44,2025,FLOTILLA 
28251,3N1AB8AE7SY274346,2025-06-01,,694,416170.46,1829.42,2025,FLOTILLA 
28252,3N1AB8AE4SY269640,2025-06-01,,694,382024.70,1679.32,2025,FLOTILLA 
28253,3N1AB8AE3RY235375,2025-06-01,,694,363100.00,2655.17,2024,SEMINUEVOS 
28254,3N1AB8AE1SY319605,2025-06-01,,694,391853.29,2235.74,2025,NUEVO 
28255,3N1AB8AE0SY307557,2025-06-01,,694,391853.29,2347.53,2025,NUEVO 
28256,3N1AB8AE8SY331377,2025-06-01,,694,391853.28,1604.64,2025,NUEVO 
28257,3N1AB8AE2PY234845,2025-06-01,,694,269900.00,2309.89,2023,SEMINUEVOS 
28258,3N1AB8AE3SY303499,2025-05-01,1681,694,401055.66,3823.06,2025,NUEVO 
28259,3N1AB8AE8SY302297,2025-05-01,1331,694,401055.66,3823.06,2025,NUEVO 
28260,3N1AB8AE5NY223187,2025-05-01,1681,694,258200.00,2204.60,2022,SEMINUEVOS 
28261,3N1AB8AEXPY213094,2025-05-01,2124,694,284200.00,1099.71,2023,SEMINUEVOS 
28262,3N1AB8AE7SY281426,2025-05-01,1331,694,401055.66,3899.04,2025,NUEVO 
28263,3N1AB8AE6SY285001,2025-05-01,2117,694,401055.66,1803.56,2025,NUEVO 
28264,3N1AB8AE1SY269045,2025-05-01,1681,694,382024.70,2510.16,2025,NUEVO 
28265,3N1AB8AE2SY262038,2025-05-01,1681,694,382024.70,3476.42,2025,NUEVO 
28266,3N1AB8AE2SY267966,2025-05-01,1681,694,397390.06,1162.37,2025,NUEVO 
28267,3N1AB8AE9SY244202,2025-05-01,1681,694,382024.70,3476.42,2025,NUEVO 
28268,3N1AB8AE2SY250097,2025-05-01,1938,694,477832.58,4323.89,2025,NUEVO 
28269,3N1AB8AE4SY267614,2025-05-01,1681,694,382024.70,3550.71,2025,NUEVO 
28270,3N1AB8AE8SY246054,2025-05-01,1681,694,477832.58,1602.00,2025,DEMO 
28271,3N1AB8AE8SY239234,2025-05-01,1524,694,477832.58,1617.86,2025,DEMO 
28272,3N1AB8AE1RY394332,2025-05-01,1681,694,393122.42,220.63,2024,DEMO 
28273,3N1AB8AE7SY274346,2025-06-01,,694,416170.46,1735.78,2025,FLOTILLA 
28274,3N1AB8AE4SY269640,2025-06-01,,694,382024.70,1593.36,2025,FLOTILLA 
28275,3N1AB8AE2SY310055,2025-06-01,,694,385709.14,536.24,2025,FLOTILLA 
28276,3N1AB8AE6SY318448,2025-05-01,1331,694,419856.06,1794.88,2025,NUEVO 
28277,3N1AB8AE5SY318361,2025-05-01,1681,694,401075.66,2057.52,2025,NUEVO 
28278,3N1AB8AE6SY318577,2025-05-01,1681,694,419856.06,1794.88,2025,NUEVO 
28279,3N1AB8AEXSY297541,2025-05-01,1290,694,466504.02,3209.94,2025,FLOTILLA 
28280,3N1AB8AE9MY277252,2025-05-01,1385,694,230600.00,2138.62,2021,SEMINUEVOS 
28281,3N1AB8AE8RY337674,2025-05-01,1385,694,361200.00,3349.83,2024,SEMINUEVOS 
28282,3N1AB8AE7SY314490,2025-05-01,1681,694,419856.06,2340.83,2025,NUEVO 
28283,3N1AB8AE2SY313263,2025-05-01,1331,694,419856.06,2752.16,2025,NUEVO 
28284,3N1AB8AE9SY312983,2025-05-01,1331,694,401075.66,3546.96,2025,NUEVO 
28285,3N1AB8AE3SY314390,2025-05-01,1283,694,366721.10,767.98,2025,FLOTILLA 
28286,3N1AB8AE0SY296611,2025-05-01,1283,694,366701.10,3071.73,2025,FLOTILLA 
28287,3N1AB8AE2SY310055,2025-05-01,1283,694,385709.14,3407.74,2025,FLOTILLA 
28288,3N1AB8AE4RY269714,2025-05-01,1681,694,272500.00,2407.54,2024,SEMINUEVOS 
28289,3N1AB8AEXNY280453,2025-05-01,1681,694,257600.00,663.36,2022,SEMINUEVOS 
28290,3N1AB8AE8RY328375,2025-05-01,1524,694,303500.00,2681.42,2024,SEMINUEVOS 
28291,3N1AB8AE1PY202369,2025-05-01,1681,694,280800.00,2480.87,2023,SEMINUEVOS 
28292,3N1AB8AE2PY213395,2025-05-01,1385,694,310000.00,2738.85,2023,SEMINUEVOS 
28293,3N1AB8AE4PY213205,2025-05-01,2135,694,271600.00,2399.59,2023,SEMINUEVOS 
28294,3N1AB8AEXSY314449,2025-05-01,1681,694,419856.06,958.20,2025,FLOTILLA 
28295,3N1AB8AE7SY274346,2025-05-01,1290,694,416170.46,1780.86,2025,FLOTILLA 
28296,3N1AB8AE4SY269640,2025-05-01,1290,694,382024.70,1634.75,2025,FLOTILLA 
28297,3N1AB8AE6SY327943,2025-05-01,1681,694,391853.29,351.69,2025,NUEVO 
28298,3N1AB8AE7SY326798,2025-05-01,1331,694,426000.21,637.23,2025,NUEVO 
28299,3N1AB8AE1SY326750,2025-05-01,1681,694,426000.21,764.67,2025,NUEVO 
28300,3N1AB8AE3SY325650,2025-05-01,1331,694,372953.41,557.88,2025,NUEVO 
28301,3N1AB8AE1SY319099,2025-05-01,1331,694,401075.66,1028.76,2025,NUEVO 
28302,3N1AB7AD7JL674937,2025-05-01,1681,694,141100.00,413.50,2018,SEMINUEVOS 
28303,3N1AB8AE7SY274346,2025-05-01,1290,694,416170.46,1951.38,2025,FLOTILLA 
28304,3N1AB8AE4SY269640,2025-05-01,1290,694,382024.70,1791.27,2025,FLOTILLA 
28305,3N1AB8AE3RY235375,2025-05-01,1385,694,363100.00,1699.31,2024,SEMINUEVOS 
28306,3N1AB8AE3SY314390,2025-05-01,1283,694,366721.10,1501.72,2025,FLOTILLA 
28307,3N1AB8AE2PY234845,2025-05-01,1681,694,269900.00,2155.90,2023,SEMINUEVOS 
28308,9FB5R2VD1PM318721,2025-05-01,1313,697,228300.00,246.91,2023,SEMINUEVOS 
28309,9FB5R2VD4PM475384,2025-06-01,,697,207300.00,1160.88,2023,SEMINUEVOS 
28310,JN6BE6CS2N9066821,2025-06-01,,701,380400.00,3255.59,2022,SEMINUEVOS 
28311,JN6BE6CSXS9121186,2025-06-01,,701,527756.73,451.67,2025,NUEVO 
28312,JN1BE6DS0R9105397,2025-06-01,,701,664744.87,6503.42,2024,NUEVO 
28313,JN1BE6DS9L9036409,2025-06-01,,701,388700.00,3410.84,2020,SEMINUEVOS 
28314,JN1BE6DS7L9036196,2025-06-01,,701,388700.00,3410.84,2020,SEMINUEVOS 
28315,JN1BE6DS0R9105397,2025-05-01,1681,701,664744.87,6720.20,2024,NUEVO 
28316,JN6BE6CSXR9100512,2025-05-01,1681,701,521032.30,1354.68,2024,FLOTILLA 
28317,JN6BE6CS5R9100840,2025-05-01,1681,701,521032.30,1185.35,2024,FLOTILLA 
28318,JN6BE6CS7L9060218,2025-06-01,,701,324100.00,1171.53,2020,SEMINUEVOS 
28319,JN6BE6CS5L9060363,2025-06-01,,701,324100.00,1171.53,2020,SEMINUEVOS 
28320,JN6BE6CS1N9067345,2025-06-01,,701,376400.00,1360.58,2022,SEMINUEVOS 
28321,JN6BE6CSXS9121186,2025-05-01,1681,701,527756.73,4065.05,2025,NUEVO 
28322,JN6BE6CSXS9121771,2025-05-01,1681,701,527756.73,752.79,2025,NUEVO 
28323,JN6BE6CS9S9121518,2025-05-01,1681,701,527756.73,451.67,2025,NUEVO 
28324,JN6BE6CS5S9120740,2025-05-01,1681,701,527756.73,1203.29,2025,NUEVO 
28325,JN6BE6CS3S9121823,2025-05-01,1681,701,529432.89,2263.33,2025,NUEVO 
28326,JN6BE6CS0S9121780,2025-05-01,1681,701,529432.89,603.55,2025,NUEVO 
28327,JN6BE6CS5S9120527,2025-05-01,1681,701,527756.73,752.79,2025,NUEVO 
28328,JN6BE6CS7S9121274,2025-05-01,2143,701,527756.73,3011.15,2025,NUEVO 
28329,JN6BE6CS8S9121512,2025-05-01,1681,701,527756.73,2107.80,2025,NUEVO 
28330,JN6BE6CS8S9121493,2025-05-01,2141,701,527756.73,1364.55,2025,NUEVO 
28331,JN6BE6CS7S9121520,2025-05-01,1681,701,527756.73,752.79,2025,NUEVO 
28332,JN6BE6CS3S9120798,2025-05-01,1681,701,527756.73,752.79,2025,NUEVO 
28333,JN6BE6CS3S9120784,2025-05-01,1681,701,527756.73,752.79,2025,NUEVO 
28334,JN6BE6CS5S9121290,2025-05-01,2109,701,529432.89,755.18,2025,NUEVO 
28335,JN6BE6CS2N9066821,2025-05-01,1681,701,380400.00,3364.11,2022,SEMINUEVOS 
28336,JN6BE6CS5S9121810,2025-05-01,2150,701,527756.73,1955.34,2025,NUEVO 
28337,JN6BE6CSXS9121799,2025-05-01,2151,701,527756.73,2256.16,2025,NUEVO 
28338,JN1BE6DS1L9037084,2025-05-01,1681,701,388700.00,568.47,2020,SEMINUEVOS 
28339,JN1BE6DS9L9036409,2025-05-01,1681,701,388700.00,1932.81,2020,SEMINUEVOS 
28340,JN1BE6DS7L9036196,2025-05-01,1681,701,388700.00,1932.81,2020,SEMINUEVOS 
28341,JN1BE6DS5M9040667,2025-05-01,1681,701,424000.00,362.87,2021,SEMINUEVOS 
28342,JN6BE6CS0S9122170,2025-05-01,1681,701,527756.73,150.56,2025,NUEVO 
28343,3N1CN7AE1SK395046,2025-06-01,,702,272894.50,311.10,2025,NUEVO 
28344,3N1CN7AE8SK394881,2025-06-01,,702,272894.50,2333.25,2025,NUEVO 
28345,3N1CN7AE4SK399155,2025-06-01,,702,273956.68,54.41,2025,NUEVO 
28346,3N1CN7AE6SK399142,2025-06-01,,702,273956.68,963.41,2025,NUEVO 
28347,3N1CN7AE9SK399166,2025-06-01,,702,273956.68,722.56,2025,NUEVO 
28348,3N1CN7AE9SK399099,2025-06-01,,702,273956.69,1043.70,2025,NUEVO 
28349,3N1CN7AEXSK398642,2025-06-01,,702,273956.68,1165.34,2025,NUEVO 
28350,3N1CN7AE5SK398046,2025-06-01,,702,273956.68,1522.51,2025,NUEVO 
28351,3N1CN7AE9SK397983,2025-06-01,,702,273956.68,1522.51,2025,NUEVO 
28352,3N1CN7AEXSK397717,2025-06-01,,702,273956.68,1522.51,2025,NUEVO 
28353,3N1CN7AE0SK399184,2025-06-01,,702,273956.69,722.56,2025,NUEVO 
28354,3N1CN7AE1SK399064,2025-06-01,,702,273956.69,1043.70,2025,NUEVO 
28355,3N1CN7AE0SK397838,2025-06-01,,702,273956.68,1522.51,2025,NUEVO 
28356,3N1CN7AE1SK397914,2025-06-01,,702,273956.68,1522.51,2025,NUEVO 
28357,3N1CN7AE4RK398081,2025-06-01,,702,264820.62,698.46,2024,FLOTILLA 
28358,3N1CN7AE2SK398327,2025-06-01,,702,273956.68,1602.65,2025,NUEVO 
28359,3N1CN7AE1RK399558,2025-06-01,,702,198900.00,349.07,2024,SEMINUEVOS 
28360,3N1CN7AE5SK396927,2025-06-01,,702,273956.68,312.62,2025,NUEVO 
28361,3N1CN7AE0SK397449,2025-06-01,,702,273956.68,2403.97,2025,NUEVO 
28362,3N1CN7AE9SK392038,2025-05-01,1681,702,272874.50,700.61,2025,FLOTILLA 
28363,3N1CN7AE9SK392041,2025-05-01,1681,702,272874.50,700.61,2025,FLOTILLA 
28364,3N1CN7AE3RK412343,2025-05-01,1681,702,272874.50,598.50,2024,FLOTILLA 
28365,3N1CN7AE8RK409549,2025-05-01,1681,702,268400.38,756.89,2024,FLOTILLA 
28366,3N1CN7AE6RK408299,2025-05-01,1681,702,268400.38,756.89,2024,FLOTILLA 
28367,3N1CN7AEXRK413649,2025-05-01,1681,702,272874.50,769.51,2024,FLOTILLA 
28368,3N1CN7AE2RK413547,2025-05-01,1681,702,272874.50,684.01,2024,FLOTILLA 
28369,3N1CN7AE0RK413367,2025-05-01,1681,702,272874.50,684.01,2024,FLOTILLA 
28370,3N1CN7AE1RK409652,2025-05-01,1681,702,268400.38,672.79,2024,FLOTILLA 
28371,3N1CN7AE9RK407745,2025-05-01,1681,702,268400.38,756.89,2024,FLOTILLA 
28372,3N1CN7AE5RK413168,2025-05-01,1681,702,272874.50,513.46,2024,FLOTILLA 
28373,3N1CN7AE1RK399558,2025-05-01,1524,702,264820.62,311.16,2024,DEMO 
28374,3N1CN7AE0SK399119,2025-06-01,,702,272800.00,75.85,2025,SEMINUEVOS 
28375,3N1CN7AE1SK395046,2025-06-01,,702,272800.00,75.85,2025,SEMINUEVOS 
28376,3N1CN7AEXRL704792,2025-06-01,,702,198300.00,832.86,2024,SEMINUEVOS 
28377,3N1CN7AE4SK399110,2025-06-01,,702,273956.68,80.28,2025,NUEVO 
28378,3N1CN7AE8SK399093,2025-06-01,,702,273956.69,963.41,2025,NUEVO 
28379,3N1CN7AE6SK399271,2025-06-01,,702,273956.69,722.56,2025,NUEVO 
28380,3N1CN7AE6SK395060,2025-05-01,1681,702,272894.50,1711.05,2025,NUEVO 
28381,3N1CN7AE1SK395046,2025-05-01,1681,702,272894.50,2411.02,2025,NUEVO 
28382,3N1CN7AE4SK394845,2025-05-01,1681,702,272894.50,1399.95,2025,NUEVO 
28383,3N1CN7AE8SK394881,2025-05-01,1970,702,272894.50,2411.02,2025,NUEVO 
28384,3N1CN7AE3SK393606,2025-05-01,1681,702,272894.50,622.20,2025,FLOTILLA 
28385,3N1CN7AE0SK393630,2025-05-01,1681,702,272894.50,622.81,2025,FLOTILLA 
28386,3N1CN7AEXSK393635,2025-05-01,1681,702,272894.50,934.21,2025,FLOTILLA 
28387,3N1CN7AE6SK393664,2025-05-01,1681,702,272894.50,700.66,2025,FLOTILLA 
28388,3N1CN7AE4SK393646,2025-05-01,1681,702,272894.50,700.66,2025,FLOTILLA 
28389,3N1CN7AE4SK393663,2025-05-01,1681,702,272894.50,700.66,2025,FLOTILLA 
28390,3N1CN7AE5SK393610,2025-05-01,1681,702,272894.50,700.66,2025,FLOTILLA 
28391,3N1CN7AE4RK398081,2025-05-01,1524,702,264820.62,465.64,2024,FLOTILLA 
28392,3N1CN7AE1RK399558,2025-05-01,1524,702,198900.00,930.85,2024,SEMINUEVOS 
28393,3N1CN7AE5SK396927,2025-05-01,1681,702,273956.68,78.15,2025,NUEVO 
28394,3N1CN7AE4SK391606,2025-05-01,1681,702,272874.50,1676.13,2025,FLOTILLA 
28395,3N1CN7AE4RK398081,2025-05-01,1524,702,264820.62,1888.69,2024,FLOTILLA 
28396,MEX5N2603NT036966,2025-05-01,1681,703,181200.00,390.03,2022,SEMINUEVOS 
28397,3N1CN8AE2SK612786,2025-06-01,,704,343766.65,1961.38,2025,FLOTILLA 
28398,3N1CN8AE6SK609910,2025-06-01,,704,328550.93,1670.96,2025,FLOTILLA 
28399,3N1CN8AE7SK610001,2025-06-01,,704,328550.93,1670.96,2025,FLOTILLA 
28400,3N1CN8AE6SK609969,2025-06-01,,704,328550.93,1670.96,2025,FLOTILLA 
28401,3N1CN8AE5SK609977,2025-06-01,,704,328550.93,1670.96,2025,FLOTILLA 
28402,3N1CN8AE5SK609994,2025-06-01,,704,328550.93,1670.96,2025,FLOTILLA 
28403,3N1CN8AE7SK603159,2025-06-01,,704,369485.38,1579.55,2025,FLOTILLA 
28404,3N1CN8AE4SK609971,2025-06-01,,704,328550.93,2260.70,2025,FLOTILLA 
28405,3N1CN8AE3SK610027,2025-06-01,,704,328550.93,1965.83,2025,FLOTILLA 
28406,3N1CN8AE0SK610003,2025-06-01,,704,328550.93,2260.70,2025,FLOTILLA 
28407,3N1CN8AE3SK609928,2025-06-01,,704,328550.93,1670.96,2025,FLOTILLA 
28408,3N1CN8AE0SK609904,2025-06-01,,704,328550.93,1670.96,2025,FLOTILLA 
28409,3N1CN8AE2SK609970,2025-06-01,,704,328550.93,1670.96,2025,FLOTILLA 
28410,3N1CN8AE3SK609976,2025-06-01,,704,328550.93,1670.96,2025,FLOTILLA 
28411,3N1CN8AE1SK610009,2025-06-01,,704,328550.93,1670.96,2025,FLOTILLA 
28412,3N1CN8AE1SK610026,2025-06-01,,704,328550.92,2811.85,2025,FLOTILLA 
28413,3N1CN8AE4SK610635,2025-06-01,,704,328550.93,1277.79,2025,NUEVO 
28414,3N1CN8AE1SL852275,2025-06-01,,704,391773.25,3516.16,2025,NUEVO 
28415,3N1CN8AE8SK607706,2025-06-01,,704,336440.46,1919.58,2025,FLOTILLA 
28416,3N1CN8AE6SK607364,2025-06-01,,704,336440.46,1919.58,2025,FLOTILLA 
28417,3N1CN8AE2SK598212,2025-06-01,,704,336420.46,1919.47,2025,FLOTILLA 
28418,3N1CN8AEXSK610235,2025-06-01,,704,361666.61,3245.96,2025,NUEVO 
28419,3N1CN8AE8SK610296,2025-06-01,,704,328550.93,2948.74,2025,NUEVO 
28420,3N1CN8AE9SK610095,2025-06-01,,704,376740.81,3381.25,2025,NUEVO 
28421,3N1CN8AE9SL851827,2025-06-01,,704,398592.10,3407.96,2025,NUEVO 
28422,3N1CN8AE4SK610165,2025-06-01,,704,391773.25,3516.16,2025,NUEVO 
28423,3N1CN8AE2SK609242,2025-06-01,,704,321224.74,2746.47,2025,NUEVO 
28424,3N1CN8AE3SK610755,2025-06-01,,704,343766.64,2468.24,2025,FLOTILLA 
28425,3N1CN8AE0SK609918,2025-06-01,,704,328550.93,2260.70,2025,FLOTILLA 
28426,3N1CN8AE1SK610186,2025-06-01,,704,328550.93,2260.70,2025,FLOTILLA 
28427,3N1CN8AE2SK610195,2025-06-01,,704,328550.93,2260.70,2025,FLOTILLA 
28428,3N1CN8AE6SK610068,2025-06-01,,704,328550.93,2260.70,2025,FLOTILLA 
28429,3N1CN8AE9SK610002,2025-06-01,,704,328550.93,2260.70,2025,FLOTILLA 
28430,3N1CN8AE1SK610169,2025-06-01,,704,328550.93,2260.70,2025,FLOTILLA 
28431,3N1CN8AEXSK607772,2025-06-01,,704,321224.74,366.20,2025,NUEVO 
28432,3N1CN8AE8SK609102,2025-06-01,,704,321224.74,2746.47,2025,NUEVO 
28433,3N1CN8AE8SK608869,2025-06-01,,704,321224.74,2746.47,2025,NUEVO 
28434,3N1CN8AE8SK608175,2025-06-01,,704,355235.94,2581.31,2025,NUEVO 
28435,3N1CN8AE8SL850622,2025-06-01,,704,398592.10,3407.96,2025,NUEVO 
28436,3N1CN8AE9SK608704,2025-06-01,,704,384550.30,3287.91,2025,NUEVO 
28437,3N1CN8AE8SK608029,2025-06-01,,704,321224.74,2746.47,2025,NUEVO 
28438,3N1CN8AE9SK606659,2025-06-01,,704,355235.94,1797.63,2025,NUEVO 
28439,3N1CN8AE7SK607020,2025-06-01,,704,336440.46,2876.57,2025,NUEVO 
28440,3N1CN8AE4SK607198,2025-06-01,,704,336440.46,360.80,2025,NUEVO 
28441,3N1CN8AE5SK607680,2025-06-01,,704,336440.46,1782.85,2025,NUEVO 
28442,3N1CN8AE6SK607753,2025-06-01,,704,384550.30,3287.91,2025,NUEVO 
28443,3N1CN8AE6SK607428,2025-06-01,,704,336440.46,2876.57,2025,NUEVO 
28444,3N1CN8AE4SK607007,2025-06-01,,704,355235.94,3037.27,2025,NUEVO 
28445,3N1CN8AE5SK606707,2025-06-01,,704,321224.74,2746.47,2025,NUEVO 
28446,3N1CN8AE7SK606790,2025-06-01,,704,336440.46,2876.57,2025,NUEVO 
28447,3N1CN8AE5SK604276,2025-06-01,,704,336440.46,2876.57,2025,NUEVO 
28448,3N1CN8AE1SK608857,2025-06-01,,704,321224.74,198.34,2025,NUEVO 
28449,3N1CN8AE1SK608891,2025-06-01,,704,355235.94,3037.27,2025,NUEVO 
28450,3N1CN8AE2SL850552,2025-06-01,,704,398592.10,3407.96,2025,NUEVO 
28451,3N1CN8AE1SL849974,2025-06-01,,704,384550.30,3287.91,2025,NUEVO 
28452,3N1CN8AE4SK605287,2025-06-01,,704,384550.30,2112.55,2025,NUEVO 
28453,3N1CN8AE0SK608820,2025-06-01,,704,321224.74,2746.47,2025,NUEVO 
28454,3N1CN8AE0SK608784,2025-06-01,,704,369485.38,3159.10,2025,NUEVO 
28455,3N1CN8AE0SK608848,2025-06-01,,704,321224.74,2746.47,2025,NUEVO 
28456,3N1CN8AE1SK606557,2025-06-01,,704,336440.46,153.00,2025,NUEVO 
28457,3N1CN8AE0SK603178,2025-06-01,,704,369485.38,1579.55,2025,FLOTILLA 
28458,3N1CN8AE3SK604003,2025-06-01,,704,369485.38,1579.55,2025,FLOTILLA 
28459,3N1CN8AE3RL813973,2025-06-01,,704,313200.00,357.05,2024,SEMINUEVOS 
28460,3N1CN8AEXRL887214,2025-06-01,,704,240200.00,410.74,2024,SEMINUEVOS 
28461,3N1CN8AE7SK608555,2025-06-01,,704,336440.46,767.08,2025,FLOTILLA 
28462,3N1CN8AE0SK605500,2025-06-01,,704,369485.38,3162.18,2025,NUEVO 
28463,3N1CN8AE2SK605482,2025-06-01,,704,369485.38,3162.18,2025,NUEVO 
28464,3N1CN8AE4SK605242,2025-06-01,,704,369485.38,3162.18,2025,NUEVO 
28465,3N1CN8AE6SK605467,2025-06-01,,704,369485.38,3162.18,2025,NUEVO 
28466,3N1CN8AE3SK603384,2025-06-01,,704,369485.38,3162.18,2025,NUEVO 
28467,3N1CN8AE7SK604862,2025-06-01,,704,369485.38,3162.18,2025,NUEVO 
28468,3N1CN8AE2SK603666,2025-06-01,,704,369485.38,210.61,2025,FLOTILLA 
28469,3N1CN8AEXSK604449,2025-06-01,,704,355235.94,1621.45,2025,NUEVO 
28470,3N1CN8AE4SK603667,2025-06-01,,704,321204.74,2963.11,2025,NUEVO 
28471,3N1CN8AE9SK604006,2025-06-01,,704,384530.30,3547.29,2025,NUEVO 
28472,3N1CN8AE9SL841153,2025-06-01,,704,398572.10,3676.83,2025,NUEVO 
28473,3N1CN8AE7SK600830,2025-06-01,,704,369465.38,2767.36,2025,NUEVO 
28474,3N1CN8AE9SK600358,2025-06-01,,704,336420.46,3162.35,2025,NUEVO 
28475,3N1CN8AE9SK599941,2025-06-01,,704,369465.38,3472.97,2025,NUEVO 
28476,3N1CN8AE9SK598286,2025-06-01,,704,369465.38,2947.92,2025,NUEVO 
28477,3N1CN8AE4SK603488,2025-06-01,,704,369465.38,2882.21,2025,NUEVO 
28478,3N1CN8AE3SL841410,2025-06-01,,704,398572.10,3746.58,2025,NUEVO 
28479,3N1CN8AE5SK600227,2025-06-01,,704,336420.46,117.49,2025,NUEVO 
28480,3N1CN8AE3SK604230,2025-06-01,,704,369465.38,3408.32,2025,NUEVO 
28481,3N1CN8AEXSK596143,2025-06-01,,704,369465.38,2742.39,2025,NUEVO 
28482,3N1CN8AE8SK598182,2025-06-01,,704,336420.46,3165.16,2025,NUEVO 
28483,3N1CN8AE5SK598169,2025-06-01,,704,369465.38,1739.66,2025,NUEVO 
28484,3N1CN8AE3SK597313,2025-06-01,,704,321204.74,3022.00,2025,NUEVO 
28485,3N1CN8AE2SK590773,2025-06-01,,704,336420.46,2624.08,2025,NUEVO 
28486,3N1CN8AE3RK610670,2025-06-01,,704,315836.26,3142.57,2024,NUEVO 
28487,3N1CN8AE6SK594521,2025-06-01,,704,369465.38,2030.49,2025,NUEVO 
28488,3N1CN8AE2SK603666,2025-06-01,,704,369485.38,2276.03,2025,FLOTILLA 
28489,3N1CN8AE2RK615908,2025-06-01,,704,331050.82,2688.13,2024,FLOTILLA 
28490,3N1CN8AE0SK591601,2025-06-01,,704,355215.94,2884.35,2025,FLOTILLA 
28491,3N1CN8AE4SK603510,2025-06-01,,704,369485.38,2923.55,2025,FLOTILLA 
28492,3N1CN8AE4PL840841,2025-06-01,,704,223600.00,1965.82,2023,SEMINUEVOS 
28493,3N1CN8AE7SK612301,2025-06-01,,704,343766.64,1508.28,2025,NUEVO 
28494,3N1CN8AE7SK614226,2025-06-01,,704,343766.64,1809.93,2025,NUEVO 
28495,3N1CN8AE6SK609986,2025-06-01,,704,328550.93,1687.11,2025,FLOTILLA 
28496,3N1CN8AE0SL858259,2025-06-01,,704,391773.24,1489.72,2025,NUEVO 
28497,3N1CN8AE1SL857587,2025-06-01,,704,361666.60,1692.60,2025,NUEVO 
28498,3N1CN8AE2SK613971,2025-06-01,,704,376740.80,1983.54,2025,NUEVO 
28499,3N1CN8AE2SK613663,2025-06-01,,704,376740.81,1934.56,2025,NUEVO 
28500,3N1CN8AE4SK601529,2025-06-01,,704,336420.46,363.58,2025,NUEVO 
28501,3N1CN8AE2RK615908,2025-06-01,,704,331050.82,96.83,2024,FLOTILLA 
28502,3N1CN8AE0SK591601,2025-06-01,,704,355215.94,103.90,2025,FLOTILLA 
28503,3N1CN8AEXSK610008,2025-06-01,,704,328550.93,1670.96,2025,FLOTILLA 
28504,3N1CN8AE5SK613155,2025-06-01,,704,328550.93,2718.12,2025,NUEVO 
28505,3N1CN8AE4SK612966,2025-06-01,,704,361666.60,2992.09,2025,NUEVO 
28506,3N1CN8AE7SK612766,2025-06-01,,704,328550.92,281.18,2025,NUEVO 
28507,3N1CN8AE2SK612819,2025-06-01,,704,343766.64,2942.07,2025,NUEVO 
28508,3N1CN8AE8SK612839,2025-06-01,,704,343766.64,2443.20,2025,NUEVO 
28509,3N1CN8AE7SK610158,2025-06-01,,704,328550.93,2260.70,2025,FLOTILLA 
28510,3N1CN8AE7SK610077,2025-06-01,,704,328550.93,1965.83,2025,FLOTILLA 
28511,3N1CN8AE3SK610187,2025-06-01,,704,328550.93,1965.83,2025,FLOTILLA 
28512,3N1CN8AE7SK610130,2025-06-01,,704,328550.93,2260.70,2025,FLOTILLA 
28513,3N1CN8AE0SK612589,2025-06-01,,704,361666.60,103.18,2025,NUEVO 
28514,3N1CN8AE1SK609331,2025-06-01,,704,343766.65,2056.87,2025,FLOTILLA 
28515,3N1CN8AE3SK614093,2025-06-01,,704,361666.60,2644.69,2025,NUEVO 
28516,3N1CN8AE1SK614187,2025-06-01,,704,343766.64,1508.28,2025,NUEVO 
28517,3N1CN8AE5RL868179,2025-06-01,,704,299700.00,2629.87,2024,SEMINUEVOS 
28518,3N1CN8AE5SK613673,2025-06-01,,704,376740.81,3224.27,2025,NUEVO 
28519,3N1CN8AE0SK613113,2025-06-01,,704,376740.81,3224.27,2025,NUEVO 
28520,3N1CN8AE5SK613186,2025-06-01,,704,391773.25,3352.93,2025,NUEVO 
28521,3N1CN8AE4SK613129,2025-06-01,,704,391773.25,3352.93,2025,NUEVO 
28522,3N1CN8AE0SK613015,2025-06-01,,704,376740.81,3224.27,2025,NUEVO 
28523,3N1CN8AE9SK613076,2025-06-01,,704,376740.81,3224.27,2025,NUEVO 
28524,3N1CN8AE8SK613070,2025-06-01,,704,376740.81,3224.27,2025,NUEVO 
28525,3N1CN8AE7SK613156,2025-06-01,,704,328550.93,2811.85,2025,NUEVO 
28526,3N1CN8AE3SK612988,2025-06-01,,704,328550.93,2811.85,2025,NUEVO 
28527,3N1CN8AE2SK613114,2025-06-01,,704,328550.93,2811.85,2025,NUEVO 
28528,3N1CN8AE3SK613302,2025-06-01,,704,328550.93,2811.85,2025,NUEVO 
28529,3N1CN8AE4SK603510,2025-05-01,1681,704,369485.38,2740.56,2025,FLOTILLA 
28530,3N1CN8AE9SK604006,2025-05-01,1331,704,384530.30,3665.54,2025,NUEVO 
28531,3N1CN8AE9SL841153,2025-05-01,1681,704,398572.10,3799.39,2025,NUEVO 
28532,3N1CN8AE8SK601128,2025-05-01,2129,704,321204.74,1975.41,2025,NUEVO 
28533,3N1CN8AE7SK600830,2025-05-01,1681,704,369465.38,3588.74,2025,NUEVO 
28534,3N1CN8AE9SK600358,2025-05-01,1681,704,336420.46,3267.76,2025,NUEVO 
28535,3N1CN8AE9SK599941,2025-05-01,1885,704,369465.38,3588.74,2025,NUEVO 
28536,3N1CN8AE9SK598286,2025-05-01,1681,704,369465.38,3588.74,2025,NUEVO 
28537,3N1CN8AE4SK603958,2025-05-01,2155,704,355215.94,3058.41,2025,NUEVO 
28538,3N1CN8AE4SK603488,2025-05-01,1681,704,369465.38,3521.93,2025,NUEVO 
28539,3N1CN8AE3SL841410,2025-05-01,1331,704,398572.10,3871.46,2025,NUEVO 
28540,3N1CN8AE5SK600227,2025-05-01,2140,704,336420.46,3267.76,2025,NUEVO 
28541,3N1CN8AE3SK594962,2025-05-01,2100,704,336420.46,1769.86,2025,NUEVO 
28542,3N1CN8AE3SK604230,2025-05-01,1331,704,369465.38,3521.93,2025,NUEVO 
28543,3N1CN8AE8RK602984,2025-05-01,1681,704,326575.54,1205.06,2024,FLOTILLA 
28544,3N1CN8AEXSK596143,2025-05-01,1681,704,369465.38,3591.92,2025,NUEVO 
28545,3N1CN8AE8SK598182,2025-05-01,1681,704,336420.46,3270.66,2025,NUEVO 
28546,3N1CN8AE7SK590512,2025-05-01,2161,704,336420.46,3389.44,2025,NUEVO 
28547,3N1CN8AE5SK598169,2025-05-01,1681,704,369465.38,3591.92,2025,NUEVO 
28548,3N1CN8AE3SK597313,2025-05-01,1331,704,321204.74,3122.73,2025,NUEVO 
28549,3N1CN8AE6SK594521,2025-05-01,1681,704,369465.38,3611.01,2025,NUEVO 
28550,3N1CN8AE2SK590773,2025-05-01,1681,704,336420.46,3389.44,2025,NUEVO 
28551,3N1CN8AE3RK610670,2025-05-01,1681,704,315836.26,3247.32,2024,NUEVO 
28552,3N1CN8AE3SK610755,2025-06-01,,704,343766.64,573.52,2025,FLOTILLA 
28553,3N1CN8AE9SK610002,2025-06-01,,704,328550.93,639.49,2025,FLOTILLA 
28554,3N1CN8AE7SK610158,2025-06-01,,704,328550.93,639.49,2025,FLOTILLA 
28555,3N1CN8AE7SK610130,2025-06-01,,704,328550.93,639.49,2025,FLOTILLA 
28556,3N1CN8AE6SK610068,2025-06-01,,704,328550.93,639.49,2025,FLOTILLA 
28557,3N1CN8AE4SK609971,2025-06-01,,704,328550.93,639.49,2025,FLOTILLA 
28558,3N1CN8AE2SK610195,2025-06-01,,704,328550.93,639.49,2025,FLOTILLA 
28559,3N1CN8AE1SK610186,2025-06-01,,704,328550.93,639.49,2025,FLOTILLA 
28560,3N1CN8AE1SK610169,2025-06-01,,704,328550.93,639.49,2025,FLOTILLA 
28561,3N1CN8AE0SK610003,2025-06-01,,704,328550.93,639.49,2025,FLOTILLA 
28562,3N1CN8AE0SK609918,2025-06-01,,704,328550.93,639.49,2025,FLOTILLA 
28563,3N1CN8AE3NL852525,2025-06-01,,704,223400.00,310.59,2022,SEMINUEVOS 
28564,3N1CN8AEXSK610008,2025-06-01,,704,328550.93,274.07,2025,FLOTILLA 
28565,3N1CN8AE7SK610001,2025-06-01,,704,328550.93,274.07,2025,FLOTILLA 
28566,3N1CN8AE6SK609969,2025-06-01,,704,328550.93,274.07,2025,FLOTILLA 
28567,3N1CN8AE6SK609910,2025-06-01,,704,328550.93,274.07,2025,FLOTILLA 
28568,3N1CN8AE5SK609994,2025-06-01,,704,328550.93,274.07,2025,FLOTILLA 
28569,3N1CN8AE5SK609977,2025-06-01,,704,328550.93,274.07,2025,FLOTILLA 
28570,3N1CN8AE3SK609976,2025-06-01,,704,328550.93,274.07,2025,FLOTILLA 
28571,3N1CN8AE3SK609928,2025-06-01,,704,328550.93,274.07,2025,FLOTILLA 
28572,3N1CN8AE2SK609970,2025-06-01,,704,328550.93,274.07,2025,FLOTILLA 
28573,3N1CN8AE1SK610009,2025-06-01,,704,328550.93,274.07,2025,FLOTILLA 
28574,3N1CN8AE0SK609904,2025-06-01,,704,328550.93,274.07,2025,FLOTILLA 
28575,3N1CN8AE7SK603159,2025-06-01,,704,369485.38,1541.06,2025,FLOTILLA 
28576,3N1CN8AE3SK604003,2025-06-01,,704,369485.38,1541.06,2025,FLOTILLA 
28577,3N1CN8AE0SK603178,2025-06-01,,704,369485.38,1541.06,2025,FLOTILLA 
28578,3N1CN8AE7RL932240,2025-06-01,,704,294400.00,1261.99,2024,SEMINUEVOS 
28579,3N1CN8AE7SK608555,2025-06-01,,704,336440.46,2072.47,2025,FLOTILLA 
28580,3N1CN8AE8SK612422,2025-06-01,,704,328550.92,96.28,2025,NUEVO 
28581,3N1CN8AE8SL861376,2025-06-01,,704,361666.60,211.98,2025,NUEVO 
28582,3N1CN8AE9SK617614,2025-06-01,,704,328550.92,288.85,2025,NUEVO 
28583,3N1CN8AE8SK617362,2025-06-01,,704,328550.93,385.13,2025,NUEVO 
28584,3N1CN8AE9SK614373,2025-06-01,,704,343766.64,705.20,2025,NUEVO 
28585,3N1CN8AE7SL859831,2025-06-01,,704,361666.61,529.94,2025,NUEVO 
28586,3N1CN8AEXSL857524,2025-06-01,,704,405743.12,1542.84,2025,NUEVO 
28587,3N1CN8AE7SK613013,2025-06-01,,704,328550.92,96.28,2025,NUEVO 
28588,3N1CN8AE4SK617746,2025-06-01,,704,328550.93,96.28,2025,NUEVO 
28589,3N1CN8AE3SK617785,2025-06-01,,704,328550.92,288.85,2025,NUEVO 
28590,3N1CN8AE6SK617554,2025-06-01,,704,328550.93,385.13,2025,NUEVO 
28591,3N1CN8AE6SK617408,2025-06-01,,704,376740.81,441.62,2025,NUEVO 
28592,3N1CN8AE6SK617361,2025-06-01,,704,328550.92,385.13,2025,NUEVO 
28593,3N1CN8AE6SK614895,2025-06-01,,704,376740.81,772.84,2025,NUEVO 
28594,3N1CN8AE3SK612702,2025-06-01,,704,328550.92,96.28,2025,NUEVO 
28595,3N1CN8AE0SK612463,2025-06-01,,704,376740.80,331.22,2025,NUEVO 
28596,3N1CN8AE1SK616523,2025-06-01,,704,328550.93,770.27,2025,NUEVO 
28597,3N1CN8AE2SL858893,2025-06-01,,704,391773.25,344.43,2025,NUEVO 
28598,3N1CN8AE2SK615784,2025-06-01,,704,376740.80,1322.36,2025,NUEVO 
28599,3N1CN8AE1SK615727,2025-06-01,,704,343766.64,1206.62,2025,NUEVO 
28600,3N1CN8AE1SK609295,2025-06-01,,704,343766.64,1407.72,2025,NUEVO 
28601,3N1CN8AE1ML919024,2025-06-01,,704,193300.00,1353.10,2021,SEMINUEVOS 
28602,3N1CN8AEXSK610235,2025-05-01,1681,704,361666.61,2272.17,2025,NUEVO 
28603,3N1CN8AE8SK610296,2025-05-01,1681,704,328550.93,2064.12,2025,NUEVO 
28604,3N1CN8AE9SK610095,2025-05-01,1681,704,376740.81,2366.87,2025,NUEVO 
28605,3N1CN8AE9SL851827,2025-05-01,1681,704,398592.10,3180.77,2025,NUEVO 
28606,3N1CN8AE4SK610165,2025-05-01,1331,704,391773.25,2461.32,2025,NUEVO 
28607,3N1CN8AE2SK609242,2025-05-01,1681,704,321224.74,2563.37,2025,NUEVO 
28608,3N1CN8AE1SK609393,2025-05-01,1681,704,355235.94,202.48,2025,NUEVO 
28609,3N1CN8AE3SK610755,2025-05-01,1283,704,343766.64,2056.87,2025,FLOTILLA 
28610,3N1CN8AE9PL823498,2025-05-01,2138,704,217900.00,1825.28,2023,SEMINUEVOS 
28611,3N1CN8AE0SK609918,2025-05-01,1283,704,328550.93,2260.70,2025,FLOTILLA 
28612,3N1CN8AE1SK610186,2025-05-01,1283,704,328550.93,2260.70,2025,FLOTILLA 
28613,3N1CN8AE2SK610195,2025-05-01,1283,704,328550.93,2260.70,2025,FLOTILLA 
28614,3N1CN8AE6SK610068,2025-05-01,1283,704,328550.93,2260.70,2025,FLOTILLA 
28615,3N1CN8AE9SK610002,2025-05-01,1283,704,328550.93,2359.00,2025,FLOTILLA 
28616,3N1CN8AE1SK610169,2025-05-01,1283,704,328550.93,2359.00,2025,FLOTILLA 
28617,3N1CN8AEXSK609294,2025-05-01,1681,704,321224.74,1190.14,2025,NUEVO 
28618,3N1CN8AEXSK607772,2025-05-01,1314,704,321224.74,2838.02,2025,NUEVO 
28619,3N1CN8AE8SK609102,2025-05-01,1681,704,321224.74,2838.02,2025,NUEVO 
28620,3N1CN8AE9SK608864,2025-05-01,2157,704,336440.46,2432.33,2025,NUEVO 
28621,3N1CN8AE8SK609259,2025-05-01,1681,704,336440.46,1438.28,2025,NUEVO 
28622,3N1CN8AE8SK608869,2025-05-01,1681,704,321224.74,2838.02,2025,NUEVO 
28623,3N1CN8AE8SK608175,2025-05-01,1681,704,355235.94,3138.51,2025,NUEVO 
28624,3N1CN8AE8SL850622,2025-05-01,1681,704,398592.10,3407.96,2025,NUEVO 
28625,3N1CN8AE9SK608704,2025-05-01,1331,704,384550.30,3397.50,2025,NUEVO 
28626,3N1CN8AE7SL850093,2025-05-01,2119,704,398592.10,2992.79,2025,NUEVO 
28627,3N1CN8AE8SK608029,2025-05-01,1331,704,321224.74,2838.02,2025,NUEVO 
28628,3N1CN8AE9SK606659,2025-05-01,1681,704,355235.94,3138.51,2025,NUEVO 
28629,3N1CN8AE9SK605530,2025-05-01,1389,704,321224.74,1281.69,2025,NUEVO 
28630,3N1CN8AE7SK607020,2025-05-01,1681,704,336440.46,2972.45,2025,NUEVO 
28631,3N1CN8AE4SK607198,2025-05-01,1681,704,336440.46,2876.57,2025,NUEVO 
28632,3N1CN8AE5SK607680,2025-05-01,1681,704,336440.46,2972.45,2025,NUEVO 
28633,3N1CN8AE6SK607753,2025-05-01,1331,704,384550.30,3397.50,2025,NUEVO 
28634,3N1CN8AE6SK607428,2025-05-01,1681,704,336440.46,2972.45,2025,NUEVO 
28635,3N1CN8AE4SK607007,2025-05-01,1681,704,355235.94,3138.51,2025,NUEVO 
28636,3N1CN8AE5SK606707,2025-05-01,1331,704,321224.74,2838.02,2025,NUEVO 
28637,3N1CN8AE6SK606506,2025-05-01,1681,704,321224.74,1778.67,2025,NUEVO 
28638,3N1CN8AE7SK606790,2025-05-01,1331,704,336440.46,2972.45,2025,NUEVO 
28639,3N1CN8AE5SK604276,2025-05-01,1681,704,336440.46,2972.45,2025,NUEVO 
28640,3N1CN8AE3SK609329,2025-05-01,2101,704,321224.74,1739.43,2025,NUEVO 
28641,3N1CN8AE1SK608857,2025-05-01,2153,704,321224.74,2654.92,2025,NUEVO 
28642,3N1CN8AE1SK608891,2025-05-01,1681,704,355235.94,3138.51,2025,NUEVO 
28643,3N1CN8AE2SL850552,2025-05-01,1331,704,398592.10,3407.96,2025,NUEVO 
28644,3N1CN8AE1SL849974,2025-05-01,1681,704,384550.30,3397.50,2025,NUEVO 
28645,3N1CN8AE2SK606826,2025-05-01,2127,704,321224.74,84.63,2025,NUEVO 
28646,3N1CN8AE4SK605287,2025-05-01,1681,704,384550.30,3397.50,2025,NUEVO 
28647,3N1CN8AE7RL887025,2025-05-01,2130,704,280100.00,1089.36,2024,SEMINUEVOS 
28648,3N1CN8AE0SK608820,2025-05-01,1331,704,321224.74,2838.02,2025,NUEVO 
28649,3N1CN8AE0SK608784,2025-05-01,1331,704,369485.38,3264.40,2025,NUEVO 
28650,3N1CN8AE0SK608848,2025-05-01,1681,704,321224.74,2838.02,2025,NUEVO 
28651,3N1CN8AE1SK606557,2025-05-01,1681,704,336440.46,2972.45,2025,NUEVO 
28652,3N1CN8AE2RK615908,2025-05-01,1331,704,331050.82,99.04,2024,FLOTILLA 
28653,3N1CN8AE0SK591601,2025-05-01,1331,704,355215.94,106.27,2025,FLOTILLA 
28654,3N1CN8AE2SK604610,2025-05-01,1681,704,321224.74,1153.20,2025,FLOTILLA 
28655,3N1CN8AE8SK599185,2025-05-01,1283,704,336420.46,704.52,2025,FLOTILLA 
28656,3N1CN8AE1SK598959,2025-05-01,1283,704,336420.46,704.52,2025,FLOTILLA 
28657,3N1CN8AE5SK598981,2025-05-01,1283,704,336420.46,704.52,2025,FLOTILLA 
28658,3N1CN8AE0SK603178,2025-05-01,1283,704,369485.38,3264.40,2025,FLOTILLA 
28659,3N1CN8AE3SK604003,2025-05-01,1283,704,369485.38,3264.40,2025,FLOTILLA 
28660,3N1CN8AEXSK608579,2025-05-01,1305,704,321224.74,2014.08,2025,FLOTILLA 
28661,3N1CN8AE4SK608528,2025-05-01,1305,704,321224.74,2014.08,2025,FLOTILLA 
28662,3N1CN8AE3RL813973,2025-05-01,2097,704,313200.00,2767.12,2024,SEMINUEVOS 
28663,3N1CN8AEXRL887214,2025-05-01,1524,704,240200.00,2122.17,2024,SEMINUEVOS 
28664,3N1CN8AE7SK608555,2025-05-01,1283,704,336440.46,2972.45,2025,FLOTILLA 
28665,3N1CN8AE0SK605500,2025-05-01,1331,704,369485.38,3267.59,2025,NUEVO 
28666,3N1CN8AE2SK605482,2025-05-01,1681,704,369485.38,3267.59,2025,NUEVO 
28667,3N1CN8AE4SK605242,2025-05-01,1681,704,369485.38,3267.59,2025,NUEVO 
28668,3N1CN8AE6SK605467,2025-05-01,1681,704,369485.38,3267.59,2025,NUEVO 
28669,3N1CN8AE3SK603384,2025-05-01,1331,704,369485.38,3267.59,2025,NUEVO 
28670,3N1CN8AE7SK604862,2025-05-01,1681,704,369485.38,3267.59,2025,NUEVO 
28671,3N1CN8AE4SK601529,2025-05-01,1681,704,336420.46,1137.94,2025,FLOTILLA 
28672,3N1CN8AE9SK602725,2025-05-01,1681,704,336420.46,724.15,2025,FLOTILLA 
28673,3N1CN8AE2SK603666,2025-05-01,1681,704,369485.38,3264.40,2025,FLOTILLA 
28674,3N1CN8AEXSK604449,2025-05-01,1681,704,355235.94,3141.57,2025,NUEVO 
28675,3N1CN8AE1SK604405,2025-05-01,1618,704,369485.38,2318.93,2025,NUEVO 
28676,3N1CN8AE4SK603667,2025-05-01,1681,704,321204.74,3061.88,2025,NUEVO 
28677,3N1CN8AE6SK603136,2025-05-01,1681,704,384530.30,2246.62,2025,NUEVO 
28678,3N1CN8AE6SK609910,2025-05-01,1283,704,328550.93,688.04,2025,FLOTILLA 
28679,3N1CN8AE7SK610001,2025-05-01,1283,704,328550.93,688.04,2025,FLOTILLA 
28680,3N1CN8AE6SK609969,2025-05-01,1283,704,328550.93,688.04,2025,FLOTILLA 
28681,3N1CN8AE5SK609977,2025-05-01,1283,704,328550.93,688.04,2025,FLOTILLA 
28682,3N1CN8AE5SK609994,2025-05-01,1283,704,328550.93,688.04,2025,FLOTILLA 
28683,3N1CN8AE7SK603159,2025-05-01,1283,704,369485.38,947.73,2025,FLOTILLA 
28684,3N1CN8AE4SK609971,2025-05-01,1283,704,328550.93,589.75,2025,FLOTILLA 
28685,3N1CN8AE3SK610027,2025-05-01,1283,704,328550.93,589.75,2025,FLOTILLA 
28686,3N1CN8AE0SK610003,2025-05-01,1283,704,328550.93,589.75,2025,FLOTILLA 
28687,3N1CN8AE3SK609928,2025-05-01,1283,704,328550.93,688.04,2025,FLOTILLA 
28688,3N1CN8AE0SK609904,2025-05-01,1283,704,328550.93,688.04,2025,FLOTILLA 
28689,3N1CN8AE2SK609970,2025-05-01,1283,704,328550.93,688.04,2025,FLOTILLA 
28690,3N1CN8AE3SK609976,2025-05-01,1283,704,328550.93,688.04,2025,FLOTILLA 
28691,3N1CN8AE1SK610009,2025-05-01,1283,704,328550.93,688.04,2025,FLOTILLA 
28692,3N1CN8AE1SK610026,2025-05-01,1283,704,328550.92,281.18,2025,FLOTILLA 
28693,3N1CN8AE4SK610635,2025-05-01,1331,704,328550.93,1474.37,2025,NUEVO 
28694,3N1CN8AE1SL852275,2025-05-01,1331,704,391773.25,2226.90,2025,NUEVO 
28695,3N1CN8AE8SK607706,2025-05-01,1283,704,336440.46,2975.35,2025,FLOTILLA 
28696,3N1CN8AE6SK607364,2025-05-01,1283,704,336440.46,2975.35,2025,FLOTILLA 
28697,3N1CN8AE2SK598212,2025-05-01,1283,704,336420.46,2975.17,2025,FLOTILLA 
28698,3N1CN8AE4SK603510,2025-05-01,1681,704,369485.38,541.40,2025,FLOTILLA 
28699,3N1CN8AE4PL840841,2025-05-01,1681,704,223600.00,327.64,2023,SEMINUEVOS 
28700,3N1CN8AE1SK603349,2025-05-01,1618,704,376740.81,331.22,2025,FLOTILLA 
28701,3N1CN8AE1SK604405,2025-05-01,1618,704,369485.38,541.40,2025,FLOTILLA 
28702,3N1CN8AE4SK601529,2025-05-01,1681,704,336420.46,1281.67,2025,NUEVO 
28703,3N1CN8AE4SK601529,2025-05-01,1681,704,336420.46,688.82,2025,FLOTILLA 
28704,3N1CN8AE8SK599185,2025-05-01,1283,704,336420.46,1377.64,2025,FLOTILLA 
28705,3N1CN8AE5SK598981,2025-05-01,1283,704,336420.46,1377.64,2025,FLOTILLA 
28706,3N1CN8AE1SK598959,2025-05-01,1283,704,336420.46,1377.64,2025,FLOTILLA 
28707,3N1CN8AE9SK602725,2025-05-01,1681,704,336420.46,590.42,2025,FLOTILLA 
28708,3N1CN8AE2RK615908,2025-05-01,1331,704,331050.82,2904.97,2024,FLOTILLA 
28709,3N1CN8AE0SK591601,2025-05-01,1331,704,355215.94,3117.02,2025,FLOTILLA 
28710,3N1CN8AEXSK610008,2025-05-01,1283,704,328550.93,491.46,2025,FLOTILLA 
28711,3N1CN8AE2SK612819,2025-05-01,1331,704,343766.64,98.07,2025,NUEVO 
28712,3N1CN8AE8SK612839,2025-05-01,1331,704,343766.64,98.07,2025,NUEVO 
28713,3N1CN8AE7SK610158,2025-05-01,1283,704,328550.93,491.46,2025,FLOTILLA 
28714,3N1CN8AE5SK610014,2025-05-01,1283,704,328550.93,196.58,2025,FLOTILLA 
28715,3N1CN8AE7SK610077,2025-05-01,1283,704,328550.93,491.46,2025,FLOTILLA 
28716,3N1CN8AE3SK610187,2025-05-01,1283,704,328550.93,491.46,2025,FLOTILLA 
28717,3N1CN8AE7SK610130,2025-05-01,1283,704,328550.93,491.46,2025,FLOTILLA 
28718,3N1CN8AE1SK609331,2025-05-01,1283,704,343766.65,514.22,2025,FLOTILLA 
28719,3N1CN8AE5RL868179,2025-05-01,1385,704,299700.00,2191.56,2024,SEMINUEVOS 
28720,3N1CN8AE7SK609088,2025-05-01,1681,704,321224.74,1785.21,2025,FLOTILLA 
28721,3N1CN8AE8SK603834,2025-05-01,1681,704,321204.74,1973.00,2025,FLOTILLA 
28722,3N1CN8AE2SK597335,2025-05-01,1681,704,321204.74,1973.00,2025,FLOTILLA 
28723,3N1CN8AE5SK613673,2025-05-01,1681,704,376740.81,107.48,2025,NUEVO 
28724,3N1CN8AE0SK613113,2025-05-01,1681,704,376740.81,107.48,2025,NUEVO 
28725,3N1CN8AE5SK613186,2025-05-01,1331,704,391773.25,111.76,2025,NUEVO 
28726,3N1CN8AE4SK613129,2025-05-01,1331,704,391773.25,111.76,2025,NUEVO 
28727,3N1CN8AE0SK613015,2025-05-01,1681,704,376740.81,107.48,2025,NUEVO 
28728,3N1CN8AE9SK613076,2025-05-01,1681,704,376740.81,107.48,2025,NUEVO 
28729,3N1CN8AE8SK613070,2025-05-01,1331,704,376740.81,107.48,2025,NUEVO 
28730,3N1CN8AE7SK613156,2025-05-01,1681,704,328550.93,93.73,2025,NUEVO 
28731,3N1CN8AE3SK612988,2025-05-01,1331,704,328550.93,93.73,2025,NUEVO 
28732,3N1CN8AE2SK613114,2025-05-01,1681,704,328550.93,93.73,2025,NUEVO 
28733,3N1CN8AE3SK613302,2025-05-01,1681,704,328550.93,93.73,2025,NUEVO 
28734,3N1CN8AE2SK612786,2025-05-01,1681,704,343766.65,196.14,2025,FLOTILLA 
28735,JN8CT3MT2SW009748,2025-06-01,,706,767736.00,3723.31,2025,FLOTILLA 
28736,JN8CT3MT1SW010597,2025-06-01,,706,767736.00,3674.90,2025,NUEVO 
28737,JN8CT3MT4SW010514,2025-06-01,,706,847816.34,221.22,2025,NUEVO 
28738,JN8AT3MT7SW051260,2025-06-01,,706,670942.70,3059.50,2025,NUEVO 
28739,JN8AT3MT7SW051033,2025-06-01,,706,621203.84,1919.54,2025,NUEVO 
28740,JN8CT3MT8SW009785,2025-06-01,,706,766691.71,1748.06,2025,FLOTILLA 
28741,JN8CT3MT8SW009365,2025-06-01,,706,766691.71,1748.06,2025,FLOTILLA 
28742,JN8AT3MT2SW050727,2025-06-01,,706,705796.23,5229.95,2025,NUEVO 
28743,JN8AT3MT1SW048354,2025-06-01,,706,621203.85,1770.43,2025,NUEVO 
28744,JN8AT3MT0SW049348,2025-06-01,,706,705796.24,5632.25,2025,NUEVO 
28745,JN8AT3ML0SW014079,2025-06-01,,706,686240.50,391.16,2025,NUEVO 
28746,JN8CT3MT9SW010394,2025-06-01,,706,846772.05,5550.59,2025,NUEVO 
28747,JN8CT3MT9SW009746,2025-06-01,,706,766691.71,218.51,2025,FLOTILLA 
28748,JN8CT3MT9SW010170,2025-06-01,,706,766691.71,218.51,2025,FLOTILLA 
28749,JN8CT3MTXSW009366,2025-06-01,,706,766691.71,218.51,2025,FLOTILLA 
28750,JN8AT3MT8RW019220,2025-06-01,,706,548600.00,4923.69,2024,SEMINUEVOS 
28751,JN8AT3MT4RW013320,2025-06-01,,706,548600.00,4923.69,2024,SEMINUEVOS 
28752,JN8AT3ML5PW000766,2025-06-01,,706,445000.00,1331.29,2023,SEMINUEVOS 
28753,JN8AT3MT7SW045409,2025-06-01,,706,621203.85,5273.76,2025,NUEVO 
28754,JN8AT3MT5SW047871,2025-06-01,,706,586769.56,5021.77,2025,NUEVO 
28755,JN8CT3MT8RW005696,2025-06-01,,706,627600.00,1689.81,2024,SEMINUEVOS 
28756,JN8AT3MT3PW000975,2025-06-01,,706,478600.00,4295.44,2023,SEMINUEVOS 
28757,JN8AT3MT4RW018663,2025-06-01,,706,548600.00,4923.69,2024,SEMINUEVOS 
28758,JN8CT3MT8RW005701,2025-06-01,,706,567700.00,2717.39,2024,SEMINUEVOS 
28759,JN8CT3MT4SW010044,2025-06-01,,706,766671.71,6880.88,2025,FLOTILLA 
28760,JN8CT3MT1SW009613,2025-06-01,,706,766671.71,6880.88,2025,FLOTILLA 
28761,JN8CT3MT2SW009443,2025-06-01,,706,766671.71,6880.88,2025,FLOTILLA 
28762,JN8CT3MT5SW008447,2025-06-01,,706,766671.71,6880.88,2025,FLOTILLA 
28763,JN8AT3MT6RW012492,2025-06-01,,706,461200.00,3844.68,2024,SEMINUEVOS 
28764,JN8AT3MT4SW047876,2025-06-01,,706,586749.56,309.71,2025,NUEVO 
28765,JN8CT3MT6SW009994,2025-06-01,,706,846752.06,7811.29,2025,NUEVO 
28766,JN8CT3MT8PW000298,2025-06-01,,706,543700.00,4183.77,2023,SEMINUEVOS 
28767,JN8AT3MT2SW045205,2025-06-01,,706,621183.85,521.25,2025,NUEVO 
28768,JN8CT3MT8SW009947,2025-06-01,,706,766671.71,7072.55,2025,NUEVO 
28769,JN8CT3MT8SW009768,2025-06-01,,706,766671.71,7072.55,2025,NUEVO 
28770,JN8CT3MT9SW009469,2025-06-01,,706,766671.71,7206.71,2025,NUEVO 
28771,JN8CT3MT9SW009486,2025-06-01,,706,846752.06,7966.53,2025,NUEVO 
28772,JN8CT3MT9SW008046,2025-06-01,,706,846752.05,5917.39,2025,DEMO 
28773,JN8CT3MT6SW008005,2025-06-01,,706,846752.05,5832.85,2025,DEMO 
28774,JN8CT3MTXSW008055,2025-06-01,,706,766671.71,7653.94,2025,NUEVO 
28775,JN8CT3MT9SW007642,2025-06-01,,706,758752.22,7220.79,2025,NUEVO 
28776,JN8AT3MT8SW038615,2025-06-01,,706,618791.93,6162.14,2025,NUEVO 
28777,JN8CT3MTXRW004436,2025-06-01,,706,571400.00,1208.51,2024,SEMINUEVOS 
28778,JN8AT3MT4RW017464,2025-06-01,,706,556500.00,90.74,2024,SEMINUEVOS 
28779,JN8AT3MT1SW035409,2025-06-01,,706,693870.58,2581.78,2025,DEMO 
28780,JN8CT3MT9SW010170,2025-06-01,,706,766691.71,6225.54,2025,FLOTILLA 
28781,JN8CT3MT9SW009746,2025-06-01,,706,766691.71,6225.54,2025,FLOTILLA 
28782,JN8CT3MTXSW009366,2025-06-01,,706,766691.71,6225.54,2025,FLOTILLA 
28783,JN8CT3MT9SW009388,2025-06-01,,706,766691.71,5841.76,2025,FLOTILLA 
28784,JN8CT3MT8SW009348,2025-06-01,,706,766691.71,5841.76,2025,FLOTILLA 
28785,JN8CT3MT4SW009797,2025-06-01,,706,766691.71,5841.76,2025,FLOTILLA 
28786,JN8BT27T3NW133842,2025-06-01,,706,295000.00,2593.54,2022,SEMINUEVOS 
28787,JN8AT3MT7RW012436,2025-06-01,,706,548000.00,4817.83,2024,SEMINUEVOS 
28788,JN8AT3MT1RW016403,2025-06-01,,706,548000.00,4817.83,2024,SEMINUEVOS 
28789,JN8AT3MT0SW045123,2025-06-01,,706,587701.82,1377.83,2025,FLOTILLA 
28790,JN8AT3MT5RW011950,2025-06-01,,706,558000.00,3270.50,2024,SEMINUEVOS 
28791,JN8BT27T1MW128802,2025-06-01,,706,326500.00,2865.04,2021,SEMINUEVOS 
28792,JN8AT3MT9PW010068,2025-05-01,2094,706,482200.00,274.85,2023,SEMINUEVOS 
28793,JN8CT3MT9SW009536,2025-05-01,1681,706,846752.06,2895.89,2025,FLOTILLA 
28794,JN8AT3MT6SW044302,2025-05-01,2085,706,586749.56,5412.76,2025,NUEVO 
28795,JN8CT3MT9SW009794,2025-05-01,1681,706,846752.06,4041.03,2025,NUEVO 
28796,JN8AT3MT2SW045205,2025-05-01,1681,706,621183.85,5921.44,2025,NUEVO 
28797,JN8AT3MT2SW045656,2025-05-01,2146,706,621183.85,5583.55,2025,NUEVO 
28798,JN8CT3MT8SW009947,2025-05-01,1974,706,766671.71,7308.30,2025,NUEVO 
28799,JN8CT3MT3SW010049,2025-05-01,1705,706,766671.71,1886.01,2025,NUEVO 
28800,JN8CT3MT8SW009768,2025-05-01,1681,706,766671.71,7308.30,2025,NUEVO 
28801,JN8CT3MT9SW009469,2025-05-01,1681,706,766671.71,7446.94,2025,NUEVO 
28802,JN8CT3MT9SW009486,2025-05-01,1331,706,846752.06,8232.08,2025,NUEVO 
28803,JN8CT3MTXSW009609,2025-05-01,1681,706,846752.06,5873.17,2025,NUEVO 
28804,JN8AT3MT9SW043435,2025-05-01,1681,706,668297.62,3269.41,2025,NUEVO 
28805,JN8CT3MTXSW009190,2025-05-01,1568,706,846752.05,550.39,2025,NUEVO 
28806,JN8CT3MT4SW008844,2025-05-01,1568,706,846752.06,563.56,2025,NUEVO 
28807,JN8CT3MT9SW008046,2025-05-01,1681,706,846752.05,6959.97,2025,DEMO 
28808,JN8CT3MT6SW008005,2025-05-01,1524,706,846752.05,6903.62,2025,DEMO 
28809,JN8CT3MTXSW008055,2025-05-01,1681,706,766671.71,7909.07,2025,NUEVO 
28810,JN8CT3MT9SW007642,2025-05-01,1331,706,758752.22,7461.49,2025,NUEVO 
28811,JN8AT3MT6SW039584,2025-05-01,1974,706,584356.48,4001.87,2025,NUEVO 
28812,JN8AT3MT8SW038615,2025-05-01,1331,706,618791.93,6367.54,2025,NUEVO 
28813,JN8BT27T8HW037399,2025-05-01,1681,706,210500.00,395.74,2017,SEMINUEVOS 
28814,JN8CT3MTXRW004436,2025-05-01,1524,706,571400.00,4520.73,2024,SEMINUEVOS 
28815,JN8CT3MT4SW009492,2025-05-01,1681,706,846752.06,3183.79,2025,FLOTILLA 
28816,JN8AT3MT4RW017464,2025-05-01,1385,706,556500.00,1497.22,2024,SEMINUEVOS 
28817,JN8AT3MT5RW011950,2025-05-01,1524,706,527400.00,570.40,2024,SEMINUEVOS 
28818,JN8AT3MT1SW035409,2025-05-01,1524,706,693870.58,4076.49,2025,DEMO 
28819,JN8CT3MT9SW009388,2025-06-01,,706,766691.71,852.73,2025,FLOTILLA 
28820,JN8CT3MT8SW009348,2025-06-01,,706,766691.71,852.73,2025,FLOTILLA 
28821,JN8CT3MT4SW009797,2025-06-01,,706,766691.71,852.73,2025,FLOTILLA 
28822,JN8AT3MT4RW012314,2025-06-01,,706,518200.00,1152.71,2024,SEMINUEVOS 
28823,JN8AT3MT4RW017464,2025-06-01,,706,547300.00,1072.71,2024,SEMINUEVOS 
28824,JN8CT3MT8SW009785,2025-06-01,,706,766691.71,4722.82,2025,FLOTILLA 
28825,JN8CT3MT8SW009365,2025-06-01,,706,766691.71,4722.82,2025,FLOTILLA 
28826,JN8CT3MT9SW009746,2025-05-01,1283,706,766691.71,5462.68,2025,FLOTILLA 
28827,JN8CT3MTXSW009741,2025-05-01,1283,706,766691.71,218.51,2025,FLOTILLA 
28828,JN8CT3MT9SW010170,2025-05-01,1283,706,766691.71,5462.68,2025,FLOTILLA 
28829,JN8CT3MTXSW009366,2025-05-01,1283,706,766691.71,5462.68,2025,FLOTILLA 
28830,JN8AT3MT8RW019220,2025-05-01,1681,706,548600.00,5087.81,2024,SEMINUEVOS 
28831,JN8AT3MT4RW013320,2025-05-01,1681,706,548600.00,5087.81,2024,SEMINUEVOS 
28832,JN8AT3ML5PW000766,2025-05-01,1385,706,445000.00,4127.00,2023,SEMINUEVOS 
28833,JN8CT3MT4SW009797,2025-05-01,1331,706,766691.71,5905.44,2025,FLOTILLA 
28834,JN8CT3MT8SW009348,2025-05-01,1331,706,766691.71,5905.44,2025,FLOTILLA 
28835,JN8CT3MT9SW009388,2025-05-01,1331,706,766691.71,5905.44,2025,FLOTILLA 
28836,JN8AT3MT5SW047871,2025-05-01,1331,706,586769.56,2008.71,2025,NUEVO 
28837,JN8CT3MT8RW005696,2025-05-01,1681,706,627600.00,5820.47,2024,SEMINUEVOS 
28838,JN8AT3MT3PW000975,2025-05-01,1681,706,478600.00,4438.62,2023,SEMINUEVOS 
28839,JN8AT3MT4RW018663,2025-05-01,1524,706,548600.00,5087.81,2024,SEMINUEVOS 
28840,JN8CT3MT8RW005701,2025-05-01,1524,706,567700.00,5264.94,2024,SEMINUEVOS 
28841,JN8AT3MT3SW045679,2025-05-01,1283,706,621183.85,1300.86,2025,FLOTILLA 
28842,JN8CT3MT4SW010044,2025-05-01,1283,706,766671.71,7110.24,2025,FLOTILLA 
28843,JN8CT3MTXSW009447,2025-05-01,1681,706,766671.71,1834.90,2025,FLOTILLA 
28844,JN8CT3MT1SW009613,2025-05-01,1283,706,766671.71,7110.24,2025,FLOTILLA 
28845,JN8CT3MT2SW009443,2025-05-01,1283,706,766671.71,7110.24,2025,FLOTILLA 
28846,JN8CT3MT5SW008447,2025-05-01,1283,706,766671.71,7110.24,2025,FLOTILLA 
28847,JN8AT3MT6RW012492,2025-05-01,1681,706,461200.00,4074.70,2024,SEMINUEVOS 
28848,JN8AT3MT6RW014162,2025-05-01,2083,706,518900.00,4436.60,2024,SEMINUEVOS 
28849,JN8AT3MT4SW047876,2025-05-01,1681,706,586749.56,4820.35,2025,NUEVO 
28850,JN8CT3MT6SW009994,2025-05-01,1681,706,846752.06,7030.16,2025,NUEVO 
28851,JN8CT3MT8PW000298,2025-05-01,1681,706,543700.00,4803.59,2023,SEMINUEVOS 
28852,JN8CT3MT2SW009748,2025-05-01,1681,706,767736.00,438.04,2025,FLOTILLA 
28853,JN8CT3MT8SW009785,2025-05-01,1331,706,766691.71,3277.61,2025,FLOTILLA 
28854,JN8CT3MT8SW009365,2025-05-01,1331,706,766691.71,3277.61,2025,FLOTILLA 
28855,JN8CT3MT9SW009388,2025-05-01,1331,706,766691.71,898.73,2025,FLOTILLA 
28856,JN8CT3MT8SW009348,2025-05-01,1331,706,766691.71,898.73,2025,FLOTILLA 
28857,JN8CT3MT4SW009797,2025-05-01,1331,706,766691.71,898.73,2025,FLOTILLA 
28858,JN8BT27T3NW133842,2025-05-01,1385,706,295000.00,432.26,2022,SEMINUEVOS 
28859,JN8AT3MT7RW012436,2025-05-01,1568,706,548000.00,802.97,2024,SEMINUEVOS 
28860,JN8AT3MT1RW016403,2025-05-01,1568,706,548000.00,802.97,2024,SEMINUEVOS 
28861,JN8AT3MT5RW011950,2025-05-01,1524,706,558000.00,1635.25,2024,SEMINUEVOS 
28862,JN8CT3MTXSW009741,2025-05-01,1283,706,766691.71,3588.12,2025,FLOTILLA 
28863,JN8AT3MT3SW045679,2025-05-01,1283,706,621183.85,2543.75,2025,FLOTILLA 
28864,JN8CT3MTXSW009447,2025-05-01,1681,706,766671.71,2915.27,2025,FLOTILLA 
28865,JN8CT3MT3SW010049,2025-05-01,1705,706,766671.71,4036.53,2025,FLOTILLA 
28866,JN8BT27T1MW128802,2025-05-01,1681,706,326500.00,2578.53,2021,SEMINUEVOS 
28867,3HGRU5894LM000775,2025-05-01,1681,777,268200.00,588.77,2020,SEMINUEVOS 
28868,1HGRW1894KL912891,2025-06-01,,821,355300.00,1337.11,2019,SEMINUEVOS 
28869,1HGRW1894KL912891,2025-05-01,1681,821,355300.00,2256.38,2019,SEMINUEVOS 
28870,1HGRW1891KL910774,2025-05-01,1681,821,355300.00,501.42,2019,SEMINUEVOS 
28871,JE4LS51A2LZ008571,2025-05-01,2134,824,314200.00,1164.11,2020,SEMINUEVOS 
28872,3KPFC4AA8RE037513,2025-05-01,1681,831,255900.00,437.59,2024,SEMINUEVOS 
28873,MMEMC71X1LH005370,2025-06-01,,840,433800.00,1257.30,2020,SEMINUEVOS 
28874,MMEMC71X1LH005370,2025-05-01,2105,840,433800.00,3601.99,2020,SEMINUEVOS 
28875,TMCJB3UEXNJ044087,2025-06-01,,854,412500.00,3438.70,2022,SEMINUEVOS 
28876,TMCJB3UEXNJ044087,2025-05-01,1681,854,412500.00,3644.44,2022,SEMINUEVOS 
28877,MK2L6Y1Y1NN001302,2025-06-01,,860,231800.00,2037.91,2022,SEMINUEVOS 
28878,MK2L6Y1Y5PN004688,2025-05-01,2090,860,256900.00,1685.62,2023,SEMINUEVOS 
28879,LSJA36E90PZ110556,2025-06-01,,860,243500.00,541.65,2023,SEMINUEVOS 
28880,MK2L6Y1Y1NN001302,2025-05-01,1973,860,231800.00,339.65,2022,SEMINUEVOS 
28881,MK2L6Y1YXNN001069,2025-05-01,2131,860,231800.00,271.72,2022,SEMINUEVOS 
28882,MR2BF8C3XR0043066,2025-06-01,,909,246700.00,891.75,2024,SEMINUEVOS 
28883,VSSGC6KJ4MR107728,2025-06-01,,961,229400.00,1284.64,2021,SEMINUEVOS 
28884,MRHDG1847LP032867,2025-06-01,,963,231900.00,2038.79,2020,SEMINUEVOS 
28885,MRHDG1847LP032867,2025-05-01,1385,963,231900.00,203.88,2020,SEMINUEVOS 
28886,JM3KFACL1K0604606,2025-06-01,,968,214200.00,178.68,2019,SEMINUEVOS 
28887,JM3KFADL1R0384201,2025-06-01,,968,393500.00,1422.39,2024,SEMINUEVOS 
28888,MAJHP1P13MA206521,2025-06-01,,1064,143500.00,522.34,2021,SEMINUEVOS 
28889,9BD197571H3328674,2025-06-01,,1090,108100.00,63.36,2017,SEMINUEVOS 
28890,9BD197571H3328674,2025-05-01,2107,1090,108100.00,126.72,2017,SEMINUEVOS 
